path	sha256
CLAIMS.md	dc4574680fb7e93ba6b74c3245be395c895e87c8da8ce76410b1df8389993712
FAILED_ROUTES.md	1d8ee08401e50426d0e7034b7d2d6c98e184a6d6cf69a1ae801b6d1dbcd45b14
README.md	0e5e4d79de6fe7bd7377d00b3d872c2e8eee9185cd5a44de73f2be012abbbd1b
RESEARCH_PROTOCOL.md	b73d7b6aa29831ef19bd8df97664cb15d89dce94063c5d88f063d19ae70e02fc
RESEARCH_STATE.md	62737429ce5fcb388d0a3a300c8499e40c5d2ee77308b819d1aadd3e282f86b4
research/CODE_REGISTER.md	dbfd9c484d21217fe0fd74fab18cd0a6be50d2c3fab4a28c2740989b87777c8d
research/HISTORICAL_EDGE_CROSSWALK.md	e2d41061e82c5803028b56d9ff6f0404d319c58adfdeff256a077cb2606d609f
research/HYPERGRAPH.md	e57aa2ea7803edd96c433b9d50a83ca353136e0ac7351fd1e572657faf60f96f
research/LITERATURE.md	0ceff940368bf958be631ecc60a7e93d6b12e4c3c45eaf1a1c5853a6a17bfeb9
research/LOGIC_CONTRACTS.md	c1fe9e0998e5c41aaa55322e0ebcbcb305cc138dec2c2b93a8036c70d65d5b51
research/NOTATION_CONTRACT.md	fec56f8c93fcb5b6c1d40ec11a9574e96ba051347b594823a01e146a7faea71b
research/SOURCES.md	d1853a76aa0800e67676fc8c4295649acc69a7ff653da24bd35f30e58e9ae668
research/canonical/all_pairs_verifier.md	ee27ffcd3849bd0925581d922fb4804b36cc6ffc7be0cb0364064aa7beafb966
research/canonical/attouch_wets_fixed_input_thinness.md	23d28b8002081d29144de49899266297395744bb1e703540c158631f0404a901
research/canonical/c11_m1_literature_interfaces.md	50bb09d59b4db5a59d97b53fa49e244a01c22ce9d34bb98e8d36dcebf84df724
research/canonical/closed_graph_minty_domain.md	ba7680f9c3a5f89bc27b43ee2fa62eae7eeabfbb8457c4505c572c23f984993c
research/canonical/compact_t_observation.md	c591de9499eb85687792b98eca985f2077a32747ab5cf87db2776d1d602dbfdf
research/canonical/composite_subregularity.md	9a5d58a66bbf0e52c9880df03967725c25152d06030f0bd71d57bff3235f1b6e
research/canonical/example_atlas.md	6fa73fbfdda13021642a7148e4ce4635abc9c697abb8c3a0b5bfd778aa8a9808
research/canonical/finite_data_proxy.md	93a16762e079f756cd1081278e37b35f6e3ec85ea2664719df7f25df76517350
research/canonical/finite_fiber_classification.md	93f12c760e665e91845e8bd9119491a4b2252a6e337a8264cd507053895ccedb
research/canonical/finite_sample_collar.md	a6c9ba4d700410741fb6f7cb50834f3002182b78c626f0297b068859b59cb50f
research/canonical/full_fiber_coverage.md	2695c8ecdc2a64ac4f1d812376e61f62df40fcfe259cc833244a5feb47a0c591
research/canonical/gauge_dilation_boundary.md	a19e076997649de29bbf2f7c3f926fab39fabbfc97469978a1a72bce6e0af5b6
research/canonical/general_modulus_dynamics.md	165ed271f8647607a5ee9ed0912361eec31deafb9b994113c8dceb5d2780ffc2
research/canonical/global_shadow.md	8bf062b6b1dcd5b513c0e96d2d7a8613f2d22c719d56f96a3544a4a0555f5d24
research/canonical/holder_extension.md	082f8df8eb29bb86535e1638a75124abb9b8a97cde5d914344bffd67f5ba2aa1
research/canonical/isolated_zero_flatness.md	c16c04714149ff5c5d22078998da1c8c189d7b30d29fd5f87939045cf03f8931
research/canonical/local_range_without_supercriticality.md	a9d07e06ebd0b72d684bff7d0903466821700fcc65c26a194d365b80a93052e6
research/canonical/moving_anchor_reflection.md	12f46e632bf72c4e9a59b6c3dd9e172d103b5ad14a971cf2481a00aaa01fade7
research/canonical/named_branch_local.md	924312a3a3c5c539d14d5290f4040fdfa096dd89ef6368d53be0435ae7d6247a
research/canonical/non_tied_cayley.md	ab5b8a14d5bd09a51c2b9a2a254afcee9400ed749392cef72b4e4e6f5ccca334
research/canonical/nonisolated_alignment.md	6aa6b13a6feafac68f5aa39d523f8660c166c8ff1ee77f67cba34d3e403f0fb3
research/canonical/operator_profile_tools.md	6e2eb4076532393ffce9a6f98c884ebca8755278afdf5c91a3fb9420b0a3d63b
research/canonical/operator_space_construction_frontier.md	72592edfe256253454469ad581e0a7d3465a5df3d741bd18640f6ae392830b1b
research/canonical/parameter_dictionary.md	5eb30d2ac091727cb5ee43d131c8ab6e5490a5edc0626c98ef3407cdc669f966
research/canonical/path_atlas.md	2e11d8cd37e901305abba06a94ac6252645c1128f44a3f3dc8c23fa13d88009d
research/canonical/random_proximal.md	618b35d5ab99ce34fcdc984e7e8e66fb93e909f13f0aa8a44fc425f4e874ff43
research/canonical/residual_window_bridge.md	2c92f1e05d322c4d4cfef4d08f09dc3ec78317fc04a72e34674b85c57f7c187a
research/canonical/selection_geometric_cap.md	8454a1d1e5789d705aed8341e4229eb78cb45164904fc8e3a57243b06667d674
research/canonical/selection_geometric_sharpness.md	d2e04483036ae8e9a9bb344d9ff05e2d08882b709512c9efd143f8349731cb5d
research/canonical/selection_literature_boundaries.md	e192298f9d605194d75781301c67bc99db2d42389291c17c2af8423a7cd34235
research/canonical/selection_parameter_family.md	2b00c91d8f9e7cb7c8c37497ce9a19ac73c81f55efd3c848070f111362c2e80e
research/canonical/selection_primary_interfaces.md	faa55d6bfb2d5289336b1b2ff9ec44ae617618b9e87f78817f9abe91c234f725
research/canonical/selection_quasi_arithmetic_boundary.md	05e42826472979affd88e9b0f18a3a464e710b19817681913c7c1fa50c8d2899
research/canonical/selection_superlinear_family.md	da3342df933de25718964e8560d2abb30225c87ad22ea56231400b6a298b4e7e
research/canonical/selection_tangential_condition.md	18e3070962212bd6ad42b26619739b0163674e1dbaa43c2ffc6a7dc2badd75a9
research/canonical/selection_truncation_prior_tools.md	6c820dfa6e341c54c8548754227d3f98c80224af127173b0ddb69ab938929e40
research/canonical/sigma_compact_baire.md	c0ee46826d5d3ed4c8441fb0f6a9b8acbd0fbf6187f6da53fd338caed94f7eae
research/canonical/signed_schur_growth.md	a69ab8b89f045d6b903d1a6959a22e21f83677dcac5802eaed47e48329b42e6e
research/canonical/solution_selection_rates.md	25bdf95d9dd3c9e26cc6f9f61937acf0ddf6058608a2368ddc757ba60106c9fa
research/canonical/spingarn_author_definitions.md	59252450105e04ec37ec017b4c1d871cc9baf7803e3c9777138a94196870f132
research/canonical/topological_repair_obstructions.md	83f5e942a40adf66a280ae2d4d95c36c8c799548cab5a54c50dd703abfc863e3
research/canonical/uniform_holder_thinness.md	e22dd835a15104ca20d080baf3454dc9a9ee8540648f4d23bd21a13987ce5639
research/cone_markov.md	175f2622ee37bcce1f1baaa78cf31883749a5419f923dc7521399f8206dc1565
research/foundations.md	d854d7cc6dc9648d36a4e41dca496b134c2b480b36dbe881208784fe248bb003
research/graph.json	baf1f7e8a3102b6efef3a71c48aead1868f20b8a12ad4e38b003b8abb72f02ca
research/holder_structure.md	00e0712e2a73e386520644bdaca213a77992393c2ff267948bc4288a7c061bcb
research/operator_space.md	28825c9881973644745e909fdc961594fdeac39025261335b13a47d69b79d079
research/range_finite_data.md	22d019a1b9058783f4992744f92bfc05494830d067f4ea45a5749db5cc888fe1
research/rleb_ppa.md	f1e50c8797dfc0e85328dcce596a7174e01b77cdbe8b7af561bbc1406944eb7f
research/solution_selection.md	5c7edf4c83c8bd0d961f1c037a3c5002b5dcc3ddf32a0ceed47aee5d36e39f99
research/topics/composite_regular/README.md	92110d42098e1fda91a6ac71e790cc2e391f71dfb19009ba2ac4f7e371bd4347
research/topics/composite_regular/cusp_identification.md	1aa08975b6aebe39479f338f8679ca60f1be23f0c58a71dcc030b10d2659be68
research/topics/composite_regular/oscillating_target.md	48d79cfe0fe40518e7ad09bc625204e4993fdf3f0124e96a00effb67e73f89f1
research/topics/examples/README.md	c78f8d1b8651460ed8e93fa38024b2531bd1d0d131c141bb97eaa9b60a7d14bb
research/topics/examples/absolute_value_subgradient.md	eb8c97a3f629e2132f66c985996aabf002b415de217594050843e09f3c107da7
research/topics/examples/adjoint_volterra.md	43927913edb9715267415d32614b5b2edbdfa3bc43e8f739c4fe4c63b7de0426
research/topics/examples/arithmetic_geometric_mean.md	1538c6c2f6296bc80ed3e23bc3263059314740c070681a86f666906a42259682
research/topics/examples/ball_normal_cone.md	e78b604c7768b9c84f90b41bbbfc150c9ca3d1a5c3e60577c8bdfc11078c7f50
research/topics/examples/bounded_negative_identity.md	9c9589fe65219e5e05c5897a2e21499ff0867c79ead2d904990d89aeaa067b27
research/topics/examples/bounded_negative_square.md	8ef0960b1621857026ef5a2e354871935e5729096ce11b3c7bd618a0f928ecbd
research/topics/examples/bounded_square_minty.md	5550aba9e56fd9d06d6562ff13ab777eab4b755f80ac40076eef5cfba2aa7089
research/topics/examples/diagonal_spike_relation.md	1171cfdddd02dc79e162475fdb515350b636aff9be6f1feedb12c59b7b51c2f6
research/topics/examples/dr_tangency_transversality.md	3b6a6205c63459c56c93c2fec4e1f002c7be23de0c045fac7445c30a34fa6e8f
research/topics/examples/gx059_065_property_completion.md	707eeee225cb6e9e07300fcbd712b6a469132e249f5dfaf4713700c466b80c6a
research/topics/examples/hemiregular_piecewise_parabola.md	75f823bc825f5671da89bd4609ced5ded3267d8ea5ecb143882c3f66f79756b4
research/topics/examples/identity_square_branch_union.md	a9f4c206683fffd4da0cb6bcbec4f64e508d8a2760aef405580114fc509c79f9
research/topics/examples/isolated_pole_relation.md	a6be7dfaaebf4b965d4fa5f49be5bc40fe20a641752b72bb40e5085fc70e3014
research/topics/examples/negative_cubic_branch.md	1e22a76659b55eefd7d12eec435aa2fccd3240d1ef451b787b6acb4a3cc8eb0f
research/topics/examples/planar_rotation_family.md	482a6f64e9f59916ff149ecaebcc9f7afe338d200e1da67ce9a19035ea464fae
research/topics/examples/positive_sine_phase.md	0c2f99bdbb0c52de17a21b62bcf415052b60eb2e80290edb04e7669d386e77a9
research/topics/examples/product_splice.md	b82ca83c8a4dff4b8b03dc7046eb57c52e909bce46a7bd3eea15fc97159094ca
research/topics/examples/rational_irrational_staircase.md	3e41ffd3eb76eff1612820aace19af516e5de02c134993f99cb402f1fbcebf88
research/topics/examples/restricted_root_graph.md	99381192b1a87e27d413fd01abd74b23fc5b5b0f406e3f77a61bae8f4b871406
research/topics/examples/skew_ball_inverse.md	6025d830509623f924e77fcfe2153d85049e2be400435a43db263db79a26dc44
research/topics/examples/skew_compact_diagonal.md	dc603601ab9e75b3c53c1595c3ec71b89e829606f271ee4de40f233a46efa012
research/topics/examples/volterra_integration.md	1ef6cac8b9d27f7c4178aacbebc3b9c79e9cfd8961de8640735cab1ef9846cad
research/topics/path_dynamics/README.md	4590b26d7c79965d5ea41a5933256e949460eb664f68a79597fbd452678f7181
research/topics/path_dynamics/discrete_coverage.md	cdb731a92f4790445177fe712f015f5bc87534deeec18d360ae6897c1226a4b8
research/topics/path_dynamics/domain_escape.md	05ee777dcd900a1553ffebb87a26632f41bac8c83d1b8802407924db78ead421
research/topics/path_dynamics/m1_capture.md	e93f686f6eeaf83e6d81874f519b01f9db2464aa9ca1cbf6a50f69c1cc81245f
research/topics/path_dynamics/m1_sign_lift.md	4ebdbc3356bb2292ae4e99200ae793878e4064f58e5c5cce41c2f209f4249bf2
research/topics/path_dynamics/oscillatory_shear.md	a2802e02d553af707b5c53dbadb891b8845b54688c51a0aff558ee699259e2d4
research/topics/path_dynamics/power_shear.md	a1b1dcb3618c558bcca93c978930e10e1e073ce89da36495ed3bc2d67725062e
research/topics/random_markov/README.md	f78dd5d9e011795e9a9917e43979921acf9c92c7f5ccdef4fd7cfbf01266c728
research/topics/random_markov/compact_residual_boundaries.md	2ac88dc7b8d2ef392c62dd2525d729361d0e3fb440a315de691ce1b423273228
research/topics/random_markov/conditional_refresh.md	d5521589e2c99b599148b5c770bf09625d2fb842873f63f53832443816b19108
research/topics/random_markov/conditional_refresh_interfaces.md	b83beb7bd8a13fc719c52835bc91d7eeb925180fe353424e8709b6c6de94cc64
research/topics/random_markov/finite_state_certificate.md	d2a5e760fe84b65687b6fd5dd51e72bf40fab1b3a26913fbf8f29df2ec58ca3f
research/topics/random_markov/finite_state_completion.md	89b69963fb22c3b2676716ea062fee137133c8f395057c9e11de553e019ccd2b
research/topics/random_markov/lazy_cycle_ot.md	94eb8b57182980136027439471ce80d29c80e5956703b88750f1e6588ba03589
research/topics/random_markov/lazy_cycle_representations.md	5ee90fabf52b9ed54a832bdc8e91a268e9f288c9586aa07a1cb4212149830b61
research/topics/random_markov/moment_recoupling.md	fa84cec9f139b4c50f0c881cc35ea64a3603185ef08e4b096a4e174195388bee
research/topics/random_markov/one_bit_envelope.md	592ef18163529430551e30fd356ec59c696de1c14d253fb23b40ca349cac8ff2
research/topics/random_markov/proximal_selection_seam.md	8f911cc3a6faa8c4385a819457a8200f9946648e617000b5753be45dc6357cfe
research/topics/random_markov/scalar_moment_envelope.md	b3e9655265b5fcbb08b49af819a81045ce92bee0cad3ca6d980894114a1622d9
