canonical_file	lf_lines	sha256	review_extent
CLAIMS.md	1330	4ed563eb85c39bc9a5f1a9e3371073daf7fbbf8ee167fd947110b39b11e68851	96-file public interfaces; full direct-proof scopes separately in BLIND_FULL_READ
FAILED_ROUTES.md	291	b864dedeeb591c7f6851f9233ab37fdee69adf8ca742a2b3c784ce7e9b935c01	96-file public interfaces; full direct-proof scopes separately in BLIND_FULL_READ
README.md	231	3f30d059be3e0837b2e1e52294d5491fce1d0dda6150b70a88ee2ac54d755309	96-file public interfaces; full direct-proof scopes separately in BLIND_FULL_READ
RESEARCH_PROTOCOL.md	86	b73d7b6aa29831ef19bd8df97664cb15d89dce94063c5d88f063d19ae70e02fc	96-file public interfaces; full direct-proof scopes separately in BLIND_FULL_READ
RESEARCH_STATE.md	35	8cf27fdad5e52189d1d01f918738284d3b192448d8851f1179128051837b6b24	96-file public interfaces; full direct-proof scopes separately in BLIND_FULL_READ
research/CODE_REGISTER.md	24	dbfd9c484d21217fe0fd74fab18cd0a6be50d2c3fab4a28c2740989b87777c8d	96-file public interfaces; full direct-proof scopes separately in BLIND_FULL_READ
research/HISTORICAL_EDGE_CROSSWALK.md	43	e2d41061e82c5803028b56d9ff6f0404d319c58adfdeff256a077cb2606d609f	96-file public interfaces; full direct-proof scopes separately in BLIND_FULL_READ
research/HYPERGRAPH.md	398	e6fc30b0932de7a21a71220e54112cee6e66b9d9ef21d64a09f10e6c5c7aab5c	96-file public interfaces; full direct-proof scopes separately in BLIND_FULL_READ
research/LITERATURE.md	202	53daf68f7b16331730699ab6f4e4b5a09d6a7c2df5ce7b9ef3cf1f07dd9dbf4b	96-file public interfaces; full direct-proof scopes separately in BLIND_FULL_READ
research/LOGIC_CONTRACTS.md	378	35561fcd97fe2ce016182b784b874c2786b6026af63a9a796a4cd33e63856bb3	96-file public interfaces; full direct-proof scopes separately in BLIND_FULL_READ
research/NOTATION_CONTRACT.md	58	02ee4c8d1cf98568a88103a8beac26c84cf0a3a66899966f1db56f5165faf7af	96-file public interfaces; full direct-proof scopes separately in BLIND_FULL_READ
research/SOURCES.md	36	d1853a76aa0800e67676fc8c4295649acc69a7ff653da24bd35f30e58e9ae668	96-file public interfaces; full direct-proof scopes separately in BLIND_FULL_READ
research/canonical/all_pairs_verifier.md	49	ee27ffcd3849bd0925581d922fb4804b36cc6ffc7be0cb0364064aa7beafb966	96-file public interfaces; full direct-proof scopes separately in BLIND_FULL_READ
research/canonical/closed_graph_minty_domain.md	65	ba7680f9c3a5f89bc27b43ee2fa62eae7eeabfbb8457c4505c572c23f984993c	96-file public interfaces; full direct-proof scopes separately in BLIND_FULL_READ
research/canonical/compact_t_observation.md	55	c591de9499eb85687792b98eca985f2077a32747ab5cf87db2776d1d602dbfdf	96-file public interfaces; full direct-proof scopes separately in BLIND_FULL_READ
research/canonical/composite_subregularity.md	189	ea48c700de0e1ca08b290ae22340b71aed748d3e83415b532fe12d1c32b5b70e	96-file public interfaces; full direct-proof scopes separately in BLIND_FULL_READ
research/canonical/example_atlas.md	173	6fa73fbfdda13021642a7148e4ce4635abc9c697abb8c3a0b5bfd778aa8a9808	96-file public interfaces; full direct-proof scopes separately in BLIND_FULL_READ
research/canonical/finite_data_proxy.md	281	93a16762e079f756cd1081278e37b35f6e3ec85ea2664719df7f25df76517350	96-file public interfaces; full direct-proof scopes separately in BLIND_FULL_READ
research/canonical/finite_fiber_classification.md	381	93f12c760e665e91845e8bd9119491a4b2252a6e337a8264cd507053895ccedb	96-file public interfaces; full direct-proof scopes separately in BLIND_FULL_READ
research/canonical/finite_sample_collar.md	64	a6c9ba4d700410741fb6f7cb50834f3002182b78c626f0297b068859b59cb50f	96-file public interfaces; full direct-proof scopes separately in BLIND_FULL_READ
research/canonical/full_fiber_coverage.md	173	2695c8ecdc2a64ac4f1d812376e61f62df40fcfe259cc833244a5feb47a0c591	96-file public interfaces; full direct-proof scopes separately in BLIND_FULL_READ
research/canonical/general_modulus_dynamics.md	497	165ed271f8647607a5ee9ed0912361eec31deafb9b994113c8dceb5d2780ffc2	96-file public interfaces; full direct-proof scopes separately in BLIND_FULL_READ
research/canonical/global_shadow.md	315	8bf062b6b1dcd5b513c0e96d2d7a8613f2d22c719d56f96a3544a4a0555f5d24	96-file public interfaces; full direct-proof scopes separately in BLIND_FULL_READ
research/canonical/holder_extension.md	56	082f8df8eb29bb86535e1638a75124abb9b8a97cde5d914344bffd67f5ba2aa1	96-file public interfaces; full direct-proof scopes separately in BLIND_FULL_READ
research/canonical/isolated_zero_flatness.md	78	b2f979171bae93b67697bda95546148c8ee84132edca0622c56fc261ceb09d54	96-file public interfaces; full direct-proof scopes separately in BLIND_FULL_READ
research/canonical/local_range_without_supercriticality.md	128	89a811270d198e5e785b17888367da5117e71171d385e10032ff7f08e0001096	96-file public interfaces; full direct-proof scopes separately in BLIND_FULL_READ
research/canonical/moving_anchor_reflection.md	53	12f46e632bf72c4e9a59b6c3dd9e172d103b5ad14a971cf2481a00aaa01fade7	96-file public interfaces; full direct-proof scopes separately in BLIND_FULL_READ
research/canonical/named_branch_local.md	91	0652c61415636fb143127eb97c0bab1412329b311cb21dd63fd31a5ef9e6d31c	96-file public interfaces; full direct-proof scopes separately in BLIND_FULL_READ
research/canonical/non_tied_cayley.md	252	ab5b8a14d5bd09a51c2b9a2a254afcee9400ed749392cef72b4e4e6f5ccca334	96-file public interfaces; full direct-proof scopes separately in BLIND_FULL_READ
research/canonical/nonisolated_alignment.md	85	6aa6b13a6feafac68f5aa39d523f8660c166c8ff1ee77f67cba34d3e403f0fb3	96-file public interfaces; full direct-proof scopes separately in BLIND_FULL_READ
research/canonical/parameter_dictionary.md	263	5eb30d2ac091727cb5ee43d131c8ab6e5490a5edc0626c98ef3407cdc669f966	96-file public interfaces; full direct-proof scopes separately in BLIND_FULL_READ
research/canonical/path_atlas.md	87	3ea67d9645af847bc973bd2f0d57bb71d3c13b65684579e6a157e74384bd5e4b	96-file public interfaces; full direct-proof scopes separately in BLIND_FULL_READ
research/canonical/random_proximal.md	178	391f260719204f6f643a3a4129823ea75a6a41f01e3eeee2e88773f216859b93	96-file public interfaces; full direct-proof scopes separately in BLIND_FULL_READ
research/canonical/residual_window_bridge.md	43	2c92f1e05d322c4d4cfef4d08f09dc3ec78317fc04a72e34674b85c57f7c187a	96-file public interfaces; full direct-proof scopes separately in BLIND_FULL_READ
research/canonical/selection_geometric_cap.md	143	8454a1d1e5789d705aed8341e4229eb78cb45164904fc8e3a57243b06667d674	96-file public interfaces; full direct-proof scopes separately in BLIND_FULL_READ
research/canonical/selection_geometric_sharpness.md	87	d2e04483036ae8e9a9bb344d9ff05e2d08882b709512c9efd143f8349731cb5d	96-file public interfaces; full direct-proof scopes separately in BLIND_FULL_READ
research/canonical/selection_literature_boundaries.md	453	29dcd9dfd3444a32d1caf7f697dfb3736d3cf15514afcd57b6aae1b16677c323	96-file public interfaces; full direct-proof scopes separately in BLIND_FULL_READ
research/canonical/selection_parameter_family.md	154	2b00c91d8f9e7cb7c8c37497ce9a19ac73c81f55efd3c848070f111362c2e80e	96-file public interfaces; full direct-proof scopes separately in BLIND_FULL_READ
research/canonical/selection_superlinear_family.md	186	da3342df933de25718964e8560d2abb30225c87ad22ea56231400b6a298b4e7e	96-file public interfaces; full direct-proof scopes separately in BLIND_FULL_READ
research/canonical/selection_tangential_condition.md	84	18e3070962212bd6ad42b26619739b0163674e1dbaa43c2ffc6a7dc2badd75a9	96-file public interfaces; full direct-proof scopes separately in BLIND_FULL_READ
research/canonical/selection_truncation_prior_tools.md	174	78010046edbd9a7a152762289739addd0238714fcc5e30d359bd8fb7f557632e	96-file public interfaces; full direct-proof scopes separately in BLIND_FULL_READ
research/canonical/sigma_compact_baire.md	33	c0ee46826d5d3ed4c8441fb0f6a9b8acbd0fbf6187f6da53fd338caed94f7eae	96-file public interfaces; full direct-proof scopes separately in BLIND_FULL_READ
research/canonical/signed_schur_growth.md	645	f48d1523cd735df074bd00cf5c6b5c5f4257375448846d39c0a21799bdb43e98	96-file public interfaces; full direct-proof scopes separately in BLIND_FULL_READ
research/canonical/solution_selection_rates.md	522	dad881bd123c2960268abf79281eb13b28c9fc986a4bf53dc0d6f83358a6eebf	96-file public interfaces; full direct-proof scopes separately in BLIND_FULL_READ
research/canonical/spingarn_author_definitions.md	77	22b10721571e10554f34aa44efdb248d7f3788e588672f97d4b21c573a188ef5	96-file public interfaces; full direct-proof scopes separately in BLIND_FULL_READ
research/code/README.md	5	294bdb449bdbed37f0749a4dfdc84a2e247c60ebf0f81fa3cd93d20a9e0f7184	96-file public interfaces; full direct-proof scopes separately in BLIND_FULL_READ
research/cone_markov.md	175	175f2622ee37bcce1f1baaa78cf31883749a5419f923dc7521399f8206dc1565	96-file public interfaces; full direct-proof scopes separately in BLIND_FULL_READ
research/foundations.md	68	d854d7cc6dc9648d36a4e41dca496b134c2b480b36dbe881208784fe248bb003	96-file public interfaces; full direct-proof scopes separately in BLIND_FULL_READ
research/holder_structure.md	242	00e0712e2a73e386520644bdaca213a77992393c2ff267948bc4288a7c061bcb	96-file public interfaces; full direct-proof scopes separately in BLIND_FULL_READ
research/operator_space.md	265	308e9f1e55be6195a7b74bd46194310dcc72c2b48470dae720dee1ef5caa669c	96-file public interfaces; full direct-proof scopes separately in BLIND_FULL_READ
research/range_finite_data.md	132	22d019a1b9058783f4992744f92bfc05494830d067f4ea45a5749db5cc888fe1	96-file public interfaces; full direct-proof scopes separately in BLIND_FULL_READ
research/rleb_ppa.md	81	f1e50c8797dfc0e85328dcce596a7174e01b77cdbe8b7af561bbc1406944eb7f	96-file public interfaces; full direct-proof scopes separately in BLIND_FULL_READ
research/solution_selection.md	47	5c7edf4c83c8bd0d961f1c037a3c5002b5dcc3ddf32a0ceed47aee5d36e39f99	96-file public interfaces; full direct-proof scopes separately in BLIND_FULL_READ
research/topics/composite_regular/README.md	11	fbd339b64f26d4362fb6da6c71a3211f5b4896163590e9dddff63f4955a44c0a	96-file public interfaces; full direct-proof scopes separately in BLIND_FULL_READ
research/topics/composite_regular/cusp_identification.md	51	1aa08975b6aebe39479f338f8679ca60f1be23f0c58a71dcc030b10d2659be68	96-file public interfaces; full direct-proof scopes separately in BLIND_FULL_READ
research/topics/composite_regular/oscillating_target.md	38	48d79cfe0fe40518e7ad09bc625204e4993fdf3f0124e96a00effb67e73f89f1	96-file public interfaces; full direct-proof scopes separately in BLIND_FULL_READ
research/topics/examples/README.md	23	33f2ca543c8498b3cfd0a0e41a1ac2f332e19a98dd2cf9ab6b47c00930ef6c5c	96-file public interfaces; full direct-proof scopes separately in BLIND_FULL_READ
research/topics/examples/absolute_value_subgradient.md	90	eb8c97a3f629e2132f66c985996aabf002b415de217594050843e09f3c107da7	96-file public interfaces; full direct-proof scopes separately in BLIND_FULL_READ
research/topics/examples/adjoint_volterra.md	86	43927913edb9715267415d32614b5b2edbdfa3bc43e8f739c4fe4c63b7de0426	96-file public interfaces; full direct-proof scopes separately in BLIND_FULL_READ
research/topics/examples/arithmetic_geometric_mean.md	339	1538c6c2f6296bc80ed3e23bc3263059314740c070681a86f666906a42259682	96-file public interfaces; full direct-proof scopes separately in BLIND_FULL_READ
research/topics/examples/ball_normal_cone.md	59	e78b604c7768b9c84f90b41bbbfc150c9ca3d1a5c3e60577c8bdfc11078c7f50	96-file public interfaces; full direct-proof scopes separately in BLIND_FULL_READ
research/topics/examples/bounded_negative_identity.md	51	9c9589fe65219e5e05c5897a2e21499ff0867c79ead2d904990d89aeaa067b27	96-file public interfaces; full direct-proof scopes separately in BLIND_FULL_READ
research/topics/examples/bounded_negative_square.md	174	6858051c25579c84b7daae4a04bb24909795e4ee6dfa9d6de5ae558e72c251ae	96-file public interfaces; full direct-proof scopes separately in BLIND_FULL_READ
research/topics/examples/bounded_square_minty.md	110	5550aba9e56fd9d06d6562ff13ab777eab4b755f80ac40076eef5cfba2aa7089	96-file public interfaces; full direct-proof scopes separately in BLIND_FULL_READ
research/topics/examples/diagonal_spike_relation.md	271	1171cfdddd02dc79e162475fdb515350b636aff9be6f1feedb12c59b7b51c2f6	96-file public interfaces; full direct-proof scopes separately in BLIND_FULL_READ
research/topics/examples/dr_tangency_transversality.md	69	3b6a6205c63459c56c93c2fec4e1f002c7be23de0c045fac7445c30a34fa6e8f	96-file public interfaces; full direct-proof scopes separately in BLIND_FULL_READ
research/topics/examples/gx059_065_property_completion.md	129	707eeee225cb6e9e07300fcbd712b6a469132e249f5dfaf4713700c466b80c6a	96-file public interfaces; full direct-proof scopes separately in BLIND_FULL_READ
research/topics/examples/hemiregular_piecewise_parabola.md	99	75f823bc825f5671da89bd4609ced5ded3267d8ea5ecb143882c3f66f79756b4	96-file public interfaces; full direct-proof scopes separately in BLIND_FULL_READ
research/topics/examples/identity_square_branch_union.md	141	a9f4c206683fffd4da0cb6bcbec4f64e508d8a2760aef405580114fc509c79f9	96-file public interfaces; full direct-proof scopes separately in BLIND_FULL_READ
research/topics/examples/isolated_pole_relation.md	236	a6be7dfaaebf4b965d4fa5f49be5bc40fe20a641752b72bb40e5085fc70e3014	96-file public interfaces; full direct-proof scopes separately in BLIND_FULL_READ
research/topics/examples/negative_cubic_branch.md	146	1e22a76659b55eefd7d12eec435aa2fccd3240d1ef451b787b6acb4a3cc8eb0f	96-file public interfaces; full direct-proof scopes separately in BLIND_FULL_READ
research/topics/examples/planar_rotation_family.md	126	482a6f64e9f59916ff149ecaebcc9f7afe338d200e1da67ce9a19035ea464fae	96-file public interfaces; full direct-proof scopes separately in BLIND_FULL_READ
research/topics/examples/positive_sine_phase.md	113	0c2f99bdbb0c52de17a21b62bcf415052b60eb2e80290edb04e7669d386e77a9	96-file public interfaces; full direct-proof scopes separately in BLIND_FULL_READ
research/topics/examples/product_splice.md	321	b82ca83c8a4dff4b8b03dc7046eb57c52e909bce46a7bd3eea15fc97159094ca	96-file public interfaces; full direct-proof scopes separately in BLIND_FULL_READ
research/topics/examples/rational_irrational_staircase.md	327	3e41ffd3eb76eff1612820aace19af516e5de02c134993f99cb402f1fbcebf88	96-file public interfaces; full direct-proof scopes separately in BLIND_FULL_READ
research/topics/examples/restricted_root_graph.md	106	99381192b1a87e27d413fd01abd74b23fc5b5b0f406e3f77a61bae8f4b871406	96-file public interfaces; full direct-proof scopes separately in BLIND_FULL_READ
research/topics/examples/skew_ball_inverse.md	139	6025d830509623f924e77fcfe2153d85049e2be400435a43db263db79a26dc44	96-file public interfaces; full direct-proof scopes separately in BLIND_FULL_READ
research/topics/examples/skew_compact_diagonal.md	100	dc603601ab9e75b3c53c1595c3ec71b89e829606f271ee4de40f233a46efa012	96-file public interfaces; full direct-proof scopes separately in BLIND_FULL_READ
research/topics/examples/volterra_integration.md	142	1ef6cac8b9d27f7c4178aacbebc3b9c79e9cfd8961de8640735cab1ef9846cad	96-file public interfaces; full direct-proof scopes separately in BLIND_FULL_READ
research/topics/path_dynamics/README.md	19	369888ea0f8ad290fa6ac3b984908f98b015c245ad513cf9a0cdd513bc00573c	96-file public interfaces; full direct-proof scopes separately in BLIND_FULL_READ
research/topics/path_dynamics/discrete_coverage.md	27	cdb731a92f4790445177fe712f015f5bc87534deeec18d360ae6897c1226a4b8	96-file public interfaces; full direct-proof scopes separately in BLIND_FULL_READ
research/topics/path_dynamics/domain_escape.md	59	05ee777dcd900a1553ffebb87a26632f41bac8c83d1b8802407924db78ead421	96-file public interfaces; full direct-proof scopes separately in BLIND_FULL_READ
research/topics/path_dynamics/m1_capture.md	105	e93f686f6eeaf83e6d81874f519b01f9db2464aa9ca1cbf6a50f69c1cc81245f	96-file public interfaces; full direct-proof scopes separately in BLIND_FULL_READ
research/topics/path_dynamics/m1_sign_lift.md	133	1fcdb0aaf59c243a56eb4d53780a95d7963a886e8ea76e57ab837f3b567e3e50	96-file public interfaces; full direct-proof scopes separately in BLIND_FULL_READ
research/topics/path_dynamics/oscillatory_shear.md	65	a2802e02d553af707b5c53dbadb891b8845b54688c51a0aff558ee699259e2d4	96-file public interfaces; full direct-proof scopes separately in BLIND_FULL_READ
research/topics/path_dynamics/power_shear.md	52	a1b1dcb3618c558bcca93c978930e10e1e073ce89da36495ed3bc2d67725062e	96-file public interfaces; full direct-proof scopes separately in BLIND_FULL_READ
research/topics/random_markov/README.md	23	d942ec221bbe5c1da095c7e4dd16871a2e96fdcbfeb4f0fef2fca85a51293393	96-file public interfaces; full direct-proof scopes separately in BLIND_FULL_READ
research/topics/random_markov/compact_residual_boundaries.md	595	2ac88dc7b8d2ef392c62dd2525d729361d0e3fb440a315de691ce1b423273228	96-file public interfaces; full direct-proof scopes separately in BLIND_FULL_READ
research/topics/random_markov/conditional_refresh.md	203	d5521589e2c99b599148b5c770bf09625d2fb842873f63f53832443816b19108	96-file public interfaces; full direct-proof scopes separately in BLIND_FULL_READ
research/topics/random_markov/finite_state_certificate.md	197	dd226b145f630b4207f879d20a6f041c0a9aa2f45644b56a1bdb3b5a934fa2ba	96-file public interfaces; full direct-proof scopes separately in BLIND_FULL_READ
research/topics/random_markov/lazy_cycle_ot.md	96	94eb8b57182980136027439471ce80d29c80e5956703b88750f1e6588ba03589	96-file public interfaces; full direct-proof scopes separately in BLIND_FULL_READ
research/topics/random_markov/lazy_cycle_representations.md	99	5ee90fabf52b9ed54a832bdc8e91a268e9f288c9586aa07a1cb4212149830b61	96-file public interfaces; full direct-proof scopes separately in BLIND_FULL_READ
research/topics/random_markov/moment_recoupling.md	64	fa84cec9f139b4c50f0c881cc35ea64a3603185ef08e4b096a4e174195388bee	96-file public interfaces; full direct-proof scopes separately in BLIND_FULL_READ
research/topics/random_markov/one_bit_envelope.md	219	592ef18163529430551e30fd356ec59c696de1c14d253fb23b40ca349cac8ff2	96-file public interfaces; full direct-proof scopes separately in BLIND_FULL_READ
research/topics/random_markov/proximal_selection_seam.md	133	8f911cc3a6faa8c4385a819457a8200f9946648e617000b5753be45dc6357cfe	96-file public interfaces; full direct-proof scopes separately in BLIND_FULL_READ
research/topics/random_markov/scalar_moment_envelope.md	112	b3e9655265b5fcbb08b49af819a81045ce92bee0cad3ca6d980894114a1622d9	96-file public interfaces; full direct-proof scopes separately in BLIND_FULL_READ
