receiver	canonical_file	reviewed_lf_lines	reviewed_sha256	final_sha256	read_extent	mathematical_scope	snapshot_note
blank_local_full	research/rleb_ppa.md	81	3db539571d743aaea6f80d84b270e74a294b22b8019dff0a0a81f0ff23a5594c	f1e50c8797dfc0e85328dcce596a7174e01b77cdbe8b7af561bbc1406944eb7f	full-text	全部本组derived-checked直接证明；导航页非独立证明；外部/来源/candidate/open按回执除外	首次全文之后补能量前件/初值门；最终空白协调接收另核修补
blank_local_full	research/solution_selection.md	47	5c7edf4c83c8bd0d961f1c037a3c5002b5dcc3ddf32a0ceed47aee5d36e39f99	5c7edf4c83c8bd0d961f1c037a3c5002b5dcc3ddf32a0ceed47aee5d36e39f99	full-text	全部本组derived-checked直接证明；导航页非独立证明；外部/来源/candidate/open按回执除外	首次全文版本与本表最终hash一致
blank_local_full	research/canonical/all_pairs_verifier.md	49	ee27ffcd3849bd0925581d922fb4804b36cc6ffc7be0cb0364064aa7beafb966	ee27ffcd3849bd0925581d922fb4804b36cc6ffc7be0cb0364064aa7beafb966	full-text	全部本组derived-checked直接证明；导航页非独立证明；外部/来源/candidate/open按回执除外	首次全文版本与本表最终hash一致
blank_local_full	research/canonical/named_branch_local.md	91	0652c61415636fb143127eb97c0bab1412329b311cb21dd63fd31a5ef9e6d31c	0652c61415636fb143127eb97c0bab1412329b311cb21dd63fd31a5ef9e6d31c	full-text	全部本组derived-checked直接证明；导航页非独立证明；外部/来源/candidate/open按回执除外	首次全文版本与本表最终hash一致
blank_local_full	research/canonical/residual_window_bridge.md	43	2c92f1e05d322c4d4cfef4d08f09dc3ec78317fc04a72e34674b85c57f7c187a	2c92f1e05d322c4d4cfef4d08f09dc3ec78317fc04a72e34674b85c57f7c187a	full-text	全部本组derived-checked直接证明；导航页非独立证明；外部/来源/candidate/open按回执除外	首次全文版本与本表最终hash一致
blank_local_full	research/canonical/moving_anchor_reflection.md	53	12f46e632bf72c4e9a59b6c3dd9e172d103b5ad14a971cf2481a00aaa01fade7	12f46e632bf72c4e9a59b6c3dd9e172d103b5ad14a971cf2481a00aaa01fade7	full-text	全部本组derived-checked直接证明；导航页非独立证明；外部/来源/candidate/open按回执除外	首次全文版本与本表最终hash一致
blank_local_full	research/canonical/nonisolated_alignment.md	85	6aa6b13a6feafac68f5aa39d523f8660c166c8ff1ee77f67cba34d3e403f0fb3	6aa6b13a6feafac68f5aa39d523f8660c166c8ff1ee77f67cba34d3e403f0fb3	full-text	全部本组derived-checked直接证明；导航页非独立证明；外部/来源/candidate/open按回执除外	首次全文版本与本表最终hash一致
blank_local_full	research/canonical/general_modulus_dynamics.md	497	165ed271f8647607a5ee9ed0912361eec31deafb9b994113c8dceb5d2780ffc2	165ed271f8647607a5ee9ed0912361eec31deafb9b994113c8dceb5d2780ffc2	full-text	全部本组derived-checked直接证明；导航页非独立证明；外部/来源/candidate/open按回执除外	首次全文版本与本表最终hash一致
blank_local_full	research/canonical/solution_selection_rates.md	522	dad881bd123c2960268abf79281eb13b28c9fc986a4bf53dc0d6f83358a6eebf	dad881bd123c2960268abf79281eb13b28c9fc986a4bf53dc0d6f83358a6eebf	full-text	全部本组derived-checked直接证明；导航页非独立证明；外部/来源/candidate/open按回执除外	首次全文版本与本表最终hash一致
blank_local_full	research/canonical/selection_geometric_cap.md	143	8454a1d1e5789d705aed8341e4229eb78cb45164904fc8e3a57243b06667d674	8454a1d1e5789d705aed8341e4229eb78cb45164904fc8e3a57243b06667d674	full-text	全部本组derived-checked直接证明；导航页非独立证明；外部/来源/candidate/open按回执除外	首次全文版本与本表最终hash一致
blank_local_full	research/canonical/selection_geometric_sharpness.md	87	d2e04483036ae8e9a9bb344d9ff05e2d08882b709512c9efd143f8349731cb5d	d2e04483036ae8e9a9bb344d9ff05e2d08882b709512c9efd143f8349731cb5d	full-text	全部本组derived-checked直接证明；导航页非独立证明；外部/来源/candidate/open按回执除外	首次全文版本与本表最终hash一致
blank_local_full	research/canonical/selection_parameter_family.md	154	2b00c91d8f9e7cb7c8c37497ce9a19ac73c81f55efd3c848070f111362c2e80e	2b00c91d8f9e7cb7c8c37497ce9a19ac73c81f55efd3c848070f111362c2e80e	full-text	全部本组derived-checked直接证明；导航页非独立证明；外部/来源/candidate/open按回执除外	首次全文版本与本表最终hash一致
blank_local_full	research/canonical/selection_superlinear_family.md	186	da3342df933de25718964e8560d2abb30225c87ad22ea56231400b6a298b4e7e	da3342df933de25718964e8560d2abb30225c87ad22ea56231400b6a298b4e7e	full-text	全部本组derived-checked直接证明；导航页非独立证明；外部/来源/candidate/open按回执除外	首次全文版本与本表最终hash一致
blank_local_full	research/canonical/selection_tangential_condition.md	84	18e3070962212bd6ad42b26619739b0163674e1dbaa43c2ffc6a7dc2badd75a9	18e3070962212bd6ad42b26619739b0163674e1dbaa43c2ffc6a7dc2badd75a9	full-text	全部本组derived-checked直接证明；导航页非独立证明；外部/来源/candidate/open按回执除外	首次全文版本与本表最终hash一致
blank_structure_full	research/holder_structure.md	242	00e0712e2a73e386520644bdaca213a77992393c2ff267948bc4288a7c061bcb	00e0712e2a73e386520644bdaca213a77992393c2ff267948bc4288a7c061bcb	full-text	全部本组derived-checked直接证明；导航页非独立证明；外部/来源/candidate/open按回执除外	首次全文版本与本表最终hash一致
blank_structure_full	research/range_finite_data.md	132	c2ebcccf3f538aedb44f75c2b89b25d1265d515bb5702ba2a69b94fe4c6334e6	22d019a1b9058783f4992744f92bfc05494830d067f4ea45a5749db5cc888fe1	full-text	全部本组derived-checked直接证明；导航页非独立证明；外部/来源/candidate/open按回执除外	首次全文之后同步三个覆盖导航状态；最终空白协调接收另核修补
blank_structure_full	research/canonical/holder_extension.md	56	082f8df8eb29bb86535e1638a75124abb9b8a97cde5d914344bffd67f5ba2aa1	082f8df8eb29bb86535e1638a75124abb9b8a97cde5d914344bffd67f5ba2aa1	full-text	全部本组derived-checked直接证明；导航页非独立证明；外部/来源/candidate/open按回执除外	首次全文版本与本表最终hash一致
blank_structure_full	research/canonical/global_shadow.md	315	8bf062b6b1dcd5b513c0e96d2d7a8613f2d22c719d56f96a3544a4a0555f5d24	8bf062b6b1dcd5b513c0e96d2d7a8613f2d22c719d56f96a3544a4a0555f5d24	full-text	全部本组derived-checked直接证明；导航页非独立证明；外部/来源/candidate/open按回执除外	首次全文版本与本表最终hash一致
blank_structure_full	research/canonical/finite_fiber_classification.md	381	93f12c760e665e91845e8bd9119491a4b2252a6e337a8264cd507053895ccedb	93f12c760e665e91845e8bd9119491a4b2252a6e337a8264cd507053895ccedb	full-text	全部本组derived-checked直接证明；导航页非独立证明；外部/来源/candidate/open按回执除外	首次全文版本与本表最终hash一致
blank_structure_full	research/canonical/full_fiber_coverage.md	173	2695c8ecdc2a64ac4f1d812376e61f62df40fcfe259cc833244a5feb47a0c591	2695c8ecdc2a64ac4f1d812376e61f62df40fcfe259cc833244a5feb47a0c591	full-text	全部本组derived-checked直接证明；导航页非独立证明；外部/来源/candidate/open按回执除外	首次全文版本与本表最终hash一致
blank_structure_full	research/canonical/finite_data_proxy.md	281	93a16762e079f756cd1081278e37b35f6e3ec85ea2664719df7f25df76517350	93a16762e079f756cd1081278e37b35f6e3ec85ea2664719df7f25df76517350	full-text	全部本组derived-checked直接证明；导航页非独立证明；外部/来源/candidate/open按回执除外	首次全文版本与本表最终hash一致
blank_structure_full	research/canonical/finite_sample_collar.md	64	a6c9ba4d700410741fb6f7cb50834f3002182b78c626f0297b068859b59cb50f	a6c9ba4d700410741fb6f7cb50834f3002182b78c626f0297b068859b59cb50f	full-text	全部本组derived-checked直接证明；导航页非独立证明；外部/来源/candidate/open按回执除外	首次全文版本与本表最终hash一致
blank_structure_full	research/canonical/local_range_without_supercriticality.md	128	89a811270d198e5e785b17888367da5117e71171d385e10032ff7f08e0001096	89a811270d198e5e785b17888367da5117e71171d385e10032ff7f08e0001096	full-text	全部本组derived-checked直接证明；导航页非独立证明；外部/来源/candidate/open按回执除外	首次全文版本与本表最终hash一致
blank_structure_full	research/canonical/closed_graph_minty_domain.md	65	ba7680f9c3a5f89bc27b43ee2fa62eae7eeabfbb8457c4505c572c23f984993c	ba7680f9c3a5f89bc27b43ee2fa62eae7eeabfbb8457c4505c572c23f984993c	full-text	全部本组derived-checked直接证明；导航页非独立证明；外部/来源/candidate/open按回执除外	首次全文版本与本表最终hash一致
blank_structure_full	research/canonical/non_tied_cayley.md	252	ab5b8a14d5bd09a51c2b9a2a254afcee9400ed749392cef72b4e4e6f5ccca334	ab5b8a14d5bd09a51c2b9a2a254afcee9400ed749392cef72b4e4e6f5ccca334	full-text	全部本组derived-checked直接证明；导航页非独立证明；外部/来源/candidate/open按回执除外	首次全文版本与本表最终hash一致
blank_operator_path_full	research/operator_space.md	265	308e9f1e55be6195a7b74bd46194310dcc72c2b48470dae720dee1ef5caa669c	308e9f1e55be6195a7b74bd46194310dcc72c2b48470dae720dee1ef5caa669c	full-text	全部本组derived-checked直接证明；导航页非独立证明；外部/来源/candidate/open按回执除外	首次全文版本与本表最终hash一致
blank_operator_path_full	research/canonical/compact_t_observation.md	55	c591de9499eb85687792b98eca985f2077a32747ab5cf87db2776d1d602dbfdf	c591de9499eb85687792b98eca985f2077a32747ab5cf87db2776d1d602dbfdf	full-text	全部本组derived-checked直接证明；导航页非独立证明；外部/来源/candidate/open按回执除外	首次全文版本与本表最终hash一致
blank_operator_path_full	research/canonical/sigma_compact_baire.md	33	c0ee46826d5d3ed4c8441fb0f6a9b8acbd0fbf6187f6da53fd338caed94f7eae	c0ee46826d5d3ed4c8441fb0f6a9b8acbd0fbf6187f6da53fd338caed94f7eae	full-text	全部本组derived-checked直接证明；导航页非独立证明；外部/来源/candidate/open按回执除外	首次全文版本与本表最终hash一致
blank_operator_path_full	research/canonical/signed_schur_growth.md	645	f48d1523cd735df074bd00cf5c6b5c5f4257375448846d39c0a21799bdb43e98	f48d1523cd735df074bd00cf5c6b5c5f4257375448846d39c0a21799bdb43e98	full-text	全部本组derived-checked直接证明；导航页非独立证明；外部/来源/candidate/open按回执除外	首次全文版本与本表最终hash一致
blank_operator_path_full	research/canonical/isolated_zero_flatness.md	78	b2f979171bae93b67697bda95546148c8ee84132edca0622c56fc261ceb09d54	b2f979171bae93b67697bda95546148c8ee84132edca0622c56fc261ceb09d54	full-text	全部本组derived-checked直接证明；导航页非独立证明；外部/来源/candidate/open按回执除外	首次全文版本与本表最终hash一致
blank_operator_path_full	research/canonical/path_atlas.md	87	660bf04785234946f3b561497acfbc0615ae84104e777340510dcb9bf350b56c	3ea67d9645af847bc973bd2f0d57bb71d3c13b65684579e6a157e74384bd5e4b	full-text	全部本组derived-checked直接证明；导航页非独立证明；外部/来源/candidate/open按回执除外	全文数学证明后只更新来源/文献边界链接和状态；公式与定理前件未改，总协调另核新入口
blank_operator_path_full	research/canonical/composite_subregularity.md	189	de60c2136969c99dcfbdf80f0709b3e6f9d00e67c35abc3d5561f1790054e838	ea48c700de0e1ca08b290ae22340b71aed748d3e83415b532fe12d1c32b5b70e	full-text	全部本组derived-checked直接证明；导航页非独立证明；外部/来源/candidate/open按回执除外	全文数学证明后只更新来源/文献边界链接和状态；公式与定理前件未改，总协调另核新入口
blank_operator_path_full	research/topics/path_dynamics/README.md	19	369888ea0f8ad290fa6ac3b984908f98b015c245ad513cf9a0cdd513bc00573c	369888ea0f8ad290fa6ac3b984908f98b015c245ad513cf9a0cdd513bc00573c	full-text	全部本组derived-checked直接证明；导航页非独立证明；外部/来源/candidate/open按回执除外	首次全文版本与本表最终hash一致
blank_operator_path_full	research/topics/path_dynamics/discrete_coverage.md	27	cdb731a92f4790445177fe712f015f5bc87534deeec18d360ae6897c1226a4b8	cdb731a92f4790445177fe712f015f5bc87534deeec18d360ae6897c1226a4b8	full-text	全部本组derived-checked直接证明；导航页非独立证明；外部/来源/candidate/open按回执除外	首次全文版本与本表最终hash一致
blank_operator_path_full	research/topics/path_dynamics/domain_escape.md	59	05ee777dcd900a1553ffebb87a26632f41bac8c83d1b8802407924db78ead421	05ee777dcd900a1553ffebb87a26632f41bac8c83d1b8802407924db78ead421	full-text	全部本组derived-checked直接证明；导航页非独立证明；外部/来源/candidate/open按回执除外	首次全文后修补零集推理，同一接收者定点复核；该次不称新空白
blank_operator_path_full	research/topics/path_dynamics/m1_capture.md	105	e93f686f6eeaf83e6d81874f519b01f9db2464aa9ca1cbf6a50f69c1cc81245f	e93f686f6eeaf83e6d81874f519b01f9db2464aa9ca1cbf6a50f69c1cc81245f	full-text	全部本组derived-checked直接证明；导航页非独立证明；外部/来源/candidate/open按回执除外	首次全文版本与本表最终hash一致
blank_operator_path_full	research/topics/path_dynamics/m1_sign_lift.md	133	1fcdb0aaf59c243a56eb4d53780a95d7963a886e8ea76e57ab837f3b567e3e50	1fcdb0aaf59c243a56eb4d53780a95d7963a886e8ea76e57ab837f3b567e3e50	full-text	全部本组derived-checked直接证明；导航页非独立证明；外部/来源/candidate/open按回执除外	首次全文版本与本表最终hash一致
blank_operator_path_full	research/topics/path_dynamics/oscillatory_shear.md	65	a2802e02d553af707b5c53dbadb891b8845b54688c51a0aff558ee699259e2d4	a2802e02d553af707b5c53dbadb891b8845b54688c51a0aff558ee699259e2d4	full-text	全部本组derived-checked直接证明；导航页非独立证明；外部/来源/candidate/open按回执除外	首次全文版本与本表最终hash一致
blank_operator_path_full	research/topics/path_dynamics/power_shear.md	52	a1b1dcb3618c558bcca93c978930e10e1e073ce89da36495ed3bc2d67725062e	a1b1dcb3618c558bcca93c978930e10e1e073ce89da36495ed3bc2d67725062e	full-text	全部本组derived-checked直接证明；导航页非独立证明；外部/来源/candidate/open按回执除外	首次全文版本与本表最终hash一致
blank_operator_path_full	research/topics/composite_regular/README.md	11	fbd339b64f26d4362fb6da6c71a3211f5b4896163590e9dddff63f4955a44c0a	fbd339b64f26d4362fb6da6c71a3211f5b4896163590e9dddff63f4955a44c0a	full-text	全部本组derived-checked直接证明；导航页非独立证明；外部/来源/candidate/open按回执除外	首次全文版本与本表最终hash一致
blank_operator_path_full	research/topics/composite_regular/cusp_identification.md	51	1aa08975b6aebe39479f338f8679ca60f1be23f0c58a71dcc030b10d2659be68	1aa08975b6aebe39479f338f8679ca60f1be23f0c58a71dcc030b10d2659be68	full-text	全部本组derived-checked直接证明；导航页非独立证明；外部/来源/candidate/open按回执除外	首次全文版本与本表最终hash一致
blank_operator_path_full	research/topics/composite_regular/oscillating_target.md	38	48d79cfe0fe40518e7ad09bc625204e4993fdf3f0124e96a00effb67e73f89f1	48d79cfe0fe40518e7ad09bc625204e4993fdf3f0124e96a00effb67e73f89f1	full-text	全部本组derived-checked直接证明；导航页非独立证明；外部/来源/candidate/open按回执除外	首次全文版本与本表最终hash一致
blank_random_full	research/cone_markov.md	175	175f2622ee37bcce1f1baaa78cf31883749a5419f923dc7521399f8206dc1565	175f2622ee37bcce1f1baaa78cf31883749a5419f923dc7521399f8206dc1565	full-text	全部本组derived-checked直接证明；导航页非独立证明；外部/来源/candidate/open按回执除外	首次全文版本与本表最终hash一致
blank_random_full	research/canonical/random_proximal.md	178	391f260719204f6f643a3a4129823ea75a6a41f01e3eeee2e88773f216859b93	391f260719204f6f643a3a4129823ea75a6a41f01e3eeee2e88773f216859b93	full-text	全部本组derived-checked直接证明；导航页非独立证明；外部/来源/candidate/open按回执除外	首次全文版本与本表最终hash一致
blank_random_full	research/topics/random_markov/README.md	23	d942ec221bbe5c1da095c7e4dd16871a2e96fdcbfeb4f0fef2fca85a51293393	d942ec221bbe5c1da095c7e4dd16871a2e96fdcbfeb4f0fef2fca85a51293393	full-text	全部本组derived-checked直接证明；导航页非独立证明；外部/来源/candidate/open按回执除外	首次全文版本与本表最终hash一致
blank_random_full	research/topics/random_markov/compact_residual_boundaries.md	595	2ac88dc7b8d2ef392c62dd2525d729361d0e3fb440a315de691ce1b423273228	2ac88dc7b8d2ef392c62dd2525d729361d0e3fb440a315de691ce1b423273228	full-text	全部本组derived-checked直接证明；导航页非独立证明；外部/来源/candidate/open按回执除外	首次全文版本与本表最终hash一致
blank_random_full	research/topics/random_markov/conditional_refresh.md	203	d5521589e2c99b599148b5c770bf09625d2fb842873f63f53832443816b19108	d5521589e2c99b599148b5c770bf09625d2fb842873f63f53832443816b19108	full-text	全部本组derived-checked直接证明；导航页非独立证明；外部/来源/candidate/open按回执除外	首次全文版本与本表最终hash一致
blank_random_full	research/topics/random_markov/finite_state_certificate.md	197	dd226b145f630b4207f879d20a6f041c0a9aa2f45644b56a1bdb3b5a934fa2ba	dd226b145f630b4207f879d20a6f041c0a9aa2f45644b56a1bdb3b5a934fa2ba	full-text	全部本组derived-checked直接证明；导航页非独立证明；外部/来源/candidate/open按回执除外	首次全文版本与本表最终hash一致
blank_random_full	research/topics/random_markov/lazy_cycle_ot.md	96	94eb8b57182980136027439471ce80d29c80e5956703b88750f1e6588ba03589	94eb8b57182980136027439471ce80d29c80e5956703b88750f1e6588ba03589	full-text	全部本组derived-checked直接证明；导航页非独立证明；外部/来源/candidate/open按回执除外	首次全文版本与本表最终hash一致
blank_random_full	research/topics/random_markov/lazy_cycle_representations.md	99	5ee90fabf52b9ed54a832bdc8e91a268e9f288c9586aa07a1cb4212149830b61	5ee90fabf52b9ed54a832bdc8e91a268e9f288c9586aa07a1cb4212149830b61	full-text	全部本组derived-checked直接证明；导航页非独立证明；外部/来源/candidate/open按回执除外	首次全文版本与本表最终hash一致
blank_random_full	research/topics/random_markov/moment_recoupling.md	64	fa84cec9f139b4c50f0c881cc35ea64a3603185ef08e4b096a4e174195388bee	fa84cec9f139b4c50f0c881cc35ea64a3603185ef08e4b096a4e174195388bee	full-text	全部本组derived-checked直接证明；导航页非独立证明；外部/来源/candidate/open按回执除外	首次全文版本与本表最终hash一致
blank_random_full	research/topics/random_markov/one_bit_envelope.md	219	592ef18163529430551e30fd356ec59c696de1c14d253fb23b40ca349cac8ff2	592ef18163529430551e30fd356ec59c696de1c14d253fb23b40ca349cac8ff2	full-text	全部本组derived-checked直接证明；导航页非独立证明；外部/来源/candidate/open按回执除外	首次全文版本与本表最终hash一致
blank_random_full	research/topics/random_markov/proximal_selection_seam.md	133	8f911cc3a6faa8c4385a819457a8200f9946648e617000b5753be45dc6357cfe	8f911cc3a6faa8c4385a819457a8200f9946648e617000b5753be45dc6357cfe	full-text	全部本组derived-checked直接证明；导航页非独立证明；外部/来源/candidate/open按回执除外	首次全文版本与本表最终hash一致
blank_random_full	research/topics/random_markov/scalar_moment_envelope.md	112	b3e9655265b5fcbb08b49af819a81045ce92bee0cad3ca6d980894114a1622d9	b3e9655265b5fcbb08b49af819a81045ce92bee0cad3ca6d980894114a1622d9	full-text	全部本组derived-checked直接证明；导航页非独立证明；外部/来源/candidate/open按回执除外	首次全文版本与本表最终hash一致
blank_examples_full	research/topics/examples/README.md	23	33f2ca543c8498b3cfd0a0e41a1ac2f332e19a98dd2cf9ab6b47c00930ef6c5c	33f2ca543c8498b3cfd0a0e41a1ac2f332e19a98dd2cf9ab6b47c00930ef6c5c	full-text	全部本组derived-checked直接证明；导航页非独立证明；外部/来源/candidate/open按回执除外	首次全文版本与本表最终hash一致
blank_examples_full	research/topics/examples/absolute_value_subgradient.md	90	eb8c97a3f629e2132f66c985996aabf002b415de217594050843e09f3c107da7	eb8c97a3f629e2132f66c985996aabf002b415de217594050843e09f3c107da7	full-text	全部本组derived-checked直接证明；导航页非独立证明；外部/来源/candidate/open按回执除外	首次全文版本与本表最终hash一致
blank_examples_full	research/topics/examples/adjoint_volterra.md	86	43927913edb9715267415d32614b5b2edbdfa3bc43e8f739c4fe4c63b7de0426	43927913edb9715267415d32614b5b2edbdfa3bc43e8f739c4fe4c63b7de0426	full-text	全部本组derived-checked直接证明；导航页非独立证明；外部/来源/candidate/open按回执除外	首次全文版本与本表最终hash一致
blank_examples_full	research/topics/examples/arithmetic_geometric_mean.md	339	1538c6c2f6296bc80ed3e23bc3263059314740c070681a86f666906a42259682	1538c6c2f6296bc80ed3e23bc3263059314740c070681a86f666906a42259682	full-text	全部本组derived-checked直接证明；导航页非独立证明；外部/来源/candidate/open按回执除外	首次全文版本与本表最终hash一致
blank_examples_full	research/topics/examples/ball_normal_cone.md	59	e78b604c7768b9c84f90b41bbbfc150c9ca3d1a5c3e60577c8bdfc11078c7f50	e78b604c7768b9c84f90b41bbbfc150c9ca3d1a5c3e60577c8bdfc11078c7f50	full-text	全部本组derived-checked直接证明；导航页非独立证明；外部/来源/candidate/open按回执除外	首次全文版本与本表最终hash一致
blank_examples_full	research/topics/examples/bounded_negative_identity.md	51	9c9589fe65219e5e05c5897a2e21499ff0867c79ead2d904990d89aeaa067b27	9c9589fe65219e5e05c5897a2e21499ff0867c79ead2d904990d89aeaa067b27	full-text	全部本组derived-checked直接证明；导航页非独立证明；外部/来源/candidate/open按回执除外	首次全文版本与本表最终hash一致
blank_examples_full	research/topics/examples/bounded_negative_square.md	174	6858051c25579c84b7daae4a04bb24909795e4ee6dfa9d6de5ae558e72c251ae	6858051c25579c84b7daae4a04bb24909795e4ee6dfa9d6de5ae558e72c251ae	full-text	全部本组derived-checked直接证明；导航页非独立证明；外部/来源/candidate/open按回执除外	首次全文版本与本表最终hash一致
blank_examples_full	research/topics/examples/bounded_square_minty.md	110	5550aba9e56fd9d06d6562ff13ab777eab4b755f80ac40076eef5cfba2aa7089	5550aba9e56fd9d06d6562ff13ab777eab4b755f80ac40076eef5cfba2aa7089	full-text	全部本组derived-checked直接证明；导航页非独立证明；外部/来源/candidate/open按回执除外	首次全文版本与本表最终hash一致
blank_examples_full	research/topics/examples/diagonal_spike_relation.md	271	1171cfdddd02dc79e162475fdb515350b636aff9be6f1feedb12c59b7b51c2f6	1171cfdddd02dc79e162475fdb515350b636aff9be6f1feedb12c59b7b51c2f6	full-text	全部本组derived-checked直接证明；导航页非独立证明；外部/来源/candidate/open按回执除外	首次全文版本与本表最终hash一致
blank_examples_full	research/topics/examples/dr_tangency_transversality.md	69	3b6a6205c63459c56c93c2fec4e1f002c7be23de0c045fac7445c30a34fa6e8f	3b6a6205c63459c56c93c2fec4e1f002c7be23de0c045fac7445c30a34fa6e8f	full-text	全部本组derived-checked直接证明；导航页非独立证明；外部/来源/candidate/open按回执除外	首次全文版本与本表最终hash一致
blank_examples_full	research/topics/examples/gx059_065_property_completion.md	129	707eeee225cb6e9e07300fcbd712b6a469132e249f5dfaf4713700c466b80c6a	707eeee225cb6e9e07300fcbd712b6a469132e249f5dfaf4713700c466b80c6a	full-text	全部本组derived-checked直接证明；导航页非独立证明；外部/来源/candidate/open按回执除外	首次全文版本与本表最终hash一致
blank_examples_full	research/topics/examples/hemiregular_piecewise_parabola.md	99	75f823bc825f5671da89bd4609ced5ded3267d8ea5ecb143882c3f66f79756b4	75f823bc825f5671da89bd4609ced5ded3267d8ea5ecb143882c3f66f79756b4	full-text	全部本组derived-checked直接证明；导航页非独立证明；外部/来源/candidate/open按回执除外	首次全文版本与本表最终hash一致
blank_examples_full	research/topics/examples/identity_square_branch_union.md	141	a9f4c206683fffd4da0cb6bcbec4f64e508d8a2760aef405580114fc509c79f9	a9f4c206683fffd4da0cb6bcbec4f64e508d8a2760aef405580114fc509c79f9	full-text	全部本组derived-checked直接证明；导航页非独立证明；外部/来源/candidate/open按回执除外	首次全文版本与本表最终hash一致
blank_examples_full	research/topics/examples/isolated_pole_relation.md	236	a6be7dfaaebf4b965d4fa5f49be5bc40fe20a641752b72bb40e5085fc70e3014	a6be7dfaaebf4b965d4fa5f49be5bc40fe20a641752b72bb40e5085fc70e3014	full-text	全部本组derived-checked直接证明；导航页非独立证明；外部/来源/candidate/open按回执除外	首次全文版本与本表最终hash一致
blank_examples_full	research/topics/examples/negative_cubic_branch.md	146	1e22a76659b55eefd7d12eec435aa2fccd3240d1ef451b787b6acb4a3cc8eb0f	1e22a76659b55eefd7d12eec435aa2fccd3240d1ef451b787b6acb4a3cc8eb0f	full-text	全部本组derived-checked直接证明；导航页非独立证明；外部/来源/candidate/open按回执除外	首次全文版本与本表最终hash一致
blank_examples_full	research/topics/examples/planar_rotation_family.md	126	482a6f64e9f59916ff149ecaebcc9f7afe338d200e1da67ce9a19035ea464fae	482a6f64e9f59916ff149ecaebcc9f7afe338d200e1da67ce9a19035ea464fae	full-text	全部本组derived-checked直接证明；导航页非独立证明；外部/来源/candidate/open按回执除外	首次全文版本与本表最终hash一致
blank_examples_full	research/topics/examples/positive_sine_phase.md	113	0c2f99bdbb0c52de17a21b62bcf415052b60eb2e80290edb04e7669d386e77a9	0c2f99bdbb0c52de17a21b62bcf415052b60eb2e80290edb04e7669d386e77a9	full-text	全部本组derived-checked直接证明；导航页非独立证明；外部/来源/candidate/open按回执除外	首次全文版本与本表最终hash一致
blank_examples_full	research/topics/examples/product_splice.md	321	b82ca83c8a4dff4b8b03dc7046eb57c52e909bce46a7bd3eea15fc97159094ca	b82ca83c8a4dff4b8b03dc7046eb57c52e909bce46a7bd3eea15fc97159094ca	full-text	全部本组derived-checked直接证明；导航页非独立证明；外部/来源/candidate/open按回执除外	首次全文版本与本表最终hash一致
blank_examples_full	research/topics/examples/rational_irrational_staircase.md	327	3e41ffd3eb76eff1612820aace19af516e5de02c134993f99cb402f1fbcebf88	3e41ffd3eb76eff1612820aace19af516e5de02c134993f99cb402f1fbcebf88	full-text	全部本组derived-checked直接证明；导航页非独立证明；外部/来源/candidate/open按回执除外	首次全文版本与本表最终hash一致
blank_examples_full	research/topics/examples/restricted_root_graph.md	106	99381192b1a87e27d413fd01abd74b23fc5b5b0f406e3f77a61bae8f4b871406	99381192b1a87e27d413fd01abd74b23fc5b5b0f406e3f77a61bae8f4b871406	full-text	全部本组derived-checked直接证明；导航页非独立证明；外部/来源/candidate/open按回执除外	首次全文版本与本表最终hash一致
blank_examples_full	research/topics/examples/skew_ball_inverse.md	139	6025d830509623f924e77fcfe2153d85049e2be400435a43db263db79a26dc44	6025d830509623f924e77fcfe2153d85049e2be400435a43db263db79a26dc44	full-text	全部本组derived-checked直接证明；导航页非独立证明；外部/来源/candidate/open按回执除外	首次全文版本与本表最终hash一致
blank_examples_full	research/topics/examples/skew_compact_diagonal.md	100	dc603601ab9e75b3c53c1595c3ec71b89e829606f271ee4de40f233a46efa012	dc603601ab9e75b3c53c1595c3ec71b89e829606f271ee4de40f233a46efa012	full-text	全部本组derived-checked直接证明；导航页非独立证明；外部/来源/candidate/open按回执除外	首次全文版本与本表最终hash一致
blank_examples_full	research/topics/examples/volterra_integration.md	142	1ef6cac8b9d27f7c4178aacbebc3b9c79e9cfd8961de8640735cab1ef9846cad	1ef6cac8b9d27f7c4178aacbebc3b9c79e9cfd8961de8640735cab1ef9846cad	full-text	全部本组derived-checked直接证明；导航页非独立证明；外部/来源/candidate/open按回执除外	首次全文版本与本表最终hash一致
blank_examples_full	research/canonical/spingarn_author_definitions.md	77	22b10721571e10554f34aa44efdb248d7f3788e588672f97d4b21c573a188ef5	22b10721571e10554f34aa44efdb248d7f3788e588672f97d4b21c573a188ef5	full-text	全部本组derived-checked直接证明；导航页非独立证明；外部/来源/candidate/open按回执除外	首次全文版本与本表最终hash一致
blank_examples_full	research/canonical/example_atlas.md	173	6fa73fbfdda13021642a7148e4ce4635abc9c697abb8c3a0b5bfd778aa8a9808	6fa73fbfdda13021642a7148e4ce4635abc9c697abb8c3a0b5bfd778aa8a9808	full-text	全部本组derived-checked直接证明；导航页非独立证明；外部/来源/candidate/open按回执除外	首次全文版本与本表最终hash一致
blank_astra_global_closure	research/foundations.md	68	d854d7cc6dc9648d36a4e41dca496b134c2b480b36dbe881208784fe248bb003	d854d7cc6dc9648d36a4e41dca496b134c2b480b36dbe881208784fe248bb003	full-text	本页直接数学证明/定义全文重推；外文只核明写导入接口，未复访原文；candidate/source/open不升级	最终冻结版本；新空白协调接收核当前修补，新增有限证书亦在此hash内
blank_astra_global_closure	research/NOTATION_CONTRACT.md	58	02ee4c8d1cf98568a88103a8beac26c84cf0a3a66899966f1db56f5165faf7af	02ee4c8d1cf98568a88103a8beac26c84cf0a3a66899966f1db56f5165faf7af	full-text	本页直接数学证明/定义全文重推；外文只核明写导入接口，未复访原文；candidate/source/open不升级	最终冻结版本；新空白协调接收核当前修补，新增有限证书亦在此hash内
blank_astra_global_closure	research/canonical/parameter_dictionary.md	263	5eb30d2ac091727cb5ee43d131c8ab6e5490a5edc0626c98ef3407cdc669f966	5eb30d2ac091727cb5ee43d131c8ab6e5490a5edc0626c98ef3407cdc669f966	full-text	本页直接数学证明/定义全文重推；外文只核明写导入接口，未复访原文；candidate/source/open不升级	最终冻结版本；新空白协调接收核当前修补，新增有限证书亦在此hash内
blank_astra_global_closure	research/canonical/selection_literature_boundaries.md	453	29dcd9dfd3444a32d1caf7f697dfb3736d3cf15514afcd57b6aae1b16677c323	29dcd9dfd3444a32d1caf7f697dfb3736d3cf15514afcd57b6aae1b16677c323	full-text	本页直接数学证明/定义全文重推；外文只核明写导入接口，未复访原文；candidate/source/open不升级	最终冻结版本；新空白协调接收核当前修补，新增有限证书亦在此hash内
blank_astra_global_closure	research/canonical/selection_truncation_prior_tools.md	174	78010046edbd9a7a152762289739addd0238714fcc5e30d359bd8fb7f557632e	78010046edbd9a7a152762289739addd0238714fcc5e30d359bd8fb7f557632e	full-text	本页直接数学证明/定义全文重推；外文只核明写导入接口，未复访原文；candidate/source/open不升级	最终冻结版本；新空白协调接收核当前修补，新增有限证书亦在此hash内
blank_astra_global_closure	research/rleb_ppa.md	81	f1e50c8797dfc0e85328dcce596a7174e01b77cdbe8b7af561bbc1406944eb7f	f1e50c8797dfc0e85328dcce596a7174e01b77cdbe8b7af561bbc1406944eb7f	full-text	本页直接数学证明/定义全文重推；外文只核明写导入接口，未复访原文；candidate/source/open不升级	最终冻结版本；新空白协调接收核当前修补，新增有限证书亦在此hash内
blank_astra_global_closure	research/range_finite_data.md	132	22d019a1b9058783f4992744f92bfc05494830d067f4ea45a5749db5cc888fe1	22d019a1b9058783f4992744f92bfc05494830d067f4ea45a5749db5cc888fe1	full-text	本页直接数学证明/定义全文重推；外文只核明写导入接口，未复访原文；candidate/source/open不升级	最终冻结版本；新空白协调接收核当前修补，新增有限证书亦在此hash内
blank_astra_global_closure	research/topics/path_dynamics/domain_escape.md	59	05ee777dcd900a1553ffebb87a26632f41bac8c83d1b8802407924db78ead421	05ee777dcd900a1553ffebb87a26632f41bac8c83d1b8802407924db78ead421	full-text	本页直接数学证明/定义全文重推；外文只核明写导入接口，未复访原文；candidate/source/open不升级	最终冻结版本；新空白协调接收核当前修补，新增有限证书亦在此hash内
blank_astra_global_closure	research/topics/path_dynamics/m1_capture.md	105	e93f686f6eeaf83e6d81874f519b01f9db2464aa9ca1cbf6a50f69c1cc81245f	e93f686f6eeaf83e6d81874f519b01f9db2464aa9ca1cbf6a50f69c1cc81245f	full-text	本页直接数学证明/定义全文重推；外文只核明写导入接口，未复访原文；candidate/source/open不升级	最终冻结版本；新空白协调接收核当前修补，新增有限证书亦在此hash内
