file	sha256	bytes	global_blank_read_level	local_proof_blank_read_level
CLAIMS.md	fe72d8fc3c15d266dd9346b284175082ed47df2b959503780ec982c1064492dc	269454	full-text	C01-C04;C172-C193;full-new-cards
FAILED_ROUTES.md	d215e0d966e789df9d149d20c4480e92861233a6b4c1cc57b8ccd452995fa431	51318	full-six-linked-cards:F24,F25,F27,F28,F39,F40	full-text
README.md	677d07df3169618583bb17373e3097f742391339609f8bcd2d3e2655bc8bc224	69954	full-text	full-text
RESEARCH_PROTOCOL.md	b73d7b6aa29831ef19bd8df97664cb15d89dce94063c5d88f063d19ae70e02fc	12714	full-text	full-text
RESEARCH_STATE.md	4717212bd46abfd289b0814abfcb6e82a296730076659e8c3f02ad591fd15552	16143	full-text	full-text
research/HYPERGRAPH.md	bdc1a20823f66187d0168f9691d261ebaef104a081f1a35d0648cd999c0637e6	184870	partial-prose;all-323-edge-rows-structural-comparison	E294-E323-structural-comparison
research/LITERATURE.md	4332f5f8bf69e9d2ed2a405f70737e29360ca2af9d54abbbfcc893a4e65ab624	36136	full-text	two-extension-import-entries
research/LOGIC_CONTRACTS.md	0bb583265a6ff78cffdb885a7bf49218d37fc9ddcb5d2e0b5b1efe3239d3e368	84586	full-text	related-contracts;E294-E323
research/NOTATION_CONTRACT.md	1dc064f5531bb2671f0ac285e90daee4abf2afa0b8b192bfb79f5d61eb1aa483	21384	full-text	full-text
research/canonical/all_pairs_verifier.md	ee27ffcd3849bd0925581d922fb4804b36cc6ffc7be0cb0364064aa7beafb966	3465	entry-and-all-graph-anchor-context	not-read-by-local-receiver
research/canonical/allowed_transition_local.md	a22549575cbf16f1f5cd42a210f778378f7b8c5b984ef16b82d468f4ab50d244	8054	entry-and-all-graph-anchor-context	full-text
research/canonical/attouch_wets_fixed_input_thinness.md	23d28b8002081d29144de49899266297395744bb1e703540c158631f0404a901	9799	entry-and-all-graph-anchor-context	not-read-by-local-receiver
research/canonical/c11_m1_literature_interfaces.md	50bb09d59b4db5a59d97b53fa49e244a01c22ce9d34bb98e8d36dcebf84df724	20006	entry-and-all-graph-anchor-context	not-read-by-local-receiver
research/canonical/closed_graph_minty_domain.md	ba7680f9c3a5f89bc27b43ee2fa62eae7eeabfbb8457c4505c572c23f984993c	5004	entry-and-all-graph-anchor-context	not-read-by-local-receiver
research/canonical/compact_t_observation.md	c591de9499eb85687792b98eca985f2077a32747ab5cf87db2776d1d602dbfdf	5174	entry-and-all-graph-anchor-context	not-read-by-local-receiver
research/canonical/composite_subregularity.md	9a5d58a66bbf0e52c9880df03967725c25152d06030f0bd71d57bff3235f1b6e	23895	entry-and-all-graph-anchor-context	not-read-by-local-receiver
research/canonical/example_atlas.md	6fa73fbfdda13021642a7148e4ce4635abc9c697abb8c3a0b5bfd778aa8a9808	8973	entry-and-all-graph-anchor-context	not-read-by-local-receiver
research/canonical/finite_data_proxy.md	93a16762e079f756cd1081278e37b35f6e3ec85ea2664719df7f25df76517350	11620	entry-and-all-graph-anchor-context	not-read-by-local-receiver
research/canonical/finite_fiber_classification.md	41e7542d958a52229cfbeaafcb3c806f626e483548e931f47befea99ff9239a4	21462	entry-and-all-graph-anchor-context	not-read-by-local-receiver
research/canonical/finite_sample_collar.md	a6c9ba4d700410741fb6f7cb50834f3002182b78c626f0297b068859b59cb50f	4849	entry-and-all-graph-anchor-context	not-read-by-local-receiver
research/canonical/full_fiber_coverage.md	2695c8ecdc2a64ac4f1d812376e61f62df40fcfe259cc833244a5feb47a0c591	7392	entry-and-all-graph-anchor-context	not-read-by-local-receiver
research/canonical/gauge_dilation_boundary.md	a19e076997649de29bbf2f7c3f926fab39fabbfc97469978a1a72bce6e0af5b6	4675	entry-and-all-graph-anchor-context	not-read-by-local-receiver
research/canonical/general_modulus_dynamics.md	165ed271f8647607a5ee9ed0912361eec31deafb9b994113c8dceb5d2780ffc2	22834	entry-and-all-graph-anchor-context	not-read-by-local-receiver
research/canonical/global_proximal_selection.md	d08f6d62d153531a82cda8ff9c15f6a68d2f525f7d28ebf54d4437ac6df357fd	14936	entry-and-all-graph-anchor-context	full-text
research/canonical/global_shadow.md	8bf062b6b1dcd5b513c0e96d2d7a8613f2d22c719d56f96a3544a4a0555f5d24	14717	entry-and-all-graph-anchor-context	not-read-by-local-receiver
research/canonical/holder_extension.md	082f8df8eb29bb86535e1638a75124abb9b8a97cde5d914344bffd67f5ba2aa1	3576	entry-and-all-graph-anchor-context	full-text
research/canonical/infinite_fiber_boundary.md	8d5bece27cbb75d9e4b615f92aa2b9133de50305a9c61b05a791c3b2b297c8b1	5811	entry-and-all-graph-anchor-context	not-read-by-local-receiver
research/canonical/isolated_zero_flatness.md	c16c04714149ff5c5d22078998da1c8c189d7b30d29fd5f87939045cf03f8931	6514	entry-and-all-graph-anchor-context	not-read-by-local-receiver
research/canonical/l1_markov_extension.md	e15b474c839c5ef4f026535f83d4d35a454494f0b02265fed36726807c8e9d3c	8760	entry-and-all-graph-anchor-context	full-text
research/canonical/local_range_without_supercriticality.md	a9d07e06ebd0b72d684bff7d0903466821700fcc65c26a194d365b80a93052e6	6642	entry-and-all-graph-anchor-context	not-read-by-local-receiver
research/canonical/moving_anchor_reflection.md	12f46e632bf72c4e9a59b6c3dd9e172d103b5ad14a971cf2481a00aaa01fade7	3762	entry-and-all-graph-anchor-context	not-read-by-local-receiver
research/canonical/named_branch_local.md	924312a3a3c5c539d14d5290f4040fdfa096dd89ef6368d53be0435ae7d6247a	6658	entry-and-all-graph-anchor-context	not-read-by-local-receiver
research/canonical/non_tied_cayley.md	ab5b8a14d5bd09a51c2b9a2a254afcee9400ed749392cef72b4e4e6f5ccca334	11975	entry-and-all-graph-anchor-context	not-read-by-local-receiver
research/canonical/nonisolated_alignment.md	6aa6b13a6feafac68f5aa39d523f8660c166c8ff1ee77f67cba34d3e403f0fb3	6413	entry-and-all-graph-anchor-context	not-read-by-local-receiver
research/canonical/operator_profile_tools.md	6e2eb4076532393ffce9a6f98c884ebca8755278afdf5c91a3fb9420b0a3d63b	9128	entry-and-all-graph-anchor-context	full-text
research/canonical/operator_space_construction_frontier.md	72592edfe256253454469ad581e0a7d3465a5df3d741bd18640f6ae392830b1b	9595	entry-and-all-graph-anchor-context	not-read-by-local-receiver
research/canonical/parameter_dictionary.md	5eb30d2ac091727cb5ee43d131c8ab6e5490a5edc0626c98ef3407cdc669f966	16047	entry-and-all-graph-anchor-context	not-read-by-local-receiver
research/canonical/path_atlas.md	2e11d8cd37e901305abba06a94ac6252645c1128f44a3f3dc8c23fa13d88009d	16212	entry-and-all-graph-anchor-context	not-read-by-local-receiver
research/canonical/random_proximal.md	dc3c7b91163097aa09de2f0d72308f7f3abe102bad314fade9acedc8f5c35398	10638	entry-and-all-graph-anchor-context	not-read-by-local-receiver
research/canonical/relative_holder_thinness.md	7d8975b8c6d69c42be4df5ac7becd9517048256bc9aa62f730279735de13480d	11175	entry-and-all-graph-anchor-context	full-text
research/canonical/residual_window_bridge.md	2c92f1e05d322c4d4cfef4d08f09dc3ec78317fc04a72e34674b85c57f7c187a	3495	entry-and-all-graph-anchor-context	not-read-by-local-receiver
research/canonical/selection_geometric_cap.md	8454a1d1e5789d705aed8341e4229eb78cb45164904fc8e3a57243b06667d674	6327	entry-and-all-graph-anchor-context	not-read-by-local-receiver
research/canonical/selection_geometric_sharpness.md	d2e04483036ae8e9a9bb344d9ff05e2d08882b709512c9efd143f8349731cb5d	3475	entry-and-all-graph-anchor-context	not-read-by-local-receiver
research/canonical/selection_literature_boundaries.md	e192298f9d605194d75781301c67bc99db2d42389291c17c2af8423a7cd34235	17214	entry-and-all-graph-anchor-context	not-read-by-local-receiver
research/canonical/selection_parameter_family.md	2b00c91d8f9e7cb7c8c37497ce9a19ac73c81f55efd3c848070f111362c2e80e	6468	entry-and-all-graph-anchor-context	not-read-by-local-receiver
research/canonical/selection_primary_interfaces.md	faa55d6bfb2d5289336b1b2ff9ec44ae617618b9e87f78817f9abe91c234f725	20323	entry-and-all-graph-anchor-context	not-read-by-local-receiver
research/canonical/selection_quasi_arithmetic_boundary.md	05e42826472979affd88e9b0f18a3a464e710b19817681913c7c1fa50c8d2899	10296	entry-and-all-graph-anchor-context	not-read-by-local-receiver
research/canonical/selection_superlinear_family.md	da3342df933de25718964e8560d2abb30225c87ad22ea56231400b6a298b4e7e	7844	entry-and-all-graph-anchor-context	not-read-by-local-receiver
research/canonical/selection_tangential_condition.md	18e3070962212bd6ad42b26619739b0163674e1dbaa43c2ffc6a7dc2badd75a9	3170	entry-and-all-graph-anchor-context	not-read-by-local-receiver
research/canonical/selection_truncation_prior_tools.md	6c820dfa6e341c54c8548754227d3f98c80224af127173b0ddb69ab938929e40	13997	entry-and-all-graph-anchor-context	not-read-by-local-receiver
research/canonical/sigma_compact_baire.md	c0ee46826d5d3ed4c8441fb0f6a9b8acbd0fbf6187f6da53fd338caed94f7eae	2080	full-text	not-read-by-local-receiver
research/canonical/signed_schur_growth.md	a69ab8b89f045d6b903d1a6959a22e21f83677dcac5802eaed47e48329b42e6e	31485	entry-and-all-graph-anchor-context	not-read-by-local-receiver
research/canonical/solution_selection_rates.md	25bdf95d9dd3c9e26cc6f9f61937acf0ddf6058608a2368ddc757ba60106c9fa	22289	entry-and-all-graph-anchor-context	not-read-by-local-receiver
research/canonical/spingarn_author_definitions.md	59252450105e04ec37ec017b4c1d871cc9baf7803e3c9777138a94196870f132	4934	entry-and-all-graph-anchor-context	not-read-by-local-receiver
research/canonical/support_normal_natural_class.md	3e4368e3ac40a7db3517543ee3237259838c92c1e8cfead3e81f0d3c090a55ac	19558	entry-and-all-graph-anchor-context	full-text
research/canonical/topological_repair_obstructions.md	83f5e942a40adf66a280ae2d4d95c36c8c799548cab5a54c50dd703abfc863e3	5437	entry-and-all-graph-anchor-context	not-read-by-local-receiver
research/canonical/uniform_holder_thinness.md	e22dd835a15104ca20d080baf3454dc9a9ee8540648f4d23bd21a13987ce5639	15837	entry-and-all-graph-anchor-context	full-text
research/cone_markov.md	175f2622ee37bcce1f1baaa78cf31883749a5419f923dc7521399f8206dc1565	16091	full-text	not-read-by-local-receiver
research/foundations.md	d854d7cc6dc9648d36a4e41dca496b134c2b480b36dbe881208784fe248bb003	4711	full-text	full-text
research/graph.json	82f18188694dd7ecd1cd3697b2a9b1d0d3b954b07eeb59089180a2b35c9f7062	239788	full-text	E284-E287;E294-E323;46-new-chain-anchors
research/holder_structure.md	00e0712e2a73e386520644bdaca213a77992393c2ff267948bc4288a7c061bcb	18724	full-text	not-read-by-local-receiver
research/operator_space.md	28825c9881973644745e909fdc961594fdeac39025261335b13a47d69b79d079	21824	full-text	not-read-by-local-receiver
research/range_finite_data.md	22d019a1b9058783f4992744f92bfc05494830d067f4ea45a5749db5cc888fe1	10888	full-text	not-read-by-local-receiver
research/rleb_ppa.md	f1e50c8797dfc0e85328dcce596a7174e01b77cdbe8b7af561bbc1406944eb7f	8164	full-text	not-read-by-local-receiver
research/solution_selection.md	5c7edf4c83c8bd0d961f1c037a3c5002b5dcc3ddf32a0ceed47aee5d36e39f99	5777	full-text	not-read-by-local-receiver
research/topics/composite_regular/README.md	92110d42098e1fda91a6ac71e790cc2e391f71dfb19009ba2ac4f7e371bd4347	2144	entry-and-all-graph-anchor-context	not-read-by-local-receiver
research/topics/composite_regular/cusp_identification.md	1aa08975b6aebe39479f338f8679ca60f1be23f0c58a71dcc030b10d2659be68	3175	entry-and-all-graph-anchor-context	not-read-by-local-receiver
research/topics/composite_regular/oscillating_target.md	48d79cfe0fe40518e7ad09bc625204e4993fdf3f0124e96a00effb67e73f89f1	2727	entry-and-all-graph-anchor-context	not-read-by-local-receiver
research/topics/examples/README.md	c78f8d1b8651460ed8e93fa38024b2531bd1d0d131c141bb97eaa9b60a7d14bb	5593	entry-and-all-graph-anchor-context	not-read-by-local-receiver
research/topics/examples/absolute_value_subgradient.md	eb8c97a3f629e2132f66c985996aabf002b415de217594050843e09f3c107da7	4009	entry-and-all-graph-anchor-context	not-read-by-local-receiver
research/topics/examples/adjoint_volterra.md	43927913edb9715267415d32614b5b2edbdfa3bc43e8f739c4fe4c63b7de0426	4079	entry-and-all-graph-anchor-context	not-read-by-local-receiver
research/topics/examples/arithmetic_geometric_mean.md	1538c6c2f6296bc80ed3e23bc3263059314740c070681a86f666906a42259682	15521	entry-and-all-graph-anchor-context	not-read-by-local-receiver
research/topics/examples/ball_normal_cone.md	e78b604c7768b9c84f90b41bbbfc150c9ca3d1a5c3e60577c8bdfc11078c7f50	4838	entry-and-all-graph-anchor-context	not-read-by-local-receiver
research/topics/examples/bounded_negative_identity.md	9c9589fe65219e5e05c5897a2e21499ff0867c79ead2d904990d89aeaa067b27	3080	entry-and-all-graph-anchor-context	not-read-by-local-receiver
research/topics/examples/bounded_negative_square.md	8ef0960b1621857026ef5a2e354871935e5729096ce11b3c7bd618a0f928ecbd	7695	entry-and-all-graph-anchor-context	not-read-by-local-receiver
research/topics/examples/bounded_square_minty.md	69c84c6ad3666e2db2ec7a0406bf77cc911afba08ddf816d4810fc0018c880e8	4928	entry-and-all-graph-anchor-context	not-read-by-local-receiver
research/topics/examples/diagonal_spike_relation.md	1171cfdddd02dc79e162475fdb515350b636aff9be6f1feedb12c59b7b51c2f6	10474	entry-and-all-graph-anchor-context	not-read-by-local-receiver
research/topics/examples/dr_tangency_transversality.md	3b6a6205c63459c56c93c2fec4e1f002c7be23de0c045fac7445c30a34fa6e8f	5444	entry-and-all-graph-anchor-context	not-read-by-local-receiver
research/topics/examples/gx059_065_property_completion.md	707eeee225cb6e9e07300fcbd712b6a469132e249f5dfaf4713700c466b80c6a	10000	entry-and-all-graph-anchor-context	not-read-by-local-receiver
research/topics/examples/hemiregular_piecewise_parabola.md	75f823bc825f5671da89bd4609ced5ded3267d8ea5ecb143882c3f66f79756b4	4354	entry-and-all-graph-anchor-context	not-read-by-local-receiver
research/topics/examples/identity_square_branch_union.md	a9f4c206683fffd4da0cb6bcbec4f64e508d8a2760aef405580114fc509c79f9	10499	entry-and-all-graph-anchor-context	not-read-by-local-receiver
research/topics/examples/isolated_pole_relation.md	bb6bf7d28e1f67e98e2fb975d16895e779044c2842395adc0d66372972aad9af	9691	entry-and-all-graph-anchor-context	not-read-by-local-receiver
research/topics/examples/negative_cubic_branch.md	1e22a76659b55eefd7d12eec435aa2fccd3240d1ef451b787b6acb4a3cc8eb0f	6126	entry-and-all-graph-anchor-context	not-read-by-local-receiver
research/topics/examples/planar_rotation_family.md	482a6f64e9f59916ff149ecaebcc9f7afe338d200e1da67ce9a19035ea464fae	5776	entry-and-all-graph-anchor-context	not-read-by-local-receiver
research/topics/examples/positive_sine_phase.md	b25c0e29e8d6a907734b2b101776e44ae27ea0caa6f1acb4f3e439eca2e0a4fe	5074	entry-and-all-graph-anchor-context	not-read-by-local-receiver
research/topics/examples/product_splice.md	b82ca83c8a4dff4b8b03dc7046eb57c52e909bce46a7bd3eea15fc97159094ca	18941	entry-and-all-graph-anchor-context	not-read-by-local-receiver
research/topics/examples/rational_irrational_staircase.md	3e41ffd3eb76eff1612820aace19af516e5de02c134993f99cb402f1fbcebf88	14222	entry-and-all-graph-anchor-context	not-read-by-local-receiver
research/topics/examples/restricted_root_graph.md	99381192b1a87e27d413fd01abd74b23fc5b5b0f406e3f77a61bae8f4b871406	4533	entry-and-all-graph-anchor-context	not-read-by-local-receiver
research/topics/examples/skew_ball_inverse.md	6025d830509623f924e77fcfe2153d85049e2be400435a43db263db79a26dc44	9219	entry-and-all-graph-anchor-context	not-read-by-local-receiver
research/topics/examples/skew_compact_diagonal.md	dc603601ab9e75b3c53c1595c3ec71b89e829606f271ee4de40f233a46efa012	4035	entry-and-all-graph-anchor-context	not-read-by-local-receiver
research/topics/examples/volterra_integration.md	1ef6cac8b9d27f7c4178aacbebc3b9c79e9cfd8961de8640735cab1ef9846cad	5746	entry-and-all-graph-anchor-context	not-read-by-local-receiver
research/topics/path_dynamics/README.md	4590b26d7c79965d5ea41a5933256e949460eb664f68a79597fbd452678f7181	4189	entry-and-all-graph-anchor-context	not-read-by-local-receiver
research/topics/path_dynamics/discrete_coverage.md	cdb731a92f4790445177fe712f015f5bc87534deeec18d360ae6897c1226a4b8	2395	entry-and-all-graph-anchor-context	not-read-by-local-receiver
research/topics/path_dynamics/domain_escape.md	05ee777dcd900a1553ffebb87a26632f41bac8c83d1b8802407924db78ead421	4296	entry-and-all-graph-anchor-context	not-read-by-local-receiver
research/topics/path_dynamics/m1_capture.md	e93f686f6eeaf83e6d81874f519b01f9db2464aa9ca1cbf6a50f69c1cc81245f	6338	entry-and-all-graph-anchor-context	not-read-by-local-receiver
research/topics/path_dynamics/m1_sign_lift.md	4ebdbc3356bb2292ae4e99200ae793878e4064f58e5c5cce41c2f209f4249bf2	8389	entry-and-all-graph-anchor-context	not-read-by-local-receiver
research/topics/path_dynamics/oscillatory_shear.md	a2802e02d553af707b5c53dbadb891b8845b54688c51a0aff558ee699259e2d4	4616	entry-and-all-graph-anchor-context	not-read-by-local-receiver
research/topics/path_dynamics/power_shear.md	a1b1dcb3618c558bcca93c978930e10e1e073ce89da36495ed3bc2d67725062e	3496	entry-and-all-graph-anchor-context	not-read-by-local-receiver
research/topics/random_markov/README.md	f78dd5d9e011795e9a9917e43979921acf9c92c7f5ccdef4fd7cfbf01266c728	4139	entry-and-all-graph-anchor-context	full-text
research/topics/random_markov/compact_residual_boundaries.md	2ac88dc7b8d2ef392c62dd2525d729361d0e3fb440a315de691ce1b423273228	34589	entry-and-all-graph-anchor-context	not-read-by-local-receiver
research/topics/random_markov/conditional_refresh.md	d5521589e2c99b599148b5c770bf09625d2fb842873f63f53832443816b19108	9433	entry-and-all-graph-anchor-context	not-read-by-local-receiver
research/topics/random_markov/conditional_refresh_interfaces.md	0db948c37ce5015e06827727d4ff8ae6ee69c224e6e62d05e1bc1fb2d06e69e7	21200	entry-and-all-graph-anchor-context	not-read-by-local-receiver
research/topics/random_markov/finite_state_certificate.md	d2a5e760fe84b65687b6fd5dd51e72bf40fab1b3a26913fbf8f29df2ec58ca3f	10108	entry-and-all-graph-anchor-context	not-read-by-local-receiver
research/topics/random_markov/finite_state_completion.md	89b69963fb22c3b2676716ea062fee137133c8f395057c9e11de553e019ccd2b	14535	entry-and-all-graph-anchor-context	not-read-by-local-receiver
research/topics/random_markov/lazy_cycle_ot.md	94eb8b57182980136027439471ce80d29c80e5956703b88750f1e6588ba03589	4453	entry-and-all-graph-anchor-context	not-read-by-local-receiver
research/topics/random_markov/lazy_cycle_representations.md	5ee90fabf52b9ed54a832bdc8e91a268e9f288c9586aa07a1cb4212149830b61	4189	entry-and-all-graph-anchor-context	not-read-by-local-receiver
research/topics/random_markov/moment_recoupling.md	fa84cec9f139b4c50f0c881cc35ea64a3603185ef08e4b096a4e174195388bee	5900	entry-and-all-graph-anchor-context	not-read-by-local-receiver
research/topics/random_markov/one_bit_envelope.md	592ef18163529430551e30fd356ec59c696de1c14d253fb23b40ca349cac8ff2	9065	entry-and-all-graph-anchor-context	not-read-by-local-receiver
research/topics/random_markov/proximal_selection_seam.md	8f911cc3a6faa8c4385a819457a8200f9946648e617000b5753be45dc6357cfe	7463	entry-and-all-graph-anchor-context	full-text
research/topics/random_markov/scalar_moment_envelope.md	b3e9655265b5fcbb08b49af819a81045ce92bee0cad3ca6d980894114a1622d9	6104	entry-and-all-graph-anchor-context	not-read-by-local-receiver
