file	sha256	inspection	limit
BATCH_README.md	3b5eee591bc5c806dc8b277398c650eb531f7ab2100cbf9a44cace1a005dd350	全文组织入口与初始化时态边界审读	不代表所有复杂定理逐式重审；不验收历史语义穷尽或优先权
CLAIMS.md	0bade0d89999d9d2f241dbbd104286d6ad1e92d4d34e341cdb102baba62800c1	全文协调审读；可疑承重处独立重算	不代表所有复杂定理逐式重审；不验收历史语义穷尽或优先权
FAILED_ROUTES.md	daaeee6e80bc982693051c16b677aeb3ff69e05b8cd13c381cc5f6d1ced3b87d	全文协调审读；可疑承重处独立重算	不代表所有复杂定理逐式重审；不验收历史语义穷尽或优先权
README.md	3e5e2122ed5d94256c7ad10384bebdcd0254cb6fb6b36aa19a896511b66c2413	全文协调审读；可疑承重处独立重算	不代表所有复杂定理逐式重审；不验收历史语义穷尽或优先权
RESEARCH_PROTOCOL.md	b73d7b6aa29831ef19bd8df97664cb15d89dce94063c5d88f063d19ae70e02fc	全文协调审读；可疑承重处独立重算	不代表所有复杂定理逐式重审；不验收历史语义穷尽或优先权
RESEARCH_STATE.md	f38799ce99feecdab402547fb71fb9ee50a9424cecf2487b9702428955fb233c	全文协调审读；可疑承重处独立重算	不代表所有复杂定理逐式重审；不验收历史语义穷尽或优先权
research/CODE_REGISTER.md	dbfd9c484d21217fe0fd74fab18cd0a6be50d2c3fab4a28c2740989b87777c8d	全文协调审读；可疑承重处独立重算	不代表所有复杂定理逐式重审；不验收历史语义穷尽或优先权
research/HISTORICAL_EDGE_CROSSWALK.md	e2d41061e82c5803028b56d9ff6f0404d319c58adfdeff256a077cb2606d609f	全文协调审读；可疑承重处独立重算	不代表所有复杂定理逐式重审；不验收历史语义穷尽或优先权
research/HYPERGRAPH.md	24da9c9e9a48d3ded5737c380618f337cf50597dc4f5b4d6069241334a74c43f	全文说明及全部223关系与graph.json逐字段核对	不代表所有复杂定理逐式重审；不验收历史语义穷尽或优先权
research/LITERATURE.md	92d79856218c8546d911aa82d5132c36e283470c5132d4217215e90751d929c6	全文协调审读；可疑承重处独立重算	不代表所有复杂定理逐式重审；不验收历史语义穷尽或优先权
research/LOGIC_CONTRACTS.md	35561fcd97fe2ce016182b784b874c2786b6026af63a9a796a4cd33e63856bb3	全文协调审读；可疑承重处独立重算	不代表所有复杂定理逐式重审；不验收历史语义穷尽或优先权
research/NOTATION_CONTRACT.md	15ef3e233613ca183e247db5ee800148ade3775c4b09f138fd92cd5c509b0736	全文协调审读；可疑承重处独立重算	不代表所有复杂定理逐式重审；不验收历史语义穷尽或优先权
research/SOURCES.md	d1853a76aa0800e67676fc8c4295649acc69a7ff653da24bd35f30e58e9ae668	全文协调审读；可疑承重处独立重算	不代表所有复杂定理逐式重审；不验收历史语义穷尽或优先权
research/canonical/all_pairs_verifier.md	ee27ffcd3849bd0925581d922fb4804b36cc6ffc7be0cb0364064aa7beafb966	全文协调审读；可疑承重处独立重算	不代表所有复杂定理逐式重审；不验收历史语义穷尽或优先权
research/canonical/closed_graph_minty_domain.md	ba7680f9c3a5f89bc27b43ee2fa62eae7eeabfbb8457c4505c572c23f984993c	全文协调审读；可疑承重处独立重算	不代表所有复杂定理逐式重审；不验收历史语义穷尽或优先权
research/canonical/compact_t_observation.md	c591de9499eb85687792b98eca985f2077a32747ab5cf87db2776d1d602dbfdf	全文协调审读；可疑承重处独立重算	不代表所有复杂定理逐式重审；不验收历史语义穷尽或优先权
research/canonical/composite_subregularity.md	de60c2136969c99dcfbdf80f0709b3e6f9d00e67c35abc3d5561f1790054e838	全文协调审读；可疑承重处独立重算	不代表所有复杂定理逐式重审；不验收历史语义穷尽或优先权
research/canonical/example_atlas.md	6fa73fbfdda13021642a7148e4ce4635abc9c697abb8c3a0b5bfd778aa8a9808	全文协调审读；可疑承重处独立重算	不代表所有复杂定理逐式重审；不验收历史语义穷尽或优先权
research/canonical/finite_data_proxy.md	93a16762e079f756cd1081278e37b35f6e3ec85ea2664719df7f25df76517350	全文协调审读；可疑承重处独立重算	不代表所有复杂定理逐式重审；不验收历史语义穷尽或优先权
research/canonical/finite_fiber_classification.md	93f12c760e665e91845e8bd9119491a4b2252a6e337a8264cd507053895ccedb	全文协调审读；可疑承重处独立重算	不代表所有复杂定理逐式重审；不验收历史语义穷尽或优先权
research/canonical/finite_sample_collar.md	a6c9ba4d700410741fb6f7cb50834f3002182b78c626f0297b068859b59cb50f	全文协调审读；可疑承重处独立重算	不代表所有复杂定理逐式重审；不验收历史语义穷尽或优先权
research/canonical/full_fiber_coverage.md	2695c8ecdc2a64ac4f1d812376e61f62df40fcfe259cc833244a5feb47a0c591	全文协调审读；可疑承重处独立重算	不代表所有复杂定理逐式重审；不验收历史语义穷尽或优先权
research/canonical/general_modulus_dynamics.md	165ed271f8647607a5ee9ed0912361eec31deafb9b994113c8dceb5d2780ffc2	全文协调审读；可疑承重处独立重算	不代表所有复杂定理逐式重审；不验收历史语义穷尽或优先权
research/canonical/global_shadow.md	8bf062b6b1dcd5b513c0e96d2d7a8613f2d22c719d56f96a3544a4a0555f5d24	全文协调审读；可疑承重处独立重算	不代表所有复杂定理逐式重审；不验收历史语义穷尽或优先权
research/canonical/holder_extension.md	082f8df8eb29bb86535e1638a75124abb9b8a97cde5d914344bffd67f5ba2aa1	全文协调审读；可疑承重处独立重算	不代表所有复杂定理逐式重审；不验收历史语义穷尽或优先权
research/canonical/isolated_zero_flatness.md	b2f979171bae93b67697bda95546148c8ee84132edca0622c56fc261ceb09d54	全文协调审读；可疑承重处独立重算	不代表所有复杂定理逐式重审；不验收历史语义穷尽或优先权
research/canonical/local_range_without_supercriticality.md	89a811270d198e5e785b17888367da5117e71171d385e10032ff7f08e0001096	全文协调审读；可疑承重处独立重算	不代表所有复杂定理逐式重审；不验收历史语义穷尽或优先权
research/canonical/moving_anchor_reflection.md	12f46e632bf72c4e9a59b6c3dd9e172d103b5ad14a971cf2481a00aaa01fade7	全文协调审读；可疑承重处独立重算	不代表所有复杂定理逐式重审；不验收历史语义穷尽或优先权
research/canonical/named_branch_local.md	0652c61415636fb143127eb97c0bab1412329b311cb21dd63fd31a5ef9e6d31c	全文协调审读；可疑承重处独立重算	不代表所有复杂定理逐式重审；不验收历史语义穷尽或优先权
research/canonical/non_tied_cayley.md	ab5b8a14d5bd09a51c2b9a2a254afcee9400ed749392cef72b4e4e6f5ccca334	全文协调审读；可疑承重处独立重算	不代表所有复杂定理逐式重审；不验收历史语义穷尽或优先权
research/canonical/nonisolated_alignment.md	6aa6b13a6feafac68f5aa39d523f8660c166c8ff1ee77f67cba34d3e403f0fb3	全文协调审读；可疑承重处独立重算	不代表所有复杂定理逐式重审；不验收历史语义穷尽或优先权
research/canonical/parameter_dictionary.md	a4debabd7ac1bb1a6893b6512e4bff786861b2131ca64029d86a2bb5d64c190d	全文协调审读；可疑承重处独立重算	不代表所有复杂定理逐式重审；不验收历史语义穷尽或优先权
research/canonical/path_atlas.md	660bf04785234946f3b561497acfbc0615ae84104e777340510dcb9bf350b56c	全文协调审读；可疑承重处独立重算	不代表所有复杂定理逐式重审；不验收历史语义穷尽或优先权
research/canonical/random_proximal.md	391f260719204f6f643a3a4129823ea75a6a41f01e3eeee2e88773f216859b93	全文协调审读；可疑承重处独立重算	不代表所有复杂定理逐式重审；不验收历史语义穷尽或优先权
research/canonical/residual_window_bridge.md	2c92f1e05d322c4d4cfef4d08f09dc3ec78317fc04a72e34674b85c57f7c187a	全文协调审读；可疑承重处独立重算	不代表所有复杂定理逐式重审；不验收历史语义穷尽或优先权
research/canonical/selection_geometric_cap.md	8454a1d1e5789d705aed8341e4229eb78cb45164904fc8e3a57243b06667d674	全文协调审读；可疑承重处独立重算	不代表所有复杂定理逐式重审；不验收历史语义穷尽或优先权
research/canonical/selection_geometric_sharpness.md	d2e04483036ae8e9a9bb344d9ff05e2d08882b709512c9efd143f8349731cb5d	全文协调审读；可疑承重处独立重算	不代表所有复杂定理逐式重审；不验收历史语义穷尽或优先权
research/canonical/selection_parameter_family.md	2b00c91d8f9e7cb7c8c37497ce9a19ac73c81f55efd3c848070f111362c2e80e	全文协调审读；可疑承重处独立重算	不代表所有复杂定理逐式重审；不验收历史语义穷尽或优先权
research/canonical/selection_superlinear_family.md	da3342df933de25718964e8560d2abb30225c87ad22ea56231400b6a298b4e7e	全文协调审读；可疑承重处独立重算	不代表所有复杂定理逐式重审；不验收历史语义穷尽或优先权
research/canonical/selection_tangential_condition.md	18e3070962212bd6ad42b26619739b0163674e1dbaa43c2ffc6a7dc2badd75a9	全文协调审读；可疑承重处独立重算	不代表所有复杂定理逐式重审；不验收历史语义穷尽或优先权
research/canonical/sigma_compact_baire.md	c0ee46826d5d3ed4c8441fb0f6a9b8acbd0fbf6187f6da53fd338caed94f7eae	全文协调审读；可疑承重处独立重算	不代表所有复杂定理逐式重审；不验收历史语义穷尽或优先权
research/canonical/signed_schur_growth.md	f48d1523cd735df074bd00cf5c6b5c5f4257375448846d39c0a21799bdb43e98	全文协调审读；可疑承重处独立重算	不代表所有复杂定理逐式重审；不验收历史语义穷尽或优先权
research/canonical/solution_selection_rates.md	dad881bd123c2960268abf79281eb13b28c9fc986a4bf53dc0d6f83358a6eebf	全文协调审读；可疑承重处独立重算	不代表所有复杂定理逐式重审；不验收历史语义穷尽或优先权
research/code/README.md	294bdb449bdbed37f0749a4dfdc84a2e247c60ebf0f81fa3cd93d20a9e0f7184	全文协调审读；可疑承重处独立重算	不代表所有复杂定理逐式重审；不验收历史语义穷尽或优先权
research/cone_markov.md	175f2622ee37bcce1f1baaa78cf31883749a5419f923dc7521399f8206dc1565	全文协调审读；可疑承重处独立重算	不代表所有复杂定理逐式重审；不验收历史语义穷尽或优先权
research/foundations.md	d854d7cc6dc9648d36a4e41dca496b134c2b480b36dbe881208784fe248bb003	全文协调审读；可疑承重处独立重算	不代表所有复杂定理逐式重审；不验收历史语义穷尽或优先权
research/holder_structure.md	00e0712e2a73e386520644bdaca213a77992393c2ff267948bc4288a7c061bcb	全文协调审读；可疑承重处独立重算	不代表所有复杂定理逐式重审；不验收历史语义穷尽或优先权
research/operator_space.md	308e9f1e55be6195a7b74bd46194310dcc72c2b48470dae720dee1ef5caa669c	全文协调审读；可疑承重处独立重算	不代表所有复杂定理逐式重审；不验收历史语义穷尽或优先权
research/range_finite_data.md	c2ebcccf3f538aedb44f75c2b89b25d1265d515bb5702ba2a69b94fe4c6334e6	全文协调审读；可疑承重处独立重算	不代表所有复杂定理逐式重审；不验收历史语义穷尽或优先权
research/rleb_ppa.md	3db539571d743aaea6f80d84b270e74a294b22b8019dff0a0a81f0ff23a5594c	全文协调审读；可疑承重处独立重算	不代表所有复杂定理逐式重审；不验收历史语义穷尽或优先权
research/solution_selection.md	5c7edf4c83c8bd0d961f1c037a3c5002b5dcc3ddf32a0ceed47aee5d36e39f99	全文协调审读；可疑承重处独立重算	不代表所有复杂定理逐式重审；不验收历史语义穷尽或优先权
research/topics/composite_regular/README.md	fbd339b64f26d4362fb6da6c71a3211f5b4896163590e9dddff63f4955a44c0a	全文协调审读；可疑承重处独立重算	不代表所有复杂定理逐式重审；不验收历史语义穷尽或优先权
research/topics/composite_regular/cusp_identification.md	1aa08975b6aebe39479f338f8679ca60f1be23f0c58a71dcc030b10d2659be68	全文协调审读；可疑承重处独立重算	不代表所有复杂定理逐式重审；不验收历史语义穷尽或优先权
research/topics/composite_regular/oscillating_target.md	48d79cfe0fe40518e7ad09bc625204e4993fdf3f0124e96a00effb67e73f89f1	全文协调审读；可疑承重处独立重算	不代表所有复杂定理逐式重审；不验收历史语义穷尽或优先权
research/topics/examples/README.md	32c5c5d3f6d0d7f0592e0370aae3022fcc147f4ceef07aabf2b8c8c9decfab0d	全文协调审读；可疑承重处独立重算	不代表所有复杂定理逐式重审；不验收历史语义穷尽或优先权
research/topics/examples/absolute_value_subgradient.md	eb8c97a3f629e2132f66c985996aabf002b415de217594050843e09f3c107da7	全文协调审读；可疑承重处独立重算	不代表所有复杂定理逐式重审；不验收历史语义穷尽或优先权
research/topics/examples/adjoint_volterra.md	d9bfdb43de75ae51a2771a2cd1644c6b0109f3321e4c23869d2ddd739a9457e2	全文协调审读；可疑承重处独立重算	不代表所有复杂定理逐式重审；不验收历史语义穷尽或优先权
research/topics/examples/ball_normal_cone.md	e78b604c7768b9c84f90b41bbbfc150c9ca3d1a5c3e60577c8bdfc11078c7f50	全文协调审读；可疑承重处独立重算	不代表所有复杂定理逐式重审；不验收历史语义穷尽或优先权
research/topics/examples/bounded_negative_identity.md	9c9589fe65219e5e05c5897a2e21499ff0867c79ead2d904990d89aeaa067b27	全文协调审读；可疑承重处独立重算	不代表所有复杂定理逐式重审；不验收历史语义穷尽或优先权
research/topics/examples/bounded_negative_square.md	18737aaba5c498ecb1f561775fd32e2b49e0241ce2d2018bfb098c798cdb0bc4	全文协调审读；可疑承重处独立重算	不代表所有复杂定理逐式重审；不验收历史语义穷尽或优先权
research/topics/examples/bounded_square_minty.md	5550aba9e56fd9d06d6562ff13ab777eab4b755f80ac40076eef5cfba2aa7089	全文协调审读；可疑承重处独立重算	不代表所有复杂定理逐式重审；不验收历史语义穷尽或优先权
research/topics/examples/diagonal_spike_relation.md	1171cfdddd02dc79e162475fdb515350b636aff9be6f1feedb12c59b7b51c2f6	全文协调审读；可疑承重处独立重算	不代表所有复杂定理逐式重审；不验收历史语义穷尽或优先权
research/topics/examples/dr_tangency_transversality.md	3b6a6205c63459c56c93c2fec4e1f002c7be23de0c045fac7445c30a34fa6e8f	全文协调审读；可疑承重处独立重算	不代表所有复杂定理逐式重审；不验收历史语义穷尽或优先权
research/topics/examples/hemiregular_piecewise_parabola.md	75f823bc825f5671da89bd4609ced5ded3267d8ea5ecb143882c3f66f79756b4	全文协调审读；可疑承重处独立重算	不代表所有复杂定理逐式重审；不验收历史语义穷尽或优先权
research/topics/examples/identity_square_branch_union.md	a9f4c206683fffd4da0cb6bcbec4f64e508d8a2760aef405580114fc509c79f9	全文协调审读；可疑承重处独立重算	不代表所有复杂定理逐式重审；不验收历史语义穷尽或优先权
research/topics/examples/isolated_pole_relation.md	66b26bfb9fa893c8ade0d263c184398fd2f633142f890a8a1104da50fb57a910	全文协调审读；可疑承重处独立重算	不代表所有复杂定理逐式重审；不验收历史语义穷尽或优先权
research/topics/examples/negative_cubic_branch.md	2c01da9babe94abc8bd42c58355f22fcd9af635c517c770e7d850927b8058bac	全文协调审读；可疑承重处独立重算	不代表所有复杂定理逐式重审；不验收历史语义穷尽或优先权
research/topics/examples/planar_rotation_family.md	93e2e76a4143265c9445aca8031460d2bf534cddc9d8f5c66c1998b1f4e5259c	全文协调审读；可疑承重处独立重算	不代表所有复杂定理逐式重审；不验收历史语义穷尽或优先权
research/topics/examples/positive_sine_phase.md	0c2f99bdbb0c52de17a21b62bcf415052b60eb2e80290edb04e7669d386e77a9	全文协调审读；可疑承重处独立重算	不代表所有复杂定理逐式重审；不验收历史语义穷尽或优先权
research/topics/examples/product_splice.md	bf66dba61d5a77fac52f09a493b435c0ddb9d07808e9ecd12ecc525232c34f9c	全文协调审读；可疑承重处独立重算	不代表所有复杂定理逐式重审；不验收历史语义穷尽或优先权
research/topics/examples/rational_irrational_staircase.md	5887c2caf48bde66f5b85242b210382cdabe8a20ffee59393344305564a4ff67	全文协调审读；可疑承重处独立重算	不代表所有复杂定理逐式重审；不验收历史语义穷尽或优先权
research/topics/examples/restricted_root_graph.md	99381192b1a87e27d413fd01abd74b23fc5b5b0f406e3f77a61bae8f4b871406	全文协调审读；可疑承重处独立重算	不代表所有复杂定理逐式重审；不验收历史语义穷尽或优先权
research/topics/examples/skew_ball_inverse.md	006e7edaae84d767d9ab9bcd62eafe78a1c0535c7d7b762145f4bfe8d7e7dc9e	全文协调审读；可疑承重处独立重算	不代表所有复杂定理逐式重审；不验收历史语义穷尽或优先权
research/topics/examples/skew_compact_diagonal.md	dc603601ab9e75b3c53c1595c3ec71b89e829606f271ee4de40f233a46efa012	全文协调审读；可疑承重处独立重算	不代表所有复杂定理逐式重审；不验收历史语义穷尽或优先权
research/topics/examples/volterra_integration.md	da79d0385d1063e359bfd7bd3d415069acad19057b57dbe905d900dd24a92e78	全文协调审读；可疑承重处独立重算	不代表所有复杂定理逐式重审；不验收历史语义穷尽或优先权
research/topics/path_dynamics/README.md	369888ea0f8ad290fa6ac3b984908f98b015c245ad513cf9a0cdd513bc00573c	全文协调审读；可疑承重处独立重算	不代表所有复杂定理逐式重审；不验收历史语义穷尽或优先权
research/topics/path_dynamics/discrete_coverage.md	cdb731a92f4790445177fe712f015f5bc87534deeec18d360ae6897c1226a4b8	全文协调审读；可疑承重处独立重算	不代表所有复杂定理逐式重审；不验收历史语义穷尽或优先权
research/topics/path_dynamics/domain_escape.md	906329b7bfed4be8b67fa5615020b977c19198e2acd3bb0fd8e730eebed5221b	全文协调审读；可疑承重处独立重算	不代表所有复杂定理逐式重审；不验收历史语义穷尽或优先权
research/topics/path_dynamics/m1_capture.md	a41f4b33902b791384bddc2dc64aeaa262d508879895b8ed2c3e265a2a4004d9	全文协调审读；可疑承重处独立重算	不代表所有复杂定理逐式重审；不验收历史语义穷尽或优先权
research/topics/path_dynamics/m1_sign_lift.md	1fcdb0aaf59c243a56eb4d53780a95d7963a886e8ea76e57ab837f3b567e3e50	全文协调审读；可疑承重处独立重算	不代表所有复杂定理逐式重审；不验收历史语义穷尽或优先权
research/topics/path_dynamics/oscillatory_shear.md	a2802e02d553af707b5c53dbadb891b8845b54688c51a0aff558ee699259e2d4	全文协调审读；可疑承重处独立重算	不代表所有复杂定理逐式重审；不验收历史语义穷尽或优先权
research/topics/path_dynamics/power_shear.md	a1b1dcb3618c558bcca93c978930e10e1e073ce89da36495ed3bc2d67725062e	全文协调审读；可疑承重处独立重算	不代表所有复杂定理逐式重审；不验收历史语义穷尽或优先权
research/topics/random_markov/README.md	87e447749d5c59cce7a1048de0a90c695ffff8402d5fe4bc89dd02274d46d1a1	全文协调审读；可疑承重处独立重算	不代表所有复杂定理逐式重审；不验收历史语义穷尽或优先权
research/topics/random_markov/compact_residual_boundaries.md	2ac88dc7b8d2ef392c62dd2525d729361d0e3fb440a315de691ce1b423273228	全文协调审读；可疑承重处独立重算	不代表所有复杂定理逐式重审；不验收历史语义穷尽或优先权
research/topics/random_markov/conditional_refresh.md	d5521589e2c99b599148b5c770bf09625d2fb842873f63f53832443816b19108	全文协调审读；可疑承重处独立重算	不代表所有复杂定理逐式重审；不验收历史语义穷尽或优先权
research/topics/random_markov/finite_state_certificate.md	dd226b145f630b4207f879d20a6f041c0a9aa2f45644b56a1bdb3b5a934fa2ba	全文协调审读；可疑承重处独立重算	不代表所有复杂定理逐式重审；不验收历史语义穷尽或优先权
research/topics/random_markov/lazy_cycle_ot.md	94eb8b57182980136027439471ce80d29c80e5956703b88750f1e6588ba03589	全文协调审读；可疑承重处独立重算	不代表所有复杂定理逐式重审；不验收历史语义穷尽或优先权
research/topics/random_markov/lazy_cycle_representations.md	5ee90fabf52b9ed54a832bdc8e91a268e9f288c9586aa07a1cb4212149830b61	全文协调审读；可疑承重处独立重算	不代表所有复杂定理逐式重审；不验收历史语义穷尽或优先权
research/topics/random_markov/moment_recoupling.md	f2aae6ca05bc98e8e393c56e1c0408ec6a44aadb9e9e23f603d3d086d3929075	全文协调审读；可疑承重处独立重算	不代表所有复杂定理逐式重审；不验收历史语义穷尽或优先权
research/topics/random_markov/one_bit_envelope.md	592ef18163529430551e30fd356ec59c696de1c14d253fb23b40ca349cac8ff2	BIT1–18 完整数学独立重构及协调审读	不代表所有复杂定理逐式重审；不验收历史语义穷尽或优先权
research/topics/random_markov/proximal_selection_seam.md	8f911cc3a6faa8c4385a819457a8200f9946648e617000b5753be45dc6357cfe	全文协调审读；可疑承重处独立重算	不代表所有复杂定理逐式重审；不验收历史语义穷尽或优先权
research/topics/random_markov/scalar_moment_envelope.md	b3e9655265b5fcbb08b49af819a81045ce92bee0cad3ca6d980894114a1622d9	全文协调审读；可疑承重处独立重算	不代表所有复杂定理逐式重审；不验收历史语义穷尽或优先权
research/graph.json	036adf558db706e23b27eabd6b49396303f2edf335f416a756c621aedc268b85	全部345节点及223合取关系的全文协调审读	不代表所有复杂定理逐式重审；不验收历史语义穷尽或优先权
visualization/COSMOS_SEMANTIC_CONTRACT.md	43bfacea5d0623aa9ed57201b4e49538c92b6800fee04c6df5727f6f50ecf669	全文语义契约与项目说明审读	不代表所有复杂定理逐式重审；不验收历史语义穷尽或优先权
visualization/cosmos/README.md	1bfbead3dbbb967eaa589b65cf2f1998cc204944311ff14c3503790038bf50cb	全文语义契约与项目说明审读	不代表所有复杂定理逐式重审；不验收历史语义穷尽或优先权
research/map.html	886d5b3e3fa6266a5f77990b482f112cf68ef4a143a83d3e27aac1c982d85022	完整内嵌graph-data与graph.json逐值同义核对	未进行浏览器交互或视觉QA；未声称全文脚本审查
visualization/cosmos/index.html	0a64af9542e5454b2deb14e4c929ffa0b532e6d250fbf793de9f248d9a0222b0	完整内嵌graph-data与graph.json逐值同义核对	未进行浏览器交互或视觉QA；未声称全文脚本审查
visualization/xianxia/index.html	0dff1e8ae3f49179ad9fc862cd90cd441506b8aa6748aea4230f8beebc69f3de	完整内嵌graph-data与graph.json逐值同义核对	未进行浏览器交互或视觉QA；未声称全文脚本审查
