container	asset_id	bytes	sha256	matched_locations	status
history/sources/历史总包_2026-09-14/菠萝_RL与广义次正则研究资产_2026-09-14_v2_真实超边图/00_从这里开始/研究资产统一超边知识图_v2.html	rl_pdf	329898	e0289b1f9e76fddd174986a009fbaf2db1ba3b51476689d517a22fd0b4c2aaae	history/sources/历史总包_2026-09-14/菠萝_RL与广义次正则研究资产_2026-09-14_v2_真实超边图/01_RL_PPA核心理论/01_论文主稿/RL与广义次正则_当前排版论文.pdf;history/sources/次单调论文研究/RL_T4_CODEX_HANDOFF_2026-09-09.zip!/RL_PPA_generalized_subregularity_Boluo.pdf	exact-existing-byte-copy
history/sources/历史总包_2026-09-14/菠萝_RL与广义次正则研究资产_2026-09-14_v2_真实超边图/00_从这里开始/研究资产统一超边知识图_v2.html	rl_tex	105066	8d0565a57c6580f9ddf7264560bde5a07215af1238033efdc11bb5fe71db56e8	history/sources/历史总包_2026-09-14/菠萝_RL与广义次正则研究资产_2026-09-14_v2_真实超边图/01_RL_PPA核心理论/01_论文主稿/RL与广义次正则_当前论文源.tex;history/sources/次单调论文研究/RL_PPA_generalized_subregularity_Boluo_source.zip!/RL_PPA_generalized_subregularity_Boluo.tex;history/sources/次单调论文研究/RL_T4_CODEX_HANDOFF_2026-09-09.zip!/RL_PPA_generalized_subregularity_Boluo.tex	exact-existing-byte-copy
history/sources/历史总包_2026-09-14/菠萝_RL与广义次正则研究资产_2026-09-14_v2_真实超边图/00_从这里开始/研究资产统一超边知识图_v2.html	rl_md	99264	8bc3d4906f9d28ca349aad1df068eb8d5f9272d65bb731346f0949f63b9975e9	history/sources/历史总包_2026-09-14/菠萝_RL与广义次正则研究资产_2026-09-14_v2_真实超边图/01_RL_PPA核心理论/01_论文主稿/RL核心数学合稿_T5_2026-09-07.md;history/sources/次单调论文研究/01-RL_PPA_T5_core_manuscript_2026-09-07.md	exact-existing-byte-copy
history/sources/历史总包_2026-09-14/菠萝_RL与广义次正则研究资产_2026-09-14_v2_真实超边图/00_从这里开始/研究资产统一超边知识图_v2.html	rl_font	28517	31443d3720ddc30e4e63342afd177119e2813f9b4d45652153b58963a5b2aaf1	history/sources/历史总包_2026-09-14/菠萝_RL与广义次正则研究资产_2026-09-14_v2_真实超边图/01_RL_PPA核心理论/01_论文主稿/author_boluo.png;history/sources/次单调论文研究/RL_PPA_generalized_subregularity_Boluo_source.zip!/author_boluo.png	exact-existing-byte-copy
history/sources/历史总包_2026-09-14/菠萝_RL与广义次正则研究资产_2026-09-14_v2_真实超边图/00_从这里开始/研究资产统一超边知识图_v2.html	rl_deriv	8371	88beb6be932bae4f9c4af78c864b5b1dc8814e4cc86ff4bc13c28d03e7337369	history/sources/历史总包_2026-09-14/菠萝_RL与广义次正则研究资产_2026-09-14_v2_真实超边图/01_RL_PPA核心理论/02_核心推导/RL与次正则_原始主推导.md	exact-existing-byte-copy
history/sources/历史总包_2026-09-14/菠萝_RL与广义次正则研究资产_2026-09-14_v2_真实超边图/00_从这里开始/研究资产统一超边知识图_v2.html	rl_chain	8454	0aada547bb4fddba1abb121e0cff03e5af55e491bc49eab6d3c6816bb91bddac	history/sources/历史总包_2026-09-14/菠萝_RL与广义次正则研究资产_2026-09-14_v2_真实超边图/01_RL_PPA核心理论/02_核心推导/核心定理链_补位终审与完整量词.md	exact-existing-byte-copy
history/sources/历史总包_2026-09-14/菠萝_RL与广义次正则研究资产_2026-09-14_v2_真实超边图/00_从这里开始/研究资产统一超边知识图_v2.html	rl_root	4827	291c5b79461230d89e9ad33edbec875ff630afea213817bc9d2b99ef6caba433	history/sources/历史总包_2026-09-14/菠萝_RL与广义次正则研究资产_2026-09-14_v2_真实超边图/01_RL_PPA核心理论/02_核心推导/独立证书组合_第二阶段根推导.md	exact-existing-byte-copy
history/sources/历史总包_2026-09-14/菠萝_RL与广义次正则研究资产_2026-09-14_v2_真实超边图/00_从这里开始/研究资产统一超边知识图_v2.html	rl_c11	23812	d9f9e5c53c41d827a7fd25250fbd5cbee3c3f2d08c41d245dc9b8f552b084619	history/sources/历史总包_2026-09-14/菠萝_RL与广义次正则研究资产_2026-09-14_v2_真实超边图/01_RL_PPA核心理论/03_判别方法与理论升级/C11复合次正则_定量模块与未解边界.md;history/sources/次单调论文研究/RL_T4_CODEX_HANDOFF_2026-09-09.zip!/ATTACK_C11_COMPOSITE_GENERALIZED_SUBREGULARITY.md	exact-existing-byte-copy
history/sources/历史总包_2026-09-14/菠萝_RL与广义次正则研究资产_2026-09-14_v2_真实超边图/00_从这里开始/研究资产统一超边知识图_v2.html	rl_arch	27195	c346477dc8ed1f372e94adafbc98f5d39249fbcce9a94654f9e014d8d1560c09	history/sources/历史总包_2026-09-14/菠萝_RL与广义次正则研究资产_2026-09-14_v2_真实超边图/01_RL_PPA核心理论/03_判别方法与理论升级/RL旗舰升级_架构与待攻关接口.md;history/sources/次单调论文研究/RL_T4_CODEX_HANDOFF_2026-09-09.zip!/RL_FLAGSHIP_UPGRADE_ARCHITECTURE.md	exact-existing-byte-copy
history/sources/历史总包_2026-09-14/菠萝_RL与广义次正则研究资产_2026-09-14_v2_真实超边图/00_从这里开始/研究资产统一超边知识图_v2.html	rl_path	24309	74d9a2b464aba8d9b585b7c30e61b8faca8eab78b23da7f634cac04c5a18b4b4	history/sources/历史总包_2026-09-14/菠萝_RL与广义次正则研究资产_2026-09-14_v2_真实超边图/01_RL_PPA核心理论/03_判别方法与理论升级/多步路径与有限捕获_RL研究札记_2026-09-09.md	exact-existing-byte-copy
history/sources/历史总包_2026-09-14/菠萝_RL与广义次正则研究资产_2026-09-14_v2_真实超边图/00_从这里开始/研究资产统一超边知识图_v2.html	rl_synthesis	22735	b9c3beb06b4835bb08b30ae0bef5524c2ceeee06beef5bb2a1ac37dfbcf3b4f7	history/sources/历史总包_2026-09-14/菠萝_RL与广义次正则研究资产_2026-09-14_v2_真实超边图/01_RL_PPA核心理论/03_判别方法与理论升级/独立接口_对抗综合与作用域.md	exact-existing-byte-copy
history/sources/历史总包_2026-09-14/菠萝_RL与广义次正则研究资产_2026-09-14_v2_真实超边图/00_从这里开始/研究资产统一超边知识图_v2.html	rl_audit	33642	11638100ad65607b8a22bb141e8b8dc15a5c93c4e9a3c6389078341bd8d9231a	history/sources/历史总包_2026-09-14/菠萝_RL与广义次正则研究资产_2026-09-14_v2_真实超边图/01_RL_PPA核心理论/04_证明审计与敌对审稿/定理量词与精确性_独立数学审计_T4.md	exact-existing-byte-copy
history/sources/历史总包_2026-09-14/菠萝_RL与广义次正则研究资产_2026-09-14_v2_真实超边图/00_从这里开始/研究资产统一超边知识图_v2.html	rl_referee	40264	c8051e2b5c6b8aba640bdda54dc873b33476c7c99d4719e854a4cadada67945e	history/sources/历史总包_2026-09-14/菠萝_RL与广义次正则研究资产_2026-09-14_v2_真实超边图/01_RL_PPA核心理论/04_证明审计与敌对审稿/总体敌对审稿_修复清单与PRO导入许可_T5F.md	exact-existing-byte-copy
history/sources/历史总包_2026-09-14/菠萝_RL与广义次正则研究资产_2026-09-14_v2_真实超边图/00_从这里开始/研究资产统一超边知识图_v2.html	rl_delta	9775	4ad5e7214b9c61beb04d0e4b1af1c8c95cd5a44aefe535e1066e1b15b1bacb78	history/sources/历史总包_2026-09-14/菠萝_RL与广义次正则研究资产_2026-09-14_v2_真实超边图/01_RL_PPA核心理论/04_证明审计与敌对审稿/最终合稿_代数与定理差异复核_T5A.md	exact-existing-byte-copy
history/sources/历史总包_2026-09-14/菠萝_RL与广义次正则研究资产_2026-09-14_v2_真实超边图/00_从这里开始/研究资产统一超边知识图_v2.html	rl_recheck	13828	20002ded0e0acfa115c3303b040f00399695f29a3573f06480d49f216529f428	history/sources/历史总包_2026-09-14/菠萝_RL与广义次正则研究资产_2026-09-14_v2_真实超边图/01_RL_PPA核心理论/04_证明审计与敌对审稿/最终合稿_实例常数与反例重审_T5E.md	exact-existing-byte-copy
history/sources/历史总包_2026-09-14/菠萝_RL与广义次正则研究资产_2026-09-14_v2_真实超边图/00_从这里开始/研究资产统一超边知识图_v2.html	rl_red	43146	5c0c211ef0907efb5ace5e3783f69b99574f4ef450ffe112ea1ab469d1b7833e	history/sources/历史总包_2026-09-14/菠萝_RL与广义次正则研究资产_2026-09-14_v2_真实超边图/01_RL_PPA核心理论/04_证明审计与敌对审稿/核心论证框架_敌对审稿_T4.md	exact-existing-byte-copy
history/sources/历史总包_2026-09-14/菠萝_RL与广义次正则研究资产_2026-09-14_v2_真实超边图/00_从这里开始/研究资产统一超边知识图_v2.html	rl_lit	29154	e5b73c1aa83ce6266895e5912263843acc1c7e45829999af01da0876c50e049e	history/sources/历史总包_2026-09-14/菠萝_RL与广义次正则研究资产_2026-09-14_v2_真实超边图/01_RL_PPA核心理论/04_证明审计与敌对审稿/理论谱系与贡献边界_文献论证_T4.md	exact-existing-byte-copy
history/sources/历史总包_2026-09-14/菠萝_RL与广义次正则研究资产_2026-09-14_v2_真实超边图/00_从这里开始/研究资产统一超边知识图_v2.html	rl_separate	28363	5f79dcee04a16fce8bc4993c7058399d4c7d1842121efc4c00de328511beeed9	history/sources/历史总包_2026-09-14/菠萝_RL与广义次正则研究资产_2026-09-14_v2_真实超边图/01_RL_PPA核心理论/05_实例与反例/指定竞争证书_分离与退化幸存者.md	exact-existing-byte-copy
history/sources/历史总包_2026-09-14/菠萝_RL与广义次正则研究资产_2026-09-14_v2_真实超边图/00_从这里开始/研究资产统一超边知识图_v2.html	rl_natural	23025	abe082412883506ab76bdcc2b653f7971ecacb82205dd7cbe632186c84e8c2c9	history/sources/历史总包_2026-09-14/菠萝_RL与广义次正则研究资产_2026-09-14_v2_真实超边图/01_RL_PPA核心理论/05_实例与反例/支撑函数与法锥_自然类推导.md	exact-existing-byte-copy
history/sources/历史总包_2026-09-14/菠萝_RL与广义次正则研究资产_2026-09-14_v2_真实超边图/00_从这里开始/研究资产统一超边知识图_v2.html	c11_test	1292	c5324260c85b9f8c28ac5e0c30f3ae79520488efd3203d3a3ee45ecd8c052247	history/sources/历史总包_2026-09-14/菠萝_RL与广义次正则研究资产_2026-09-14_v2_真实超边图/01_RL_PPA核心理论/06_验证程序/验证_C11复合次正则.py;history/sources/次单调论文研究/RL_T4_CODEX_HANDOFF_2026-09-09.zip!/verify_c11_composite.py	exact-existing-byte-copy
history/sources/历史总包_2026-09-14/菠萝_RL与广义次正则研究资产_2026-09-14_v2_真实超边图/00_从这里开始/研究资产统一超边知识图_v2.html	rl_test	3179	3a3dab8045bf30d722fab12d2c135f0b641b9ddcbb3d6fa8ffc029d6af587981	history/sources/历史总包_2026-09-14/菠萝_RL与广义次正则研究资产_2026-09-14_v2_真实超边图/01_RL_PPA核心理论/06_验证程序/验证_RL合稿实例与常数.py	exact-existing-byte-copy
history/sources/历史总包_2026-09-14/菠萝_RL与广义次正则研究资产_2026-09-14_v2_真实超边图/00_从这里开始/研究资产统一超边知识图_v2.html	conic_pdf	433772	273086ca09fbc68cbb0ee2eb59313994dc86b434281dcc8ff777618edc52b6c3	history/sources/历史总包_2026-09-14/菠萝_RL与广义次正则研究资产_2026-09-14_v2_真实超边图/02_锥优化_CRSC_MSCQ/01_论文主稿/冻结最小面CRSC与MSCQ_当前论文_v04.pdf;history/sources/次单调论文研究/RL_CONIC_CRSC_MSCQ_菠萝_v04.pdf	exact-existing-byte-copy
history/sources/历史总包_2026-09-14/菠萝_RL与广义次正则研究资产_2026-09-14_v2_真实超边图/00_从这里开始/研究资产统一超边知识图_v2.html	conic_enc	2335	61ea965bb94ec304c76eda1e1528320f62914f31cf9db1ec0ae096b16cf95e04	history/sources/历史总包_2026-09-14/菠萝_RL与广义次正则研究资产_2026-09-14_v2_真实超边图/02_锥优化_CRSC_MSCQ/02_可编译源文件/author-cjk.enc;history/sources/次单调论文研究/RL_CONIC_CRSC_MSCQ_Boluo_v04_source.zip!/author-cjk.enc	exact-existing-byte-copy
history/sources/历史总包_2026-09-14/菠萝_RL与广义次正则研究资产_2026-09-14_v2_真实超边图/00_从这里开始/研究资产统一超边知识图_v2.html	conic_tfm	236	37b9b5e90901b5801752f43349a2a8c7e89ce0999e7756ccdd265cce30c88752	history/sources/历史总包_2026-09-14/菠萝_RL与广义次正则研究资产_2026-09-14_v2_真实超边图/02_锥优化_CRSC_MSCQ/02_可编译源文件/author-cjk.tfm;history/sources/次单调论文研究/RL_CONIC_CRSC_MSCQ_Boluo_v04_source.zip!/author-cjk.tfm	exact-existing-byte-copy
history/sources/历史总包_2026-09-14/菠萝_RL与广义次正则研究资产_2026-09-14_v2_真实超边图/00_从这里开始/研究资产统一超边知识图_v2.html	conic_ttf	1300	d6aef8f34ecff3ad54d910d5c324187cb20c629417291aa3a232ae7fc4c66ab5	history/sources/历史总包_2026-09-14/菠萝_RL与广义次正则研究资产_2026-09-14_v2_真实超边图/02_锥优化_CRSC_MSCQ/02_可编译源文件/author-cjk.ttf;history/sources/次单调论文研究/RL_CONIC_CRSC_MSCQ_Boluo_v04_source.zip!/author-cjk.ttf	exact-existing-byte-copy
history/sources/历史总包_2026-09-14/菠萝_RL与广义次正则研究资产_2026-09-14_v2_真实超边图/00_从这里开始/研究资产统一超边知识图_v2.html	conic_build	1130	757c605db6fe0d74ae6b9bf5ac02fda2bd48bc173f3d0fa114d6c9b36b41bc4d	history/sources/历史总包_2026-09-14/菠萝_RL与广义次正则研究资产_2026-09-14_v2_真实超边图/02_锥优化_CRSC_MSCQ/02_可编译源文件/build.sh;history/sources/次单调论文研究/RL_CONIC_CRSC_MSCQ_Boluo_v04_source.zip!/build.sh	exact-existing-byte-copy
history/sources/历史总包_2026-09-14/菠萝_RL与广义次正则研究资产_2026-09-14_v2_真实超边图/00_从这里开始/研究资产统一超边知识图_v2.html	conic_fontpy	1483	370dd0420fbf6927f5657b982926e613024bf3fe18916fb2f637e33e7a2579e0	history/sources/历史总包_2026-09-14/菠萝_RL与广义次正则研究资产_2026-09-14_v2_真实超边图/02_锥优化_CRSC_MSCQ/02_可编译源文件/build_author_font.py;history/sources/次单调论文研究/RL_CONIC_CRSC_MSCQ_Boluo_v04_source.zip!/build_author_font.py	exact-existing-byte-copy
history/sources/历史总包_2026-09-14/菠萝_RL与广义次正则研究资产_2026-09-14_v2_真实超边图/00_从这里开始/研究资产统一超边知识图_v2.html	conic_bbl	5112	75cc4d3dd2cbc30c58722f5929c16e4edaf19c47773162ea533ff4e3d6a9ca18	history/sources/历史总包_2026-09-14/菠萝_RL与广义次正则研究资产_2026-09-14_v2_真实超边图/02_锥优化_CRSC_MSCQ/02_可编译源文件/main.bbl;history/sources/次单调论文研究/RL_CONIC_CRSC_MSCQ_Boluo_v04_source.zip!/main.bbl	exact-existing-byte-copy
history/sources/历史总包_2026-09-14/菠萝_RL与广义次正则研究资产_2026-09-14_v2_真实超边图/00_从这里开始/研究资产统一超边知识图_v2.html	conic_tex	60352	4da7f81e1907a866f656eb2ab4da98e1efc2f156c5370c89016f2cba3c7a9af3	history/sources/历史总包_2026-09-14/菠萝_RL与广义次正则研究资产_2026-09-14_v2_真实超边图/02_锥优化_CRSC_MSCQ/02_可编译源文件/main.tex;history/sources/次单调论文研究/RL_CONIC_CRSC_MSCQ_Boluo_v04_source.zip!/main.tex	exact-existing-byte-copy
history/sources/历史总包_2026-09-14/菠萝_RL与广义次正则研究资产_2026-09-14_v2_真实超边图/00_从这里开始/研究资产统一超边知识图_v2.html	conic_bib	5050	14cf0474d90a34fa9c3aa4b89bf409446aca78975d31925823861fd1d4533ef5	history/sources/历史总包_2026-09-14/菠萝_RL与广义次正则研究资产_2026-09-14_v2_真实超边图/02_锥优化_CRSC_MSCQ/02_可编译源文件/references.bib;history/sources/次单调论文研究/RL_CONIC_CRSC_MSCQ_Boluo_v04_source.zip!/references.bib	exact-existing-byte-copy
history/sources/历史总包_2026-09-14/菠萝_RL与广义次正则研究资产_2026-09-14_v2_真实超边图/00_从这里开始/研究资产统一超边知识图_v2.html	conic_fontsrc	1438	f1c8a973c94191fe80fd0c043fa97d09495cc7b0a0f8ea431673dc9492743c8d	history/sources/历史总包_2026-09-14/菠萝_RL与广义次正则研究资产_2026-09-14_v2_真实超边图/02_锥优化_CRSC_MSCQ/02_可编译源文件/中文作者字体来源与再生成说明.md;history/sources/次单调论文研究/RL_CONIC_CRSC_MSCQ_Boluo_v04_source.zip!/FONT_SOURCE.md	exact-existing-byte-copy
history/sources/历史总包_2026-09-14/菠萝_RL与广义次正则研究资产_2026-09-14_v2_真实超边图/00_从这里开始/研究资产统一超边知识图_v2.html	conic_readme	3593	14b4fc8132f99e8b47136dff8a4ffe622a23359d31b5c25427f399c76284b720	history/sources/历史总包_2026-09-14/菠萝_RL与广义次正则研究资产_2026-09-14_v2_真实超边图/02_锥优化_CRSC_MSCQ/02_可编译源文件/原始构建与数学范围说明.md;history/sources/次单调论文研究/RL_CONIC_CRSC_MSCQ_Boluo_v04_source.zip!/README.md	exact-existing-byte-copy
history/sources/历史总包_2026-09-14/菠萝_RL与广义次正则研究资产_2026-09-14_v2_真实超边图/00_从这里开始/研究资产统一超边知识图_v2.html	conic_report	23117	2b468477e4199db8beb39c22b4e2f2ec9fee95ccf75ff951bbae2b7d1bd943ad	history/sources/历史总包_2026-09-14/菠萝_RL与广义次正则研究资产_2026-09-14_v2_真实超边图/02_锥优化_CRSC_MSCQ/02_可编译源文件/构建报告与版本核对_v04.md;history/sources/次单调论文研究/RL_CONIC_CRSC_MSCQ_Boluo_v04_source.zip!/BUILD_REPORT.md	exact-existing-byte-copy
history/sources/历史总包_2026-09-14/菠萝_RL与广义次正则研究资产_2026-09-14_v2_真实超边图/00_从这里开始/研究资产统一超边知识图_v2.html	conic_ledger	16589	bc8099c34a9402685c9b7decdc08c0089a96720b31117d4769617d36f6820777	history/sources/历史总包_2026-09-14/菠萝_RL与广义次正则研究资产_2026-09-14_v2_真实超边图/02_锥优化_CRSC_MSCQ/02_可编译源文件/论文证据范围与未闭合门槛台账.md;history/sources/次单调论文研究/RL_CONIC_CRSC_MSCQ_Boluo_v04_source.zip!/DRAFT_LEDGER.md	exact-existing-byte-copy
history/sources/历史总包_2026-09-14/菠萝_RL与广义次正则研究资产_2026-09-14_v2_真实超边图/00_从这里开始/研究资产统一超边知识图_v2.html	conic_core	19685	e163ade04e7c5e3a82f6d44ed0034809ef519650ffc3758d1c95fc6de65d3280	history/sources/历史总包_2026-09-14/菠萝_RL与广义次正则研究资产_2026-09-14_v2_真实超边图/02_锥优化_CRSC_MSCQ/03_核心证明审计/冻结CRSC_秩夹逼与MSCQ核心证明审计.md	exact-existing-byte-copy
history/sources/历史总包_2026-09-14/菠萝_RL与广义次正则研究资产_2026-09-14_v2_真实超边图/00_从这里开始/研究资产统一超边知识图_v2.html	conic_examples	21317	f5a35d8bbbea1ecf8509f7475169cbca130697ce1d992968d205e780cbb93e12	history/sources/历史总包_2026-09-14/菠萝_RL与广义次正则研究资产_2026-09-14_v2_真实超边图/02_锥优化_CRSC_MSCQ/03_核心证明审计/耦合SOC与PSD_正例及显式常数审计.md	exact-existing-byte-copy
history/sources/历史总包_2026-09-14/菠萝_RL与广义次正则研究资产_2026-09-14_v2_真实超边图/00_从这里开始/研究资产统一超边知识图_v2.html	conic_arch	35526	5622b9ac9381e1df99cb042e7b210e19d2ace230800cc87c989271981b562ac3	history/sources/历史总包_2026-09-14/菠萝_RL与广义次正则研究资产_2026-09-14_v2_真实超边图/02_锥优化_CRSC_MSCQ/03_核心证明审计/锥论文_最终论证架构与依赖链.md	exact-existing-byte-copy
history/sources/历史总包_2026-09-14/菠萝_RL与广义次正则研究资产_2026-09-14_v2_真实超边图/00_从这里开始/研究资产统一超边知识图_v2.html	conic_priority	32688	29940cbcb539028e84fc01bfc23d06b7ae84fa67b473056edb0f60a9fa846ab2	history/sources/历史总包_2026-09-14/菠萝_RL与广义次正则研究资产_2026-09-14_v2_真实超边图/02_锥优化_CRSC_MSCQ/04_边界反例与优先权/CRSC与MSCQ_优先权及正式版证据矩阵.md	exact-existing-byte-copy
history/sources/历史总包_2026-09-14/菠萝_RL与广义次正则研究资产_2026-09-14_v2_真实超边图/00_从这里开始/研究资产统一超边知识图_v2.html	conic_boundary	22278	9fab8462655691771a570c04e940503d4015bfa5e57b75aff42cede08709ee9b	history/sources/历史总包_2026-09-14/菠萝_RL与广义次正则研究资产_2026-09-14_v2_真实超边图/02_锥优化_CRSC_MSCQ/04_边界反例与优先权/Nice非Amenable锥_边界反例与必要性审计.md	exact-existing-byte-copy
history/sources/历史总包_2026-09-14/菠萝_RL与广义次正则研究资产_2026-09-14_v2_真实超边图/00_从这里开始/研究资产统一超边知识图_v2.html	conic_test	3705	667f22012eb86427e7817c13e6b7b8160549b46a3ca0d118502cf6f95f126fda	history/sources/历史总包_2026-09-14/菠萝_RL与广义次正则研究资产_2026-09-14_v2_真实超边图/02_锥优化_CRSC_MSCQ/05_验证程序/验证_SOC与PSD实例常数.py	exact-existing-byte-copy
history/sources/历史总包_2026-09-14/菠萝_RL与广义次正则研究资产_2026-09-14_v2_真实超边图/00_从这里开始/研究资产统一超边知识图_v2.html	mass	23055	ce8a410e86ef07eb111dcd28b6cf92c25f6738194c91059993d4e1e1212a69d9	history/sources/历史总包_2026-09-14/菠萝_RL与广义次正则研究资产_2026-09-14_v2_真实超边图/03_随机与Markov理论/01_随机RL主线/质量稀释与矩匹配_随机提升独立审计.md	exact-existing-byte-copy
history/sources/历史总包_2026-09-14/菠萝_RL与广义次正则研究资产_2026-09-14_v2_真实超边图/00_从这里开始/研究资产统一超边知识图_v2.html	stoch	27706	94b4d0df4016189ad90bb0c6b301f23d097666da3d44db0074b22ddadc569f50	history/sources/历史总包_2026-09-14/菠萝_RL与广义次正则研究资产_2026-09-14_v2_真实超边图/03_随机与Markov理论/01_随机RL主线/随机RL_合法耦合接口与提升障碍.md;history/sources/次单调论文研究/STOCHASTIC_RL_THEORY_ATTACK.md	exact-existing-byte-copy
history/sources/历史总包_2026-09-14/菠萝_RL与广义次正则研究资产_2026-09-14_v2_真实超边图/00_从这里开始/研究资产统一超边知识图_v2.html	finite	36616	0608f742257d34447292b83025bd40ea4768bd5f3972cd7cb224b9375669bf00	history/sources/历史总包_2026-09-14/菠萝_RL与广义次正则研究资产_2026-09-14_v2_真实超边图/03_随机与Markov理论/02_有限状态分类/有限状态_精确零集与线性误差界等价.md	exact-existing-byte-copy
history/sources/历史总包_2026-09-14/菠萝_RL与广义次正则研究资产_2026-09-14_v2_真实超边图/00_从这里开始/研究资产统一超边知识图_v2.html	finite_audit	19080	fd3c3f75b9b7bf94b978c933fbae3e2a69467eaecf6fffaaa8451b49e3cd612b	history/sources/历史总包_2026-09-14/菠萝_RL与广义次正则研究资产_2026-09-14_v2_真实超边图/03_随机与Markov理论/02_有限状态分类/有限状态分类与惰性四循环_精确独立审计.md	exact-existing-byte-copy
history/sources/历史总包_2026-09-14/菠萝_RL与广义次正则研究资产_2026-09-14_v2_真实超边图/00_从这里开始/研究资产统一超边知识图_v2.html	markov_counter	39648	3416727429588eb73b811b20fe45b49b4d2a2eef795190888fc602ee24281aa2	history/sources/历史总包_2026-09-14/菠萝_RL与广义次正则研究资产_2026-09-14_v2_真实超边图/03_随机与Markov理论/03_无限状态障碍/有限与无限状态_反例及正则性障碍独立审计.md	exact-existing-byte-copy
history/sources/历史总包_2026-09-14/菠萝_RL与广义次正则研究资产_2026-09-14_v2_真实超边图/00_从这里开始/研究资产统一超边知识图_v2.html	conditional_audit	26904	1d02926016b2e79e210d578303de4e80427999f99a33ab4840b1d9c68effe6eb	history/sources/历史总包_2026-09-14/菠萝_RL与广义次正则研究资产_2026-09-14_v2_真实超边图/03_随机与Markov理论/04_相关性与随机表示/条件残差修复_独立敌对审计与高斯锐常数.md	exact-existing-byte-copy
history/sources/历史总包_2026-09-14/菠萝_RL与广义次正则研究资产_2026-09-14_v2_真实超边图/00_从这里开始/研究资产统一超边知识图_v2.html	conditional	36652	91f7a071db2d62e1b8ab965e6cb13d1d0568f582b72eb4bc47dc0b6e22357072	history/sources/历史总包_2026-09-14/菠萝_RL与广义次正则研究资产_2026-09-14_v2_真实超边图/03_随机与Markov理论/04_相关性与随机表示/条件残差修复_相关性与块刷新定理.md	exact-existing-byte-copy
history/sources/历史总包_2026-09-14/菠萝_RL与广义次正则研究资产_2026-09-14_v2_真实超边图/00_从这里开始/研究资产统一超边知识图_v2.html	correlation	29078	e56084aba8c568fbbb4493e22afb2c4bbdea120a9f59aef88f6615601f56f4cb	history/sources/历史总包_2026-09-14/菠萝_RL与广义次正则研究资产_2026-09-14_v2_真实超边图/03_随机与Markov理论/04_相关性与随机表示/相关性感知_随机近端正类与分支缺陷障碍.md	exact-existing-byte-copy
history/sources/历史总包_2026-09-14/菠萝_RL与广义次正则研究资产_2026-09-14_v2_真实超边图/00_从这里开始/研究资产统一超边知识图_v2.html	native	35599	f45947f55a8e36b80e80d90cd31e425fcd869393957d828e7574f6140dd4c3f2	history/sources/历史总包_2026-09-14/菠萝_RL与广义次正则研究资产_2026-09-14_v2_真实超边图/03_随机与Markov理论/04_相关性与随机表示/非乘积随机近端_吸收选择与非不变极限障碍.md	exact-existing-byte-copy
history/sources/历史总包_2026-09-14/菠萝_RL与广义次正则研究资产_2026-09-14_v2_真实超边图/00_从这里开始/研究资产统一超边知识图_v2.html	markov_novelty	32772	47684c88ebee712a63ff6268c849f92c2ecf80a467a48990ac14fcba457a48b3	history/sources/历史总包_2026-09-14/菠萝_RL与广义次正则研究资产_2026-09-14_v2_真实超边图/03_随机与Markov理论/05_新颖性及期刊门槛/Markov研究_全球新颖性压力测试与旧机制扣除.md	exact-existing-byte-copy
history/sources/历史总包_2026-09-14/菠萝_RL与广义次正则研究资产_2026-09-14_v2_真实超边图/00_从这里开始/研究资产统一超边知识图_v2.html	markov_journal	19773	4dca9d637e64dea431814d12b126f220e7ef4d70aeca536aad053a42a8e5701f	history/sources/历史总包_2026-09-14/菠萝_RL与广义次正则研究资产_2026-09-14_v2_真实超边图/03_随机与Markov理论/05_新颖性及期刊门槛/有限Markov分类_论文整合与期刊门槛重评.md	exact-existing-byte-copy
history/sources/历史总包_2026-09-14/菠萝_RL与广义次正则研究资产_2026-09-14_v2_真实超边图/00_从这里开始/研究资产统一超边知识图_v2.html	markov_exact	3703	c0b512fbccbe2e7d40e0721fb3c41521900d622605309a4f211b42f6392a2151	history/sources/历史总包_2026-09-14/菠萝_RL与广义次正则研究资产_2026-09-14_v2_真实超边图/03_随机与Markov理论/06_验证程序/验证_四状态反例精确证书.py	exact-existing-byte-copy
history/sources/历史总包_2026-09-14/菠萝_RL与广义次正则研究资产_2026-09-14_v2_真实超边图/00_从这里开始/研究资产统一超边知识图_v2.html	finite_exact	5512	280e57a432bae380d5737b6ead99063902b0448258cdda2d1ab3b7ba7ba65f4e	history/sources/历史总包_2026-09-14/菠萝_RL与广义次正则研究资产_2026-09-14_v2_真实超边图/03_随机与Markov理论/06_验证程序/验证_惰性四循环精确有理数.py	exact-existing-byte-copy
history/sources/历史总包_2026-09-14/菠萝_RL与广义次正则研究资产_2026-09-14_v2_真实超边图/00_从这里开始/研究资产统一超边知识图_v2.html	markov_ext	3672	edce45b071adba32b6616c8fe94da452c0b20b9c433f5bc7e66759001fd2a740	history/sources/历史总包_2026-09-14/菠萝_RL与广义次正则研究资产_2026-09-14_v2_真实超边图/03_随机与Markov理论/06_验证程序/验证_投影与可数紧致扩展.py	exact-existing-byte-copy
history/sources/历史总包_2026-09-14/菠萝_RL与广义次正则研究资产_2026-09-14_v2_真实超边图/00_从这里开始/研究资产统一超边知识图_v2.html	finite_test	5052	413918ccd90961c7a332b2f5edd19dbb2b6078efda476e065465c18b7591a659	history/sources/历史总包_2026-09-14/菠萝_RL与广义次正则研究资产_2026-09-14_v2_真实超边图/03_随机与Markov理论/06_验证程序/验证_有限状态OT严格性.py	exact-existing-byte-copy
history/sources/历史总包_2026-09-14/菠萝_RL与广义次正则研究资产_2026-09-14_v2_真实超边图/00_从这里开始/研究资产统一超边知识图_v2.html	conditional_test	6121	0885b8e0e10060e9c47bc24b7327c18d58c3a3a0eb7d9a627846a4d50e33fc02	history/sources/历史总包_2026-09-14/菠萝_RL与广义次正则研究资产_2026-09-14_v2_真实超边图/03_随机与Markov理论/06_验证程序/验证_条件残差修复独立复核.py	exact-existing-byte-copy
history/sources/历史总包_2026-09-14/菠萝_RL与广义次正则研究资产_2026-09-14_v2_真实超边图/00_从这里开始/研究资产统一超边知识图_v2.html	correlation_test	3182	87dbfa24f9191d5f11e3372a50e4bd014c9e1e1eac72ccfc23f63047abf097e0	history/sources/历史总包_2026-09-14/菠萝_RL与广义次正则研究资产_2026-09-14_v2_真实超边图/03_随机与Markov理论/06_验证程序/验证_随机近端相关性与常数.py	exact-existing-byte-copy
history/sources/历史总包_2026-09-14/菠萝_RL与广义次正则研究资产_2026-09-14_v2_真实超边图/00_从这里开始/研究资产统一超边知识图_v2.html	native_test	1836	1b1ee7af6e7ae35f9c35c5fbc7409365957eefa20fe0d4cfe16df92494f9c55d	history/sources/历史总包_2026-09-14/菠萝_RL与广义次正则研究资产_2026-09-14_v2_真实超边图/03_随机与Markov理论/06_验证程序/验证_非乘积近端与吸收障碍.py	exact-existing-byte-copy
history/sources/历史总包_2026-09-14/菠萝_RL与广义次正则研究资产_2026-09-14_v2_真实超边图/00_从这里开始/研究资产统一超边知识图_v2.html	open_reg	34533	3e0c9aca101d5165f7cd4f0e2db7824933a77e4a2aaf1ec5d61769c752d2471c	history/sources/历史总包_2026-09-14/菠萝_RL与广义次正则研究资产_2026-09-14_v2_真实超边图/04_公开问题与未来攻关/01_原始公开问题/正则性公开问题_用户原始材料.md	exact-existing-byte-copy
history/sources/历史总包_2026-09-14/菠萝_RL与广义次正则研究资产_2026-09-14_v2_真实超边图/00_从这里开始/研究资产统一超边知识图_v2.html	open_ops	40685	646ab1a29819c8b6a96dff9508082e1e264632226241a1efe7c1366d555fad3b	history/sources/历史总包_2026-09-14/菠萝_RL与广义次正则研究资产_2026-09-14_v2_真实超边图/04_公开问题与未来攻关/01_原始公开问题/结构化算子公开问题_用户原始材料.md	exact-existing-byte-copy
history/sources/历史总包_2026-09-14/菠萝_RL与广义次正则研究资产_2026-09-14_v2_真实超边图/00_从这里开始/研究资产统一超边知识图_v2.html	open_attack	21549	58a3f2f1dc4fcdd93c1b5f7e633c6ebc6ed5274c26cf29ac7fc485929c8beb9e	history/sources/历史总包_2026-09-14/菠萝_RL与广义次正则研究资产_2026-09-14_v2_真实超边图/04_公开问题与未来攻关/02_筛选与红队结论/公开问题攻关_可复用定理与失败边界_2026-09-09.md	exact-existing-byte-copy
history/sources/历史总包_2026-09-14/菠萝_RL与广义次正则研究资产_2026-09-14_v2_真实超边图/00_从这里开始/研究资产统一超边知识图_v2.html	open_final	34017	91cd826a594c49873e0c97a78ebe22888a1eb44d487a8351e3db243a4f6b5360	history/sources/历史总包_2026-09-14/菠萝_RL与广义次正则研究资产_2026-09-14_v2_真实超边图/04_公开问题与未来攻关/02_筛选与红队结论/公开问题终局红队_历史筛选与停止条件.md	exact-existing-byte-copy
history/sources/历史总包_2026-09-14/菠萝_RL与广义次正则研究资产_2026-09-14_v2_真实超边图/00_从这里开始/研究资产统一超边知识图_v2.html	open_flagship	3543	ecaec4f83c8381a4bc448ee1946141eeba2d950bbd2af8cabf15f1f066a5435e	history/sources/历史总包_2026-09-14/菠萝_RL与广义次正则研究资产_2026-09-14_v2_真实超边图/04_公开问题与未来攻关/03_旗舰问题任务书/Codex旗舰攻关_历史任务书与验收标准_2026-09-09.md	exact-existing-byte-copy
history/sources/历史总包_2026-09-14/菠萝_RL与广义次正则研究资产_2026-09-14_v2_真实超边图/00_从这里开始/研究资产统一超边知识图_v2.html	open_plan	18817	30621d0196488d01a748d6bba89c5f62b031791c7f92b49308a514e0d548bda5	history/sources/历史总包_2026-09-14/菠萝_RL与广义次正则研究资产_2026-09-14_v2_真实超边图/04_公开问题与未来攻关/04_一个月研究计划/三主线人机协作_30天研究计划_2026-09-10.md;history/sources/次单调论文研究/RL_RESEARCH_30_DAY_HUMAN_CODEX_PLAN_2026-09-10.md	exact-existing-byte-copy
history/sources/历史总包_2026-09-14/菠萝_RL与广义次正则研究资产_2026-09-14_v2_真实超边图/00_从这里开始/研究资产统一超边知识图_v2.html	frankowska	1580010	a1d05d419913cd9bdb463ca868f705960c96598c5be582fb58908b55111c2892		embedded-only-primary-pdf-text-searched-no-M1-hit
history/sources/历史总包_2026-09-14/菠萝_RL与广义次正则研究资产_2026-09-14_v2_真实超边图/00_从这里开始/研究资产统一超边知识图_v2.html	m3audit	18811	376316e389eaa1efe2e41008a9669b75c92c4fc9b2ec33978a1b4d2efe089884	history/sources/历史总包_2026-09-14/菠萝_RL与广义次正则研究资产_2026-09-14_v2_真实超边图/05_文献证据与来源快照/02_文献检索记录/广义次正则_2024至2026文献审计.md	exact-existing-byte-copy
history/sources/历史总包_2026-09-14/菠萝_RL与广义次正则研究资产_2026-09-14_v2_真实超边图/00_从这里开始/研究资产统一超边知识图_v2.html	m3log	16305	c167084e323955f8e6d302113533bdbb7145ccd8b464668b38c028c5793c7e22	history/sources/历史总包_2026-09-14/菠萝_RL与广义次正则研究资产_2026-09-14_v2_真实超边图/05_文献证据与来源快照/02_文献检索记录/广义次正则_2024至2026查询日志.json	exact-existing-byte-copy
history/sources/历史总包_2026-09-14/菠萝_RL与广义次正则研究资产_2026-09-14_v2_真实超边图/00_从这里开始/研究资产统一超边知识图_v2.html	oldstate	4509	159a12fa7659ddaba07346c57b7ffa568df0a25d8e3ddc343bf697de099b452d	history/sources/历史总包_2026-09-14/菠萝_RL与广义次正则研究资产_2026-09-14_v2_真实超边图/05_文献证据与来源快照/03_用户提供的原始材料/历史项目状态_不可作为当前验收.yaml	exact-existing-byte-copy
