sha256	bytes	occurrence_count	representative_locator	enumeration_status	atomic_scope_ids
02835946638d2d44db09f5b0e49395fdaa4a4192c37d16064fc9064f189195d5	11030	1	history/sources/次单调论文研究/M2_Codex_clearance_and_PRO_brief (1).md	pending-semantic-enumeration	none
033a611df67008a3c747a55ad62a2de156e7d6139159753acaaaa9bec513a73e	26229	1	history/sources/次单调论文研究/RL_novelty_boundary_checkpoint_2026-09-01.zip!/work/novelty_wang_search.md	pending-semantic-enumeration	none
0608f742257d34447292b83025bd40ea4768bd5f3972cd7cb224b9375669bf00	36616	1	history/sources/历史总包_2026-09-14/菠萝_RL与广义次正则研究资产_2026-09-14_v2_真实超边图/03_随机与Markov理论/02_有限状态分类/有限状态_精确零集与线性误差界等价.md	enumerated-with-dispositions	FINITE-STATE-full
06f210e7fcc7dd0810019a81f39a7c3a3a508fafe1b8744388d0a5955ecd2411	3045	1	history/sources/历史总包_2026-09-14/菠萝_RL与广义次正则研究资产_2026-09-14_v2_真实超边图/00_从这里开始/打包筛选说明.md	pending-semantic-enumeration	none
0836e5eca97602fd80863df1308c66af5cf09fbf53580e97939a4679f9003cdd	47321	1	history/sources/历史总包_2026-09-14/菠萝_RL与广义次正则研究资产_2026-09-14_v2_真实超边图/00_从这里开始/manifest.json	pending-semantic-enumeration	none
0885b8e0e10060e9c47bc24b7327c18d58c3a3a0eb7d9a627846a4d50e33fc02	6121	1	history/sources/历史总包_2026-09-14/菠萝_RL与广义次正则研究资产_2026-09-14_v2_真实超边图/03_随机与Markov理论/06_验证程序/验证_条件残差修复独立复核.py	pending-semantic-enumeration	none
0928b8fbf62d7bdb03a513e3275ab6da954cc7297cbff8a4a15ab5f2b18e306f	23154	1	history/sources/次单调论文研究/分类集研究/RLEB_LT_operator_space_research_asset_v1/RLEB_LT_operator_space_research_asset_v1/05_EARLIER_EXPLORATIONS/comparison_space_team/06_math_audit.md	pending-semantic-enumeration	none
0aada547bb4fddba1abb121e0cff03e5af55e491bc49eab6d3c6816bb91bddac	8454	1	history/sources/历史总包_2026-09-14/菠萝_RL与广义次正则研究资产_2026-09-14_v2_真实超边图/01_RL_PPA核心理论/02_核心推导/核心定理链_补位终审与完整量词.md	enumerated-with-dispositions	CORE-ALLOWED-TRANSITIONS-full
0adf8ca1593148bebce576e9659f3da50e61a77880c0b311cbcc35d0dcbb4ebd	48594	3	history/sources/次单调论文研究/RL_foundations.md	enumerated-with-dispositions	FOUNDATIONS-final-full
0bd11b6c3e8c246842151a0190928b0bc02c3f1662405d0d0771c4687d418c03	480934	1	history/sources/次单调论文研究/分类集研究/RLEB_LT_operator_space_research_asset_v1/RLEB_LT_operator_space_research_asset_v1/06_RELATED_MANUSCRIPT_ASSETS/solution_selection_revised_v1_delivery.zip!/output/pdf/solution_selection_revised.pdf	pending-semantic-enumeration	none
0e675fe1aae0b9a2838f25681ae2354461792d5dd3c32fbd77cf3ab726756c37	21580	1	history/sources/次单调论文研究/ATTACK_PRODUCT_CONE_CRSC_MSCQ.md	pending-semantic-enumeration	none
1074a9faab269dd0140ba75016a7096ef82c85fedc815492e1d782fc56be5a5d	39247	2	history/sources/次单调论文研究/RL_monotonicity_regularity_research_checkpoint_2026-09-01.zip!/work/b_monotonicity_gaps.md	pending-semantic-enumeration	none
11638100ad65607b8a22bb141e8b8dc15a5c93c4e9a3c6389078341bd8d9231a	33642	1	history/sources/历史总包_2026-09-14/菠萝_RL与广义次正则研究资产_2026-09-14_v2_真实超边图/01_RL_PPA核心理论/04_证明审计与敌对审稿/定理量词与精确性_独立数学审计_T4.md	pending-semantic-enumeration	none
14625d908bc66cc8a3bb5669e39e151c57062291a2e4d87263886121b5c7c9f3	1256	1	history/sources/次单调论文研究/分类集研究/RLEB_LT_operator_space_research_asset_v1/RLEB_LT_operator_space_research_asset_v1/CHANGELOG.md	pending-semantic-enumeration	none
148ad8c67be9d3c7bf9dd99f6109133bcd0397a8bee853caa8a38070591bb02f	2922	2	history/sources/提纯总账_2026-09-21_v0.9/04_OPEN_GATES.md	pending-semantic-enumeration	none
14b4fc8132f99e8b47136dff8a4ffe622a23359d31b5c25427f399c76284b720	3593	2	history/sources/历史总包_2026-09-14/菠萝_RL与广义次正则研究资产_2026-09-14_v2_真实超边图/02_锥优化_CRSC_MSCQ/02_可编译源文件/原始构建与数学范围说明.md	pending-semantic-enumeration	none
14cf0474d90a34fa9c3aa4b89bf409446aca78975d31925823861fd1d4533ef5	5050	2	history/sources/历史总包_2026-09-14/菠萝_RL与广义次正则研究资产_2026-09-14_v2_真实超边图/02_锥优化_CRSC_MSCQ/02_可编译源文件/references.bib	pending-semantic-enumeration	none
159a12fa7659ddaba07346c57b7ffa568df0a25d8e3ddc343bf697de099b452d	4509	1	history/sources/历史总包_2026-09-14/菠萝_RL与广义次正则研究资产_2026-09-14_v2_真实超边图/05_文献证据与来源快照/03_用户提供的原始材料/历史项目状态_不可作为当前验收.yaml	pending-semantic-enumeration	none
16ab74132f82061ad0dc4eca2a1748e8ec0a0b57d5bb46867b8f2c4784efc04e	17891	1	history/sources/次单调论文研究/分类集研究/RLEB_LT_operator_space_research_asset_v1/RLEB_LT_operator_space_research_asset_v1/05_EARLIER_EXPLORATIONS/comparison_space_team/08_naturalness_audit.md	pending-semantic-enumeration	none
187b38a3053b2f16faf82e17e8fb2299f81021fd36eb657fd7e213ff25c65f3f	1177	1	history/sources/次单调论文研究/RLEB_投稿扩展版_完整源码_2026-09-19.zip!/RLEB_投稿扩展版_2026-09-19/main.tex	pending-semantic-enumeration	none
18b22c74632a564130ec619b89d2ff08cf16aafb878711167f9c19a7d72f296f	69494	1	history/sources/次单调论文研究/RL_PPA_partial_information_verification_report_2026-09-06.md	pending-semantic-enumeration	none
18ce69c6aded46b38b178d1bb70ea4ce0050bb0cbc0d4bde04f13521ec97047a	383263	1	history/sources/次单调论文研究/RL_T4_CODEX_HANDOFF_2026-09-09.zip	pending-semantic-enumeration	none
1ad235a3e823566c3a8caea39c3d48aa60f644925454ac7b4cc6713f1993bcd4	5587004	1	history/sources/历史总包_2026-09-14/菠萝_RL与广义次正则研究资产_2026-09-14_v2_真实超边图/00_从这里开始/研究资产统一超边知识图_v2.html	pending-semantic-enumeration	none
1b012971efcc55f3930c7b52ad08115ca75b3a03c00446f4d56da875c08c6be2	16408	1	history/sources/次单调论文研究/分类集研究/RLEB_LT_operator_space_research_asset_v1/RLEB_LT_operator_space_research_asset_v1/01_CANONICAL_HANDOFF/mathematician_handoff/06_math_audit.md	pending-semantic-enumeration	none
1b1ee7af6e7ae35f9c35c5fbc7409365957eefa20fe0d4cfe16df92494f9c55d	1836	1	history/sources/历史总包_2026-09-14/菠萝_RL与广义次正则研究资产_2026-09-14_v2_真实超边图/03_随机与Markov理论/06_验证程序/验证_非乘积近端与吸收障碍.py	pending-semantic-enumeration	none
1ba2142cf964928d2b09bde17e1e2827b6be1be327d00636e104ff600b449071	22018	1	history/sources/次单调论文研究/RL_foundations_freeze_2026-09-01/work/rl_foundations_presubmission_review.md	pending-semantic-enumeration	none
1bbd6787f44eb65723efd67bf2062928b854de4c961b57e9066b53b6cb8f6b04	11946	1	history/sources/次单调论文研究/分类集研究/RLEB_LT_operator_space_research_asset_v1/RLEB_LT_operator_space_research_asset_v1/05_EARLIER_EXPLORATIONS/genericity_team/02_baire_literature.md	pending-semantic-enumeration	none
1bcff5ce8a54968f47e5212f33c65a56347c95923509c8e0cafcade9763ee695	2530	1	history/sources/次单调论文研究/分类集研究/RLEB_LT_operator_space_research_asset_v1/RLEB_LT_operator_space_research_asset_v1/06_RELATED_MANUSCRIPT_ASSETS/solution_selection_revised_v1_delivery.zip!/revision_priority_closure.md	pending-semantic-enumeration	none
1c7c870d1468a565792aa44b98c95b60031fd7e586c46d1f175f824dd2e92deb	71218	1	history/sources/次单调论文研究/最新成果/Holder_RL_Formal_Manuscript.tex	pending-semantic-enumeration	none
1d02926016b2e79e210d578303de4e80427999f99a33ab4840b1d9c68effe6eb	26904	1	history/sources/历史总包_2026-09-14/菠萝_RL与广义次正则研究资产_2026-09-14_v2_真实超边图/03_随机与Markov理论/04_相关性与随机表示/条件残差修复_独立敌对审计与高斯锐常数.md	pending-semantic-enumeration	none
1d5b18aaf0df851700321ad47c7f265d6bb94e51ddc04ffb386db47cf777c299	22110	1	history/sources/次单调论文研究/RL_monotonicity_regularity_research_checkpoint_2026-09-01.zip!/work/rl_genuine_exponent.md	pending-semantic-enumeration	none
1e0e774d41d42bd426ac7d1d1d7cdac8bb4a19ab87f0095e20c7674cfdc3e6c7	3088	1	history/sources/次单调论文研究/分类集研究/RLEB_LT_operator_space_research_asset_v1/RLEB_LT_operator_space_research_asset_v1/06_RELATED_MANUSCRIPT_ASSETS/solution_selection_revised_v1_delivery.zip!/revision_math_closure.md	pending-semantic-enumeration	none
1e2d75365c04cc366defa41851a13941f399d92697000ebf4d0c7e4babe65876	26179	1	history/sources/次单调论文研究/RL_novelty_boundary_checkpoint_2026-09-01.zip!/work/rl_novelty_freeze_referee.md	pending-semantic-enumeration	none
1f15893a567e6a43184943847e8c216f866be3296d12613017a9e3f27927ed9e	27394	1	history/sources/次单调论文研究/RL_novelty_boundary_checkpoint_2026-09-01.zip!/work/novelty_wang_deepread.md	pending-semantic-enumeration	none
1f2323d2ad752e2217718e3a4b8d8a55eb04436514cae2d67d558a4468e5c9ff	59971	1	history/sources/次单调论文研究/RL_PPA_generalized_subregularity_Boluo_source.zip	pending-semantic-enumeration	none
20002ded0e0acfa115c3303b040f00399695f29a3573f06480d49f216529f428	13828	1	history/sources/历史总包_2026-09-14/菠萝_RL与广义次正则研究资产_2026-09-14_v2_真实超边图/01_RL_PPA核心理论/04_证明审计与敌对审稿/最终合稿_实例常数与反例重审_T5E.md	pending-semantic-enumeration	none
20fd63e23b72183572313b68c3cb2e0fe080901a7253f5fe6c97aa3c860f7a56	16208	1	history/sources/次单调论文研究/分类集研究/RLEB_LT_operator_space_research_asset_v1/RLEB_LT_operator_space_research_asset_v1/05_EARLIER_EXPLORATIONS/genericity_team/04_semialgebraic_families.md	pending-semantic-enumeration	none
2159d526ad0cc1df7fbad0fbfc5931ce2b0a556a59e4986fb39c0220728b3222	2970	1	history/sources/次单调论文研究/RLEB_投稿扩展版_完整源码_2026-09-19.zip!/RLEB_投稿扩展版_2026-09-19/README_编译与内容说明.md	pending-semantic-enumeration	none
21a9d759caa5ba57eb8fce41d443488c8d3a0f48c8a853518b2e5f14dd328720	18599	1	history/sources/次单调论文研究/分类集研究/RLEB_LT_operator_space_research_asset_v1/RLEB_LT_operator_space_research_asset_v1/04_AUDITS_AND_PRIOR_ART/ASSET_SCOPE_AUDIT.md	pending-semantic-enumeration	none
23bb3967baf3fe00bd3fb5246589569005f3ddd2585aaf3f5dd985812d15e53d	12176	1	history/sources/次单调论文研究/RL_foundations_freeze_2026-09-01/research/expert_tasks.yaml	pending-semantic-enumeration	none
2403787634d6dcb27273fa189de23171999d2d45210f5b2b75cc2a0a3c4eb976	2038	1	history/sources/次单调论文研究/分类集研究/RLEB_LT_operator_space_research_asset_v1/RLEB_LT_operator_space_research_asset_v1/06_RELATED_MANUSCRIPT_ASSETS/source_inputs/RLEB_PPA_submission_assets_2026-09-18.zip!/RLEB_PPA_投稿资产_2026-09-18/locked_content_ledger.yaml	pending-semantic-enumeration	none
25de6024f41dbf68e00234897ae7307adb58f10fa4d917c7c23c0366fe86abbd	29017	1	history/sources/次单调论文研究/luke_tam_改进_reorganized.tex	pending-semantic-enumeration	none
261e9afd45f9bc620336dd4e2ddcfdafb2fad284ed8bf98ca0c261c28fca133f	1602	1	history/sources/次单调论文研究/RL_monotonicity_regularity_research_checkpoint_2026-09-01.zip!/work/rl_publication_calibrator_result.yaml	pending-semantic-enumeration	none
26f83a079164868badc685de5dad2381f04646acac050ee479e604796fcabc86	1310	1	history/sources/次单调论文研究/分类集研究/RLEB_LT_operator_space_research_asset_v1/RLEB_LT_operator_space_research_asset_v1/05_EARLIER_EXPLORATIONS/initial_value_stability_team/08_synthesis_closure.md	pending-semantic-enumeration	none
273086ca09fbc68cbb0ee2eb59313994dc86b434281dcc8ff777618edc52b6c3	433772	2	history/sources/历史总包_2026-09-14/菠萝_RL与广义次正则研究资产_2026-09-14_v2_真实超边图/02_锥优化_CRSC_MSCQ/01_论文主稿/冻结最小面CRSC与MSCQ_当前论文_v04.pdf	pending-semantic-enumeration	none
280e57a432bae380d5737b6ead99063902b0448258cdda2d1ab3b7ba7ba65f4e	5512	1	history/sources/历史总包_2026-09-14/菠萝_RL与广义次正则研究资产_2026-09-14_v2_真实超边图/03_随机与Markov理论/06_验证程序/验证_惰性四循环精确有理数.py	pending-semantic-enumeration	none
28337ad7c9521711f705f249b2c8f477d2cdb4604ce5ed30566cf126e1d64dbb	42032	2	history/sources/次单调论文研究/RL_monotonicity_regularity_research_checkpoint_2026-09-01.zip!/work/rl_alias_landscape.md	pending-semantic-enumeration	none
291c5b79461230d89e9ad33edbec875ff630afea213817bc9d2b99ef6caba433	4827	1	history/sources/历史总包_2026-09-14/菠萝_RL与广义次正则研究资产_2026-09-14_v2_真实超边图/01_RL_PPA核心理论/02_核心推导/独立证书组合_第二阶段根推导.md	pending-semantic-enumeration	none
29940cbcb539028e84fc01bfc23d06b7ae84fa67b473056edb0f60a9fa846ab2	32688	1	history/sources/历史总包_2026-09-14/菠萝_RL与广义次正则研究资产_2026-09-14_v2_真实超边图/02_锥优化_CRSC_MSCQ/04_边界反例与优先权/CRSC与MSCQ_优先权及正式版证据矩阵.md	pending-semantic-enumeration	none
2b468477e4199db8beb39c22b4e2f2ec9fee95ccf75ff951bbae2b7d1bd943ad	23117	2	history/sources/历史总包_2026-09-14/菠萝_RL与广义次正则研究资产_2026-09-14_v2_真实超边图/02_锥优化_CRSC_MSCQ/02_可编译源文件/构建报告与版本核对_v04.md	pending-semantic-enumeration	none
2b4f60a3de5fa48f0644f03a3a639bdfd028da76a0f67fa012229a8606619531	24307	1	history/sources/次单调论文研究/RL_nonisolated_holder_research_report(1).docx	pending-semantic-enumeration	none
2c7746d06e6f2223d39545ee61ba5633011ce492d48cea9504726c246d86c500	30028	1	history/sources/次单调论文研究/RL_novelty_boundary_checkpoint_2026-09-01.zip!/work/novelty_mv_search.md	pending-semantic-enumeration	none
2d0f48315339f69e0761789d95459c6c39cd5b74f190fa671963cb04a2419652	3071	1	history/sources/次单调论文研究/分类集研究/RLEB_LT_operator_space_research_asset_v1/RLEB_LT_operator_space_research_asset_v1/06_RELATED_MANUSCRIPT_ASSETS/solution_selection_revised_v1_delivery.zip!/change_log.md	pending-semantic-enumeration	none
2e9e05d789d0a365768281a27332819f9a7daa01c3ce9605e61bcf8779525864	18782	1	history/sources/次单调论文研究/RL_foundations_freeze_2026-09-01/work/rl_foundations_final_referee.md	pending-semantic-enumeration	none
2f42cee332dc33af58242eadf098f688171ac0f0fa77e1b23f1b1c8af1d0d1ed	1092	1	history/sources/次单调论文研究/分类集研究/RLEB_LT_operator_space_research_asset_v1/RLEB_LT_operator_space_research_asset_v1/06_RELATED_MANUSCRIPT_ASSETS/solution_selection_revised_v1_delivery.zip!/manuscript_template.tex	pending-semantic-enumeration	none
30621d0196488d01a748d6bba89c5f62b031791c7f92b49308a514e0d548bda5	18817	2	history/sources/历史总包_2026-09-14/菠萝_RL与广义次正则研究资产_2026-09-14_v2_真实超边图/04_公开问题与未来攻关/04_一个月研究计划/三主线人机协作_30天研究计划_2026-09-10.md	pending-semantic-enumeration	none
3064482ee76b17e2e336a908e792e71e3b5b849c6f9294fe61615b8325d7e817	3771	1	history/sources/次单调论文研究/RLEB_投稿扩展版_完整源码_2026-09-19.zip!/RLEB_投稿扩展版_2026-09-19/sections/conclusion.tex	pending-semantic-enumeration	none
30bcca15af33d136410480bad100be70cc601d71320a5724ce17382fa5b8f7c4	35301	1	history/sources/次单调论文研究/分类集研究/RLEB_LT_operator_space_research_asset_v1/RLEB_LT_operator_space_research_asset_v1/05_EARLIER_EXPLORATIONS/comparison_space_team/04_comparison_space_architecture.md	pending-semantic-enumeration	none
313fc12594684ca73a3b5ff6cb278f46c44908bd6d7e3efee991e023cae47959	101310	2	history/sources/次单调论文研究/RL_monotonicity_regularity_research_checkpoint_2026-09-01.zip!/research/gap_examples.md	pending-semantic-enumeration	none
31443d3720ddc30e4e63342afd177119e2813f9b4d45652153b58963a5b2aaf1	28517	2	history/sources/历史总包_2026-09-14/菠萝_RL与广义次正则研究资产_2026-09-14_v2_真实超边图/01_RL_PPA核心理论/01_论文主稿/author_boluo.png	pending-semantic-enumeration	none
31f55c7c52d8c77fcebb61657210a9991e872e49b547b57da7065047093f2aa2	49603	1	history/sources/次单调论文研究/RL_CONIC_CRSC_MSCQ_Boluo_v04_source.zip	pending-semantic-enumeration	none
33414e95e98cd446221b3daeb9684d2592408cdfacef0ac5f520c4d431065705	4258	2	history/sources/次单调论文研究/正式后的研究/Codex_independent_audit.md	pending-semantic-enumeration	none
3344b5059c62af5672c37e2d3136cb3e1a33dd326e013d5422b4b2e6227ef05c	8190	1	history/sources/次单调论文研究/正式后的研究/RLEB_solution_selection_2026-09-18.zip!/RLEB_solution_selection_2026-09-18/verify_research.py	pending-semantic-enumeration	none
33cdcd8a5beac4d89eb6f2e5193dee5795ecffbf005d2cad5634614d5fefbc45	38568	1	history/sources/次单调论文研究/分类集研究/RLEB_LT_operator_space_research_asset_v1/RLEB_LT_operator_space_research_asset_v1/02_NEUTRAL_PPA_SYSTEM/ppa_system_team/03_certificate_embeddings.md	pending-semantic-enumeration	none
3416727429588eb73b811b20fe45b49b4d2a2eef795190888fc602ee24281aa2	39648	1	history/sources/历史总包_2026-09-14/菠萝_RL与广义次正则研究资产_2026-09-14_v2_真实超边图/03_随机与Markov理论/03_无限状态障碍/有限与无限状态_反例及正则性障碍独立审计.md	pending-semantic-enumeration	none
3522af2a2822a718ed43b56510c4dd66ea991b92319f81a435eb81ce36e0f722	23685	1	history/sources/次单调论文研究/分类集研究/RLEB_LT_operator_space_research_asset_v1/RLEB_LT_operator_space_research_asset_v1/02_NEUTRAL_PPA_SYSTEM/ppa_system_team/04_priorart.md	pending-semantic-enumeration	none
36b3de108c218376d201078f2fe12d60b2474de02b30ce9f4adc487e0752938e	270	1	history/sources/历史总包_2026-09-14/菠萝_RL与广义次正则研究资产_2026-09-14_v2_真实超边图/00_从这里开始/README_本目录说明.md	pending-semantic-enumeration	none
36ced9cb4e7f9fc55b28f3a80388eeb8ed5c37ce03215191ccbe099de89ed765	28299	1	history/sources/次单调论文研究/SO-07_source_open_problem_and_progress.md	pending-semantic-enumeration	none
370dd0420fbf6927f5657b982926e613024bf3fe18916fb2f637e33e7a2579e0	1483	2	history/sources/历史总包_2026-09-14/菠萝_RL与广义次正则研究资产_2026-09-14_v2_真实超边图/02_锥优化_CRSC_MSCQ/02_可编译源文件/build_author_font.py	pending-semantic-enumeration	none
376316e389eaa1efe2e41008a9669b75c92c4fc9b2ec33978a1b4d2efe089884	18811	1	history/sources/历史总包_2026-09-14/菠萝_RL与广义次正则研究资产_2026-09-14_v2_真实超边图/05_文献证据与来源快照/02_文献检索记录/广义次正则_2024至2026文献审计.md	pending-semantic-enumeration	none
37b9b5e90901b5801752f43349a2a8c7e89ce0999e7756ccdd265cce30c88752	236	2	history/sources/历史总包_2026-09-14/菠萝_RL与广义次正则研究资产_2026-09-14_v2_真实超边图/02_锥优化_CRSC_MSCQ/02_可编译源文件/author-cjk.tfm	pending-semantic-enumeration	none
38b4c04a1a3b43fac6b3834e7fcb0f53af8bb312a3dac50038fab5f0be43bd11	29820	2	history/sources/次单调论文研究/RL_monotonicity_regularity_research_checkpoint_2026-09-01.zip!/work/a_rl_position.md	pending-semantic-enumeration	none
3a3dab8045bf30d722fab12d2c135f0b641b9ddcbb3d6fa8ffc029d6af587981	3179	1	history/sources/历史总包_2026-09-14/菠萝_RL与广义次正则研究资产_2026-09-14_v2_真实超边图/01_RL_PPA核心理论/06_验证程序/验证_RL合稿实例与常数.py	pending-semantic-enumeration	none
3aa62c470536b8052e0db9f07131b13c336227713ec161670ef97110e4d65f9b	13032	1	history/sources/次单调论文研究/M3_Codex_clearance_and_PRO_brief_2026-09-08.md	pending-semantic-enumeration	none
3c625e2ec399afa4800e17ea275b10aa192dab9ffe341d8c64404088bdbd1757	1083	1	history/sources/次单调论文研究/正式后的研究/RLEB_solution_selection_2026-09-18.zip!/RLEB_solution_selection_2026-09-18/README.md	pending-semantic-enumeration	none
3ce415de625ff6f54b6644333414eab678db7a66ad5c14b76b308b9588514e10	19020	1	history/sources/次单调论文研究/分类集研究/RLEB_LT_operator_space_research_asset_v1/RLEB_LT_operator_space_research_asset_v1/05_EARLIER_EXPLORATIONS/comparison_space_team/02_monotone_category_literature.md	pending-semantic-enumeration	none
3e0c9aca101d5165f7cd4f0e2db7824933a77e4a2aaf1ec5d61769c752d2471c	34533	1	history/sources/历史总包_2026-09-14/菠萝_RL与广义次正则研究资产_2026-09-14_v2_真实超边图/04_公开问题与未来攻关/01_原始公开问题/正则性公开问题_用户原始材料.md	pending-semantic-enumeration	none
3f0f7388f6f8309ea49a11e403245556490c595a6a6a61950ea21a9b94f6f1c1	1991	1	history/sources/次单调论文研究/分类集研究/RLEB_LT_operator_space_research_asset_v1/RLEB_LT_operator_space_research_asset_v1/06_RELATED_MANUSCRIPT_ASSETS/source_inputs/RLEB_PPA_submission_assets_2026-09-18.zip!/RLEB_PPA_投稿资产_2026-09-18/审校验收记录.yaml	pending-semantic-enumeration	none
3f146c62b9ee2a90f9ac09442f6c96a24cd4b64c9e5b5b5566e269167602634c	5479	1	history/sources/历史总包_2026-09-14/菠萝_RL与广义次正则研究资产_2026-09-14_v2_真实超边图/00_从这里开始/资产关系_schema_v2.json	pending-semantic-enumeration	none
400fb93a27b6b06db50793641fbc2f69c9089903ee6f4b6939bec8b3cf9270a5	26522	1	history/sources/次单调论文研究/分类集研究/RLEB_research_asset_distilled_2026-09-21_v0.9.zip	pending-semantic-enumeration	none
4087cef5e959f75cbf7c7cd3e5348293370640ec8084d03ea18846355a58cc41	10379	4	history/sources/次单调论文研究/RL_Submonotonicity初稿.md	pending-semantic-enumeration	none
413918ccd90961c7a332b2f5edd19dbb2b6078efda476e065465c18b7591a659	5052	1	history/sources/历史总包_2026-09-14/菠萝_RL与广义次正则研究资产_2026-09-14_v2_真实超边图/03_随机与Markov理论/06_验证程序/验证_有限状态OT严格性.py	pending-semantic-enumeration	none
4165cba7ba8e917c96d5285bef36c5f0a0fa0e9afc984d61aad694b3a9f34fbd	18203	2	history/sources/次单调论文研究/RL_monotonicity_regularity_research_checkpoint_2026-09-01.zip!/work/a_consistency_audit.md	pending-semantic-enumeration	none
423935f2bce077bcc32982a9adbc296ca58878066d82592034e28695e1ec726d	691	1	history/sources/次单调论文研究/分类集研究/RLEB_LT_operator_space_research_asset_v1/RLEB_LT_operator_space_research_asset_v1/03_CLASSIFICATION_STAGE/README.md	pending-semantic-enumeration	none
42cd0a2a7bbf91e105f37f450b239d1b839fa67159a079f5b880acf2710934b7	23267	2	history/sources/次单调论文研究/正式后的研究/research_note.md	pending-semantic-enumeration	none
435bcddeb0a8d5ad63ffeaf658058acfb0c633d4d3284e5fc7bd76cf589f6be0	8327	1	history/sources/次单调论文研究/RL_foundations_freeze_2026-09-01/work/rl_foundations_polishing_report.md	pending-semantic-enumeration	none
43c38fe4306a150e90fb234c56ac1084387a16ffecef1f6a1efcca18eb1e6202	6461	1	history/sources/次单调论文研究/RL_monotonicity_regularity_research_checkpoint_2026-09-01.zip!/research/expert_tasks.yaml	pending-semantic-enumeration	none
43e7a7bf5ddb52bfda219780fba6bea7c7a174ba194f80513f1a54a436d6cb73	3943	1	history/sources/次单调论文研究/分类集研究/RLEB_LT_operator_space_research_asset_v1/RLEB_LT_operator_space_research_asset_v1/06_RELATED_MANUSCRIPT_ASSETS/solution_selection_revised_v1_delivery.zip!/build_report.md	pending-semantic-enumeration	none
4465946d1b64946b023bb64cde5316fb7dfe39b746b7311cf5d752c460d81741	33980	1	history/sources/次单调论文研究/RL_foundations_freeze_2026-09-01/work/rl_foundations_definitions.md	pending-semantic-enumeration	none
44942cb65a7ae675d669fda4de90757630130be3987f6f5eef26d8cf6594290f	26700	2	history/sources/次单调论文研究/RL_monotonicity_regularity_research_checkpoint_2026-09-01.zip!/work/c_consistency_audit.md	pending-semantic-enumeration	none
44ac19277792d46df780c8ad64e3403d74608be99ce5afbd66c51d6997038b78	10821	1	history/sources/次单调论文研究/RLEB_投稿扩展版_完整源码_2026-09-19.zip!/RLEB_投稿扩展版_2026-09-19/sections/frontmatter.tex	pending-semantic-enumeration	none
45432bf76b45d28c0f130d21a85f02ec217f246bbf7e06e6f9fa394ef150e716	34312	1	history/sources/次单调论文研究/基本定义和背景.txt	pending-semantic-enumeration	none
473c2c70c7c332fc61b7baea29bb29ca101f87be38b158a5d8e9c7d8f77c6835	72292	1	history/sources/次单调论文研究/MARKOV_PAPER_THEOREM_PACKAGE.md	pending-semantic-enumeration	none
47684c88ebee712a63ff6268c849f92c2ecf80a467a48990ac14fcba457a48b3	32772	1	history/sources/历史总包_2026-09-14/菠萝_RL与广义次正则研究资产_2026-09-14_v2_真实超边图/03_随机与Markov理论/05_新颖性及期刊门槛/Markov研究_全球新颖性压力测试与旧机制扣除.md	pending-semantic-enumeration	none
47dda6a557eee9ddca8352e969d5de4249d93d87bdc3ecfb3873b7b99c94fd4e	18319	1	history/sources/次单调论文研究/RL_research_context_for_AI_v2阶段性交接.md	pending-semantic-enumeration	none
48fadae27a09841d4bdadbe6b0f0ab31882c40b71bf528026bb9207e2fd0c07c	2643	1	history/sources/历史总包_2026-09-14/菠萝_RL与广义次正则研究资产_2026-09-14_v2_真实超边图/06_关键失败与研究边界/被旧理论覆盖或支配的结果.md	pending-semantic-enumeration	none
496ee41d1fa38845c26a0522c8cee64dd33d3af23530cfc49a7cc9086f5bacf4	16476	1	history/sources/次单调论文研究/分类集研究/RLEB_LT_operator_space_research_asset_v1/RLEB_LT_operator_space_research_asset_v1/05_EARLIER_EXPLORATIONS/initial_value_stability_team/05_partial_smoothness.md	pending-semantic-enumeration	none
49891b21906339fbdc5ea0f39c72bdfab04f26b6744303693d8fcd71d4343ba9	2122	2	history/sources/提纯总账_2026-09-21_v0.9/08_SOURCE_AND_CLAIM_POLICY.md	pending-semantic-enumeration	none
49ed752a056539945c1448e4a166f3c39b65136956524ab9e1e46b0068bdb156	2462	1	history/sources/历史总包_2026-09-14/菠萝_RL与广义次正则研究资产_2026-09-14_v2_真实超边图/05_文献证据与来源快照/README_本目录说明.md	pending-semantic-enumeration	none
4a4e076f368fb406ace2f41067b0b43474e6a448bacba24689b14a67f6260707	6929	2	history/sources/提纯总账_2026-09-21_v0.9/03_NO_GO_LEDGER.md	enumerated-with-dispositions	NO-GO-LEDGER-full
4ad5e7214b9c61beb04d0e4b1af1c8c95cd5a44aefe535e1066e1b15b1bacb78	9775	1	history/sources/历史总包_2026-09-14/菠萝_RL与广义次正则研究资产_2026-09-14_v2_真实超边图/01_RL_PPA核心理论/04_证明审计与敌对审稿/最终合稿_代数与定理差异复核_T5A.md	pending-semantic-enumeration	none
4b8b3becec915caba43f88cc9e40a606078258fbf6569a7636b18a24c7221bfe	8265	1	history/sources/次单调论文研究/M3_Codex_clearance_and_PRO_brief_2026-09-08(1).md	pending-semantic-enumeration	none
4bae285b37a8b7125d68d065008beab24661271da7f53fe84a666b379c41c191	1469	1	history/sources/历史总包_2026-09-14/菠萝_RL与广义次正则研究资产_2026-09-14_v2_真实超边图/00_从这里开始/解释图执行契约_v2.json	pending-semantic-enumeration	none
4c8d5e6eaa7439a8bfcc74d50eb4aecb7b62ce861dee532bbfc7cb162f0b3cd0	29652	1	history/sources/次单调论文研究/分类集研究/RLEB_LT_operator_space_research_asset_v1/RLEB_LT_operator_space_research_asset_v1/01_CANONICAL_HANDOFF/mathematician_handoff/03_obstruction_taxonomy.md	pending-semantic-enumeration	none
4cbf14e79a3892e46fcd25ba8c004f16a93331b8db19b463d33756541bc5331d	4318	2	history/sources/次单调论文研究/RL_monotonicity_regularity_research_checkpoint_2026-09-01.zip!/work/root_math_audit.md	pending-semantic-enumeration	none
4da7f81e1907a866f656eb2ab4da98e1efc2f156c5370c89016f2cba3c7a9af3	60352	2	history/sources/历史总包_2026-09-14/菠萝_RL与广义次正则研究资产_2026-09-14_v2_真实超边图/02_锥优化_CRSC_MSCQ/02_可编译源文件/main.tex	pending-semantic-enumeration	none
4dca9d637e64dea431814d12b126f220e7ef4d70aeca536aad053a42a8e5701f	19773	1	history/sources/历史总包_2026-09-14/菠萝_RL与广义次正则研究资产_2026-09-14_v2_真实超边图/03_随机与Markov理论/05_新颖性及期刊门槛/有限Markov分类_论文整合与期刊门槛重评.md	pending-semantic-enumeration	none
4e7c63321a1e8b5b41a0e85c094d7b95abfc14b7cf69f0a9d7d1fe1984dbe81b	5472	1	history/sources/历史总包_2026-09-14/菠萝_RL与广义次正则研究资产_2026-09-14_v2_真实超边图/03_随机与Markov理论/README_本目录说明.md	pending-semantic-enumeration	none
4e85fecdf149588b69382a3c6f1fa2d76205490848bc7ba3a67c5c06f52adb52	12868	1	history/sources/次单调论文研究/RL_project_handoff.md	pending-semantic-enumeration	none
4fc6c087645fcebc52e84bfe3347d091bb74070174d8f0efc2dacc633b618ea9	15189	1	history/sources/次单调论文研究/RL_foundations_freeze_2026-09-01/work/rl_foundations_referee_quantifiers.md	pending-semantic-enumeration	none
5124430eab3041d0aaab531b824e01682a83963c8d533f74ec69e6ca2bda0ca2	42905	2	history/sources/次单调论文研究/RL_monotonicity_regularity_research_checkpoint_2026-09-01.zip!/work/c_phase_cloud.md	pending-semantic-enumeration	none
51f139fa4a8130406ceb3a1e3b099ff50734b703424b9b5f62bac55f09e74182	19255	1	history/sources/次单调论文研究/分类集研究/RLEB_LT_operator_space_research_asset_v1/RLEB_LT_operator_space_research_asset_v1/05_EARLIER_EXPLORATIONS/genericity_team/03_prevalence_measure.md	pending-semantic-enumeration	none
520effc9fc69cb3c14397bbae49153e1e8bb00748bf163c7575b3279b7a56ce5	23655	1	history/sources/次单调论文研究/分类集研究/RLEB_LT_operator_space_research_asset_v1/RLEB_LT_operator_space_research_asset_v1/PROVENANCE.md	pending-semantic-enumeration	none
53c0baf40e7602189dce8c02b226b0a015ea6b8ac6f22ffb6711909d1e4c4ef7	22425	1	history/sources/次单调论文研究/RL_foundations_freeze_2026-09-01/work/rl_foundations_referee_constants.md	pending-semantic-enumeration	none
54350c47dd90e352afdb08123fd689a3737ef3441806f2a7a930c12eb9eaf1f4	19782	1	history/sources/次单调论文研究/正式后的研究/RLEB_solution_selection_2026-09-18.zip	pending-semantic-enumeration	none
55df53d130f510c873e2a9d4c4afec9b32eb1930811ad458348088ed452748f4	40606	2	history/sources/次单调论文研究/RL_monotonicity_regularity_research_checkpoint_2026-09-01.zip!/work/c_gx053_065.md	enumerated-with-dispositions	GX053-065-full
5622b9ac9381e1df99cb042e7b210e19d2ace230800cc87c989271981b562ac3	35526	1	history/sources/历史总包_2026-09-14/菠萝_RL与广义次正则研究资产_2026-09-14_v2_真实超边图/02_锥优化_CRSC_MSCQ/03_核心证明审计/锥论文_最终论证架构与依赖链.md	pending-semantic-enumeration	none
575b5d616b54a5e7bfc01984b5e9c8c1c6e3143bb2c3688b94335eaa5f4ed0ba	17197	1	history/sources/次单调论文研究/分类集研究/RLEB_LT_operator_space_research_asset_v1/RLEB_LT_operator_space_research_asset_v1/03_CLASSIFICATION_STAGE/ppa_classification_team/06_priorart_tools.md	pending-semantic-enumeration	none
581dfac2b334430b3e360b183b2862c5542d3e5b90cf16f89b52294edebbf82b	11245	1	history/sources/次单调论文研究/分类集研究/RLEB_LT_operator_space_research_asset_v1/RLEB_LT_operator_space_research_asset_v1/06_RELATED_MANUSCRIPT_ASSETS/source_inputs/RLEB_PPA_submission_assets_2026-09-18.zip!/RLEB_PPA_投稿资产_2026-09-18/manuscript_state.json	pending-semantic-enumeration	none
58a3f2f1dc4fcdd93c1b5f7e633c6ebc6ed5274c26cf29ac7fc485929c8beb9e	21549	1	history/sources/历史总包_2026-09-14/菠萝_RL与广义次正则研究资产_2026-09-14_v2_真实超边图/04_公开问题与未来攻关/02_筛选与红队结论/公开问题攻关_可复用定理与失败边界_2026-09-09.md	pending-semantic-enumeration	none
59134babdc90a810facab14d0fd21d372b867d4ab6e7ecc3df6fa0180a551b68	25977	2	history/sources/次单调论文研究/RL_monotonicity_regularity_research_checkpoint_2026-09-01.zip!/work/a_terminology_sources.md	pending-semantic-enumeration	none
59dfd727ad4f683f25cee6bec290a47c1c82d4ff6140a8802c79494206577c10	2386	2	history/sources/提纯总账_2026-09-21_v0.9/07_NEXT_SYSTEM_BRIEF.md	pending-semantic-enumeration	none
5aecce3727ef9a54695571d64771b1d0d5791c12e878f0a98594ce34d3a68f54	2616	1	history/sources/次单调论文研究/RLEB_投稿扩展版_完整源码_2026-09-19.zip!/RLEB_投稿扩展版_2026-09-19/投稿前审计与剩余问题.md	pending-semantic-enumeration	none
5c0c211ef0907efb5ace5e3783f69b99574f4ef450ffe112ea1ab469d1b7833e	43146	1	history/sources/历史总包_2026-09-14/菠萝_RL与广义次正则研究资产_2026-09-14_v2_真实超边图/01_RL_PPA核心理论/04_证明审计与敌对审稿/核心论证框架_敌对审稿_T4.md	pending-semantic-enumeration	none
5c2c7c50e5437c57765f3dbf7c1d23a4e6417c41e4718b4c161d819d1e6768aa	13323	1	history/sources/次单调论文研究/分类集研究/RLEB_LT_operator_space_research_asset_v1/RLEB_LT_operator_space_research_asset_v1/06_RELATED_MANUSCRIPT_ASSETS/solution_selection_revised_v1_delivery.zip!/revision_math_audit.md	pending-semantic-enumeration	none
5d2feb5f4634490e0e38c2d6621382f7b0ad7971e261e49cdc2684dadca2b972	28766	1	history/sources/次单调论文研究/分类集研究/RLEB_LT_operator_space_research_asset_v1/RLEB_LT_operator_space_research_asset_v1/05_EARLIER_EXPLORATIONS/genericity_team/08_final_synthesis.md	pending-semantic-enumeration	none
5d88126d4578e1a23b5069e356a519d9d5202be8766c9d88ccbbaf8b6f1a6bba	222529	1	history/sources/次单调论文研究/Luke_Tam_2025_Talk_Final_Architecture.pdf	pending-semantic-enumeration	none
5f79dcee04a16fce8bc4993c7058399d4c7d1842121efc4c00de328511beeed9	28363	1	history/sources/历史总包_2026-09-14/菠萝_RL与广义次正则研究资产_2026-09-14_v2_真实超边图/01_RL_PPA核心理论/05_实例与反例/指定竞争证书_分离与退化幸存者.md	pending-semantic-enumeration	none
60d17abfc6e4140b4db6c8b3c70b9547b1a59cbd90e1a9859bf0b0dda96fc671	2013	1	history/sources/次单调论文研究/分类集研究/RLEB_LT_operator_space_research_asset_v1/RLEB_LT_operator_space_research_asset_v1/06_RELATED_MANUSCRIPT_ASSETS/source_inputs/RLEB_PPA_submission_assets_2026-09-18.zip!/RLEB_PPA_投稿资产_2026-09-18/README_投稿包说明.md	pending-semantic-enumeration	none
61ea965bb94ec304c76eda1e1528320f62914f31cf9db1ec0ae096b16cf95e04	2335	2	history/sources/历史总包_2026-09-14/菠萝_RL与广义次正则研究资产_2026-09-14_v2_真实超边图/02_锥优化_CRSC_MSCQ/02_可编译源文件/author-cjk.enc	pending-semantic-enumeration	none
63656eefb0b3f29ff717949c6055c28c338b5a5d4adbda749fdfb343dc283440	32612	2	history/sources/次单调论文研究/RL_monotonicity_regularity_research_checkpoint_2026-09-01.zip!/research/seesaw_synthesis.md	pending-semantic-enumeration	none
646ab1a29819c8b6a96dff9508082e1e264632226241a1efe7c1366d555fad3b	40685	1	history/sources/历史总包_2026-09-14/菠萝_RL与广义次正则研究资产_2026-09-14_v2_真实超边图/04_公开问题与未来攻关/01_原始公开问题/结构化算子公开问题_用户原始材料.md	pending-semantic-enumeration	none
64935d98b998a8674440878ceaf9ad703b42f4156c172bf00c90852844ce03a4	174392	1	history/sources/次单调论文研究/RL_novelty_boundary_checkpoint_2026-09-01.zip	pending-semantic-enumeration	none
64a267712cfd0478f1bbebd7e222d15980141ca5d41ff80546e407062f4d6984	13174	1	history/sources/次单调论文研究/分类集研究/RLEB_LT_operator_space_research_asset_v1/RLEB_LT_operator_space_research_asset_v1/02_NEUTRAL_PPA_SYSTEM/ppa_system_team/07_embedding_math_audit.md	pending-semantic-enumeration	none
64dc759b0d39b8ed9d45c5c9698c2d98555df827cf56b38f777414afbbaea560	14285	1	history/sources/历史总包_2026-09-14/菠萝_RL与广义次正则研究资产_2026-09-14_v2_真实超边图/00_从这里开始/SHA256文件校验清单.txt	pending-semantic-enumeration	none
66597a9a1af42d4209842a688a249486f22ae5a4918e897551011d26999ff0d2	463936	1	history/sources/次单调论文研究/RLEB_投稿扩展版_完整源码_2026-09-19.zip	pending-semantic-enumeration	none
667f22012eb86427e7817c13e6b7b8160549b46a3ca0d118502cf6f95f126fda	3705	1	history/sources/历史总包_2026-09-14/菠萝_RL与广义次正则研究资产_2026-09-14_v2_真实超边图/02_锥优化_CRSC_MSCQ/05_验证程序/验证_SOC与PSD实例常数.py	pending-semantic-enumeration	none
66dd318c338e45c79db4549cfc6c05b11caee24f3e302a03a75bb635ca39c836	5672	1	history/sources/历史总包_2026-09-14/菠萝_RL与广义次正则研究资产_2026-09-14_v2_真实超边图/00_从这里开始/测试报告_v2.json	pending-semantic-enumeration	none
690e1628b262f434b83200c285f3c3e607b468fe726b5222c015f986d2e53b38	14064	1	history/sources/次单调论文研究/RL_PPA_HIGH_AMBITION_VERIFIED_PORTFOLIO_2026-09-09.md	pending-semantic-enumeration	none
6940d97d7564ef2705ebc86b6f8b7578cbbb0347bcd26acf5c0fc1d97a8ba0f8	27577	1	history/sources/次单调论文研究/RL_novelty_boundary_checkpoint_2026-09-01.zip!/work/novelty_luque_compare.md	pending-semantic-enumeration	none
6ab250ae061f5dd4e001db841088c1d24afe4d546fbd3b97387a35d57a1e889d	12442	1	history/sources/次单调论文研究/分类集研究/RLEB_LT_operator_space_research_asset_v1/RLEB_LT_operator_space_research_asset_v1/05_EARLIER_EXPLORATIONS/initial_value_stability_team/04_asymptotic_phase.md	pending-semantic-enumeration	none
6b269207a07d708f82c6eaa3b63b19549eedff355678699411bd367b779089b6	40703	2	history/sources/次单调论文研究/RL_monotonicity_regularity_research_checkpoint_2026-09-01.zip!/work/b_scalar_nonlinear.md	pending-semantic-enumeration	none
6cf540aec808bdb6bf566641552216c56ab075a8f0ed74ae2ec76cd0f953ae4d	649	1	history/sources/历史总包_2026-09-14/菠萝_RL与广义次正则研究资产_2026-09-14_v2_真实超边图/06_关键失败与研究边界/README_本目录说明.md	pending-semantic-enumeration	none
6d6db8e8ab744b51c977f703b9f886b797c24d6fc231e1194bc7b24ec19a9c76	2499	1	history/sources/次单调论文研究/分类集研究/RLEB_LT_operator_space_research_asset_v1/RLEB_LT_operator_space_research_asset_v1/06_RELATED_MANUSCRIPT_ASSETS/source_inputs/RLEB_PPA_submission_assets_2026-09-18.zip!/RLEB_PPA_投稿资产_2026-09-18/sections/conclusion.tex	pending-semantic-enumeration	none
6e243b5844c23fa14277dc3eb9f03ad8231d7fa2312072c45690124656ce5b08	9775	2	history/sources/次单调论文研究/RLEB_投稿扩展版_完整源码_2026-09-19.zip!/RLEB_投稿扩展版_2026-09-19/sections/verification_example.tex	pending-semantic-enumeration	none
6f93de579b54366cbce32aead07cb6e172de899ecb078ff45b926e630277b4e9	129386	1	history/sources/次单调论文研究/RL_euclidean_Luke_style_cn.pdf	pending-semantic-enumeration	none
713f3aab7a6713b78ef1f287312de246428a2fef0f0441aba3aeba622bcf564b	2905	2	history/sources/次单调论文研究/RLEB_投稿扩展版_完整源码_2026-09-19.zip!/RLEB_投稿扩展版_2026-09-19/figures/author_u841d_pdf15.pdf	pending-semantic-enumeration	none
715f8083bc13176a5d7a3b06e4fac67f2001baaf7bd955066814bab943cc13e6	250038	1	history/sources/次单调论文研究/RLEB_多值分支接缝_菠萝.pdf	pending-semantic-enumeration	none
725f3c33e3a64032509a3b9f0955ff03cbfdc58c783a2e3d16d801c0e8f8c398	44206	2	history/sources/次单调论文研究/RL_monotonicity_regularity_research_checkpoint_2026-09-01.zip!/work/c_gx014_026.md	pending-semantic-enumeration	none
72e19ba740ede30b894aa3941f131f2818558c800665b0b2868c483d3d84b90f	4376	1	history/sources/历史总包_2026-09-14/菠萝_RL与广义次正则研究资产_2026-09-14_v2_真实超边图/00_从这里开始/给未来Codex和PRO的使用说明.md	pending-semantic-enumeration	none
7309520e3a4bd7f908e9e5e466fa7d9edee701adcf15876343bf51977c3a79b5	2681	1	history/sources/次单调论文研究/分类集研究/RLEB_LT_operator_space_research_asset_v1/RLEB_LT_operator_space_research_asset_v1/06_RELATED_MANUSCRIPT_ASSETS/README.md	pending-semantic-enumeration	none
73caf913403f8296f1d380770269f275b60a46e82ceea65c15d1aa3c11c0efe7	42547	1	history/sources/历史总包_2026-09-14/菠萝_RL与广义次正则研究资产_2026-09-14_v2_真实超边图/00_从这里开始/历史manifest_v1.json	pending-semantic-enumeration	none
745ac8f31d3828e676848cb3ad32f5a78d36515970f146cdaedd0bb764cd7d7b	3109	1	history/sources/历史总包_2026-09-14/菠萝_RL与广义次正则研究资产_2026-09-14_v2_真实超边图/06_关键失败与研究边界/已证明的不可能性与障碍.md	pending-semantic-enumeration	none
74b0161987a2b0a2997f50bab13f0aaacedafa04713396ab9a6fb3c91417c725	3946	1	history/sources/次单调论文研究/RL_novelty_boundary_checkpoint_2026-09-01.zip!/research/project_state.yaml	pending-semantic-enumeration	none
74d9a2b464aba8d9b585b7c30e61b8faca8eab78b23da7f634cac04c5a18b4b4	24309	1	history/sources/历史总包_2026-09-14/菠萝_RL与广义次正则研究资产_2026-09-14_v2_真实超边图/01_RL_PPA核心理论/03_判别方法与理论升级/多步路径与有限捕获_RL研究札记_2026-09-09.md	enumerated-with-dispositions	M1-MS-section5;MP69-literature-scope;PATH-core
75085483a92f0a020038de588fe712856602f7475aeb01dbda434e175bbadf08	2749	1	history/sources/历史总包_2026-09-14/菠萝_RL与广义次正则研究资产_2026-09-14_v2_真实超边图/04_公开问题与未来攻关/README_本目录说明.md	pending-semantic-enumeration	none
757c605db6fe0d74ae6b9bf5ac02fda2bd48bc173f3d0fa114d6c9b36b41bc4d	1130	2	history/sources/历史总包_2026-09-14/菠萝_RL与广义次正则研究资产_2026-09-14_v2_真实超边图/02_锥优化_CRSC_MSCQ/02_可编译源文件/build.sh	pending-semantic-enumeration	none
75b374b08d64114b9b7a6d153e7258df89490db067ec79e9590c599a1c08677c	16939	2	history/sources/次单调论文研究/RLEB_投稿扩展版_完整源码_2026-09-19.zip!/RLEB_投稿扩展版_2026-09-19/sections/theorem_spine.tex	pending-semantic-enumeration	none
75cc4d3dd2cbc30c58722f5929c16e4edaf19c47773162ea533ff4e3d6a9ca18	5112	2	history/sources/历史总包_2026-09-14/菠萝_RL与广义次正则研究资产_2026-09-14_v2_真实超边图/02_锥优化_CRSC_MSCQ/02_可编译源文件/main.bbl	pending-semantic-enumeration	none
75e000d1faac796d0408a098e811ad1bb3f3b67045674ea34e34b13ed5154874	31266	1	history/sources/次单调论文研究/RL_novelty_boundary_checkpoint_2026-09-01.zip!/work/novelty_luque.md	pending-semantic-enumeration	none
77f6c96b0cf45ed1a81d5e8112000da2803007f67de91f99d21e8b947eaa2d50	16404	1	history/sources/次单调论文研究/分类集研究/RLEB_LT_operator_space_research_asset_v1/RLEB_LT_operator_space_research_asset_v1/05_EARLIER_EXPLORATIONS/genericity_team/05_rleb_robustness.md	pending-semantic-enumeration	none
7993a4cf51f56eebb50d0283f57e612ff44f2805de87a044cbeb6bc065067a33	29167	1	history/sources/次单调论文研究/分类集研究/RLEB_LT_operator_space_research_asset_v1/RLEB_LT_operator_space_research_asset_v1/FILE_REGISTER.json	pending-semantic-enumeration	none
7af6cca2fd7386c63855ce55be3b1f6d027455ec5e3633a681f76d57fa4cd403	28976	1	history/sources/次单调论文研究/分类集研究/RLEB_LT_operator_space_research_asset_v1/RLEB_LT_operator_space_research_asset_v1/05_EARLIER_EXPLORATIONS/comparison_space_team/05_meagreness_feasibility.md	pending-semantic-enumeration	none
7b942ba812f58c2f168ab2085a0eb9ce2f426008a91926c420d8c9a2926cd2cf	13457	1	history/sources/次单调论文研究/分类集研究/RLEB_LT_operator_space_research_asset_v1/RLEB_LT_operator_space_research_asset_v1/FILE_INDEX.md	pending-semantic-enumeration	none
7b95d6d95689c13debe66e57f4155422937179febaef5deddef84c0ff510efbe	11831	1	history/sources/次单调论文研究/RLEB_投稿扩展版_完整源码_2026-09-19.zip!/RLEB_投稿扩展版_2026-09-19/references.bib	pending-semantic-enumeration	none
7d4eaa017a6f0a0769fd34dc6d0891d5596a73243ce765595548bc4d9171e528	5069	1	history/sources/次单调论文研究/分类集研究/RLEB_LT_operator_space_research_asset_v1/RLEB_LT_operator_space_research_asset_v1/00_START_HERE/QUICK_HANDOFF.md	pending-semantic-enumeration	none
7dc1b8dce101c0e726cd3915436d7004413097f1907656415951f51d570a5694	2834	1	history/sources/次单调论文研究/分类集研究/RLEB_LT_operator_space_research_asset_v1/RLEB_LT_operator_space_research_asset_v1/06_RELATED_MANUSCRIPT_ASSETS/source_inputs/RLEB_PPA_submission_assets_2026-09-18.zip!/RLEB_PPA_投稿资产_2026-09-18/数学语义核对与剩余问题.md	pending-semantic-enumeration	none
7dcb3068b0e8eb409669ccd088ae4aca3d66d50960a283bcbace5446857739a3	254003	1	history/sources/次单调论文研究/RL_research_讲解版本.pdf	pending-semantic-enumeration	none
7fd887ffc6f2778cb20cee308cc3c93bb50ef74907737a2eb28077e5f3753e64	32887	2	history/sources/次单调论文研究/RL_monotonicity_regularity_research_checkpoint_2026-09-01.zip!/work/b_algorithm_anchored.md	pending-semantic-enumeration	none
805ae8e89979908ae5cbf9278d37810720b5de599507a61f7ea78da8479fc1f4	3896	2	history/sources/提纯总账_2026-09-21_v0.9/README.md	pending-semantic-enumeration	none
80a8cb8bc8ed60765de279b08a488fbc6ab1e7645df48f68079284961fd79b45	4474	1	history/sources/历史总包_2026-09-14/菠萝_RL与广义次正则研究资产_2026-09-14_v2_真实超边图/02_锥优化_CRSC_MSCQ/README_本目录说明.md	pending-semantic-enumeration	none
82a3f91e407a654d3599bc71063a95a18be16ccbf83e783a47a934680e094b59	27550	1	history/sources/次单调论文研究/RL_foundations_freeze_2026-09-01/work/rl_foundations_referee_structure.md	pending-semantic-enumeration	none
837e01e2a6178983bebbeb14d7d0039cdad9f5e41b84f20ee3c75efa9fcd5fbf	25779	1	history/sources/次单调论文研究/分类集研究/RLEB_LT_operator_space_research_asset_v1/RLEB_LT_operator_space_research_asset_v1/05_EARLIER_EXPLORATIONS/initial_value_stability_team/06_synthesis.md	pending-semantic-enumeration	none
86cdf3733a72e6fe92f1e046e528cedfbe694a4a5d8ed1ffe81b2bc8cfd9bd03	759	1	history/sources/次单调论文研究/分类集研究/RLEB_LT_operator_space_research_asset_v1/RLEB_LT_operator_space_research_asset_v1/01_CANONICAL_HANDOFF/README.md	pending-semantic-enumeration	none
86fbd3b8e6cd3512d3ecc88497fb400876efe01c62ac6a4be0883e9d19201671	923	2	history/sources/提纯总账_2026-09-21_v0.9/CHANGELOG.md	pending-semantic-enumeration	none
8717065f1e87eb08dabb2a28424869fa16a5d064a78a03122050980088b99e58	83928	1	history/sources/历史总包_2026-09-14/菠萝_RL与广义次正则研究资产_2026-09-14_v2_真实超边图/00_从这里开始/纳入与排除台账.csv	pending-semantic-enumeration	none
8742aba985e1f6a5c6eabaa7500ea7eb62d395f11eafd918719d7245a34f1ee1	4509	2	history/sources/次单调论文研究/RL_foundations_freeze_2026-09-01/research/RL_foundations_freeze_manifest.md	pending-semantic-enumeration	none
87dbfa24f9191d5f11e3372a50e4bd014c9e1e1eac72ccfc23f63047abf097e0	3182	1	history/sources/历史总包_2026-09-14/菠萝_RL与广义次正则研究资产_2026-09-14_v2_真实超边图/03_随机与Markov理论/06_验证程序/验证_随机近端相关性与常数.py	pending-semantic-enumeration	none
888b27156e9f639be9b395dd7c99129b67e9375b5eeb4b82e0fe7c8b72afa624	2736	1	history/sources/次单调论文研究/分类集研究/RLEB_LT_operator_space_research_asset_v1/RLEB_LT_operator_space_research_asset_v1/04_AUDITS_AND_PRIOR_ART/README.md	pending-semantic-enumeration	none
88ab0026d7a19d00b53df2b1b17a65270ca4efb573445ceb449daaac4f3a29b4	641	1	history/sources/次单调论文研究/分类集研究/RLEB_LT_operator_space_research_asset_v1/RLEB_LT_operator_space_research_asset_v1/02_NEUTRAL_PPA_SYSTEM/README.md	pending-semantic-enumeration	none
88beb6be932bae4f9c4af78c864b5b1dc8814e4cc86ff4bc13c28d03e7337369	8371	1	history/sources/历史总包_2026-09-14/菠萝_RL与广义次正则研究资产_2026-09-14_v2_真实超边图/01_RL_PPA核心理论/02_核心推导/RL与次正则_原始主推导.md	pending-semantic-enumeration	none
895e745db4286a19ce6957f439fe7a02599d301d5a055eddc2a4dbc98ea09193	13822	1	history/sources/次单调论文研究/分类集研究/RLEB_LT_operator_space_research_asset_v1/RLEB_LT_operator_space_research_asset_v1/05_EARLIER_EXPLORATIONS/initial_value_stability_team/01_terminology_map.md	pending-semantic-enumeration	none
8a72ec457b97b8ed1672e9c595399a7c9cd63ae84cd3d22e655deadecf0c11e4	13205	1	history/sources/次单调论文研究/分类集研究/RLEB_LT_operator_space_research_asset_v1/RLEB_LT_operator_space_research_asset_v1/06_RELATED_MANUSCRIPT_ASSETS/solution_selection_revised_v1_delivery.zip!/revision_priority_audit.md	pending-semantic-enumeration	none
8b41e464e028ca617b1fecc19540b437360d9f68115dce5a0d29172c4b42e091	3588	1	history/sources/历史总包_2026-09-14/菠萝_RL与广义次正则研究资产_2026-09-14_v2_真实超边图/06_关键失败与研究边界/不应再次重复的失败路线.md	pending-semantic-enumeration	none
8bc3d4906f9d28ca349aad1df068eb8d5f9272d65bb731346f0949f63b9975e9	99264	2	history/sources/历史总包_2026-09-14/菠萝_RL与广义次正则研究资产_2026-09-14_v2_真实超边图/01_RL_PPA核心理论/01_论文主稿/RL核心数学合稿_T5_2026-09-07.md	pending-semantic-enumeration	none
8d0565a57c6580f9ddf7264560bde5a07215af1238033efdc11bb5fe71db56e8	105066	3	history/sources/历史总包_2026-09-14/菠萝_RL与广义次正则研究资产_2026-09-14_v2_真实超边图/01_RL_PPA核心理论/01_论文主稿/RL与广义次正则_当前论文源.tex	pending-semantic-enumeration	none
8e91383f83fb23bfc14e0eaa05d1bacdc28bbdb7214b90ba7d639ba54f3bac41	2958	1	history/sources/次单调论文研究/RL_foundations_freeze_2026-09-01/research/project_state.yaml	pending-semantic-enumeration	none
91272d0212af907ffe5acb41e4c756bf99112d326c7d93a2e40aa81f8c6c9e77	5709	1	history/sources/次单调论文研究/分类集研究/RLEB_LT_operator_space_research_asset_v1/RLEB_LT_operator_space_research_asset_v1/04_AUDITS_AND_PRIOR_ART/PRIOR_ART_MAP.md	pending-semantic-enumeration	none
91ad4b0948a21443fc557b5ea579e692650399504e735223d72347ba86bea1b8	44875	1	history/sources/次单调论文研究/分类集研究/RLEB_LT_operator_space_research_asset_v1/RLEB_LT_operator_space_research_asset_v1/06_RELATED_MANUSCRIPT_ASSETS/solution_selection_revised_v1_delivery.zip!/research_note.md	enumerated-with-dispositions	SS1-full
91cd826a594c49873e0c97a78ebe22888a1eb44d487a8351e3db243a4f6b5360	34017	1	history/sources/历史总包_2026-09-14/菠萝_RL与广义次正则研究资产_2026-09-14_v2_真实超边图/04_公开问题与未来攻关/02_筛选与红队结论/公开问题终局红队_历史筛选与停止条件.md	pending-semantic-enumeration	none
91f7a071db2d62e1b8ab965e6cb13d1d0568f582b72eb4bc47dc0b6e22357072	36652	1	history/sources/历史总包_2026-09-14/菠萝_RL与广义次正则研究资产_2026-09-14_v2_真实超边图/03_随机与Markov理论/04_相关性与随机表示/条件残差修复_相关性与块刷新定理.md	enumerated-with-dispositions	CONDITIONAL-REPAIR-full
9260ae5bd39acbbeb36c46594fea57f6a46fed36a779270cd4f3a37485410c93	25413	1	history/sources/次单调论文研究/分类集研究/RLEB_LT_operator_space_research_asset_v1/RLEB_LT_operator_space_research_asset_v1/03_CLASSIFICATION_STAGE/ppa_classification_team/05_obstruction_audit.md	enumerated-with-dispositions	UHT-OA-full
92897af2a8c6c7822f0230c9688dafdbab5e5715a7739ba968965ea4357e6a8b	10596	1	history/sources/次单调论文研究/RLEB_投稿扩展版_完整源码_2026-09-19.zip!/RLEB_投稿扩展版_2026-09-19/sections/related_work.tex	pending-semantic-enumeration	none
932d79c8bd23717112361fa0e6d0874011bded868af49237612be7bd9d45a799	24091	1	history/sources/次单调论文研究/Tangent_Normal_Scale_Theory_RL(1).docx	pending-semantic-enumeration	none
948013ea717504b86a367ed3e0ca1fd4249c5bc6244b4faf60ca8147c22efb17	2611	1	history/sources/次单调论文研究/RLEB_投稿扩展版_完整源码_2026-09-19.zip!/RLEB_投稿扩展版_2026-09-19/locked_content_ledger.yaml	pending-semantic-enumeration	none
94b4d0df4016189ad90bb0c6b301f23d097666da3d44db0074b22ddadc569f50	27706	2	history/sources/历史总包_2026-09-14/菠萝_RL与广义次正则研究资产_2026-09-14_v2_真实超边图/03_随机与Markov理论/01_随机RL主线/随机RL_合法耦合接口与提升障碍.md	pending-semantic-enumeration	none
96cb7722f207246af8704e09397c7d96f728d53ad4d8817fd056af99029eb0cf	153149	1	history/sources/次单调论文研究/RL_one_main_theorem_clean_cn.pdf	pending-semantic-enumeration	none
9775036dd9b0fc7c0c404fed58122f1d174dbe6e8a3a9e43e0b529fb020203b7	25538	1	history/sources/次单调论文研究/RL_foundations_freeze_2026-09-01/work/rl_foundations_alignment_sharpness.md	pending-semantic-enumeration	none
97c0ef5911840df5784b481fa69bf66f3bfc8fece2f130581546493720240328	10037	1	history/sources/次单调论文研究/分类集研究/RLEB_LT_operator_space_research_asset_v1/RLEB_LT_operator_space_research_asset_v1/06_RELATED_MANUSCRIPT_ASSETS/solution_selection_revised_v1_delivery.zip!/response_to_audit.md	pending-semantic-enumeration	none
9927b4006234fa5f435d831a8583c426311906ba8288a60894516f97cea829d2	17156	2	history/sources/次单调论文研究/RLEB_投稿扩展版_完整源码_2026-09-19.zip!/RLEB_投稿扩展版_2026-09-19/sections/appendix_signed_schur.tex	enumerated-with-dispositions	S19-SIGNED-SCHUR-full
997acc536f006ff4c3c3a42bb9db5ca2218f6c9fbb50a126f81cf18a895bdabe	623	1	history/sources/次单调论文研究/分类集研究/RLEB_LT_operator_space_research_asset_v1/RLEB_LT_operator_space_research_asset_v1/06_RELATED_MANUSCRIPT_ASSETS/solution_selection_revised_v1_delivery.zip!/prepare_pdf.lua	pending-semantic-enumeration	none
9a2a46de16fff86f3fbd9d192658908ac039752eb17baffffb73b167b63fd008	12257	1	history/sources/历史总包_2026-09-14/菠萝_RL与广义次正则研究资产_2026-09-14_v2_真实超边图/00_从这里开始/校验_v2.py	pending-semantic-enumeration	none
9b71113aa02633145fa8e60d1bc65b3b841281bab406266f0776cde235a0bf30	43304	2	history/sources/次单调论文研究/RL_monotonicity_regularity_research_checkpoint_2026-09-01.zip!/work/a_algorithm_evidence.md	pending-semantic-enumeration	none
9f60debf32430e49c7a20642802a65f578d94a5b3736e66e974a64cc8b8591a5	104839	1	history/sources/历史总包_2026-09-14/菠萝_RL与广义次正则研究资产_2026-09-14_v2_真实超边图/00_从这里开始/研究资产总览与超边图.html	pending-semantic-enumeration	none
9fab8462655691771a570c04e940503d4015bfa5e57b75aff42cede08709ee9b	22278	1	history/sources/历史总包_2026-09-14/菠萝_RL与广义次正则研究资产_2026-09-14_v2_真实超边图/02_锥优化_CRSC_MSCQ/04_边界反例与优先权/Nice非Amenable锥_边界反例与必要性审计.md	pending-semantic-enumeration	none
9fadbad9038f63c2d7a30931c1f5da04f9c7e40f3bafb6a38fd30b54e1adabc9	52901	2	history/sources/次单调论文研究/RL_monotonicity_regularity_research_checkpoint_2026-09-01.zip!/work/rl_exact_prior_art.md	pending-semantic-enumeration	none
9fd461dced6343ccdb441d6ee4f618a5c96b40fdc2e0b9f09da0130a4d034142	20267	1	history/sources/次单调论文研究/分类集研究/RLEB_LT_operator_space_research_asset_v1/RLEB_LT_operator_space_research_asset_v1/05_EARLIER_EXPLORATIONS/initial_value_stability_team/03_hypomonotone_proxregular.md	pending-semantic-enumeration	none
a027ed914f060cce51317c16a2748f6e09641abb82d3b2da783c6a0e3809a2b2	13409	1	history/sources/次单调论文研究/RLEB_投稿扩展版_完整源码_2026-09-19.zip!/RLEB_投稿扩展版_2026-09-19/manuscript_state.json	pending-semantic-enumeration	none
a17e367fe94c88edb7d97cc87443fca2fea52cf42b2b66677687b3ddfd2b9846	5190	1	history/sources/历史总包_2026-09-14/菠萝_RL与广义次正则研究资产_2026-09-14_v2_真实超边图/00_从这里开始/当前成果与可信度.yaml	pending-semantic-enumeration	none
a377f9dd6a66f9281b1b98089c311b81923e908e541093768bfa9e9d1fe03871	391824	1	history/sources/次单调论文研究/分类集研究/RLEB_LT_operator_space_research_asset_v1/RLEB_LT_operator_space_research_asset_v1/06_RELATED_MANUSCRIPT_ASSETS/source_inputs/RLEB_PPA_submission_assets_2026-09-18.zip	pending-semantic-enumeration	none
a56078d12c44690b29e8a66aabaa609f161ce794a53cde0b25c4d40d1b90a530	30003	2	history/sources/次单调论文研究/RL_monotonicity_regularity_research_checkpoint_2026-09-01.zip!/work/c_gx027_039.md	pending-semantic-enumeration	none
a65a86ae664cfac80009093fedad0086347021e814bc8008ae0eb30b31a27f09	18165	1	history/sources/次单调论文研究/RL_foundations_freeze_2026-09-01/work/rl_foundations_integration_report.md	pending-semantic-enumeration	none
a670c5917f99347ea14865d47368de7f4ccfaaec325c85da1d811835b334e1f5	2247	1	history/sources/次单调论文研究/monotonicity_regularity_research_2026-09-01.zip!/research/expert_tasks.yaml	pending-semantic-enumeration	none
a71a65b0392419fa1c9fc6ae2258668d82ac544b78de58d23f2e70c294bf6461	7423	2	history/sources/提纯总账_2026-09-21_v0.9/02_VERIFIED_CORE.md	pending-semantic-enumeration	none
a8a6cf718bbb21168fe39a4dcca86e3d599f2b98345c22c367a7b1b36414ad45	5794	2	history/sources/提纯总账_2026-09-21_v0.9/06_EXTERNAL_PRIOR_ART_INDEX.md	pending-semantic-enumeration	none
aa79bcfe37c6285bb98e7b25c9460c72086c02146abc5af08558255fdd970238	14733	1	history/sources/次单调论文研究/分类集研究/RLEB_LT_operator_space_research_asset_v1/RLEB_LT_operator_space_research_asset_v1/05_EARLIER_EXPLORATIONS/initial_value_stability_team/02_fixedpoint_retraction.md	pending-semantic-enumeration	none
aabb82aa85752708a129d3450a70fbd5bc765a7d69d675b1dbc6dfb3dbed3a6c	32803	2	history/sources/次单调论文研究/RL_monotonicity_regularity_research_checkpoint_2026-09-01.zip!/work/a_regularity.md	pending-semantic-enumeration	none
aafd276ed95788bc80072fce9482c3ea03d1e6a7f1c5f2a0d2687cc1a0918b2b	64520	3	history/sources/次单调论文研究/theory_atlas.md	pending-semantic-enumeration	none
abe082412883506ab76bdcc2b653f7971ecacb82205dd7cbe632186c84e8c2c9	23025	1	history/sources/历史总包_2026-09-14/菠萝_RL与广义次正则研究资产_2026-09-14_v2_真实超边图/01_RL_PPA核心理论/05_实例与反例/支撑函数与法锥_自然类推导.md	pending-semantic-enumeration	none
abecd2595a9731ed17c963ed7d1b7c442cbcc027a6237d4d9bb7c347f5927c8b	460907	1	history/sources/次单调论文研究/最新成果/Holder_RL_Formal_Manuscript.pdf	pending-semantic-enumeration	none
ac2ed090bd4f7adad9b081a72ef7cc0c3ad278dc2b59597870bbf75332f4384e	8133	2	history/sources/次单调论文研究/RL_foundations_freeze_2026-09-01/work/rl_foundations_structure_claim_safe_matrix.md	pending-semantic-enumeration	none
ac4ecd1a8834a2e8d670dc990b178bd9c86ea6eb3ffce09d4849567fc9fb457b	24274	1	history/sources/次单调论文研究/RL_foundations_freeze_2026-09-01/work/rl_foundations_ppa_theorem.md	pending-semantic-enumeration	none
ac748888c5cdea2dd8b5ba6daa7ad254b4feedfd1e4241a7ef001fc449264046	80331	1	history/sources/历史总包_2026-09-14/菠萝_RL与广义次正则研究资产_2026-09-14_v2_真实超边图/00_从这里开始/历史资产关系数据_v1.json	pending-semantic-enumeration	none
ac7796fe58301e3c1eb94b816ec7812c737642977bc26591b03875c4dce78f37	9114	1	history/sources/次单调论文研究/分类集研究/RLEB_LT_operator_space_research_asset_v1/RLEB_LT_operator_space_research_asset_v1/MANIFEST.sha256	pending-semantic-enumeration	none
acb05c217e4348b35c28525b19ade1d035d3429fdd8bcbeae893326125fead40	10195	1	history/sources/次单调论文研究/分类集研究/RLEB_LT_operator_space_research_asset_v1/RLEB_LT_operator_space_research_asset_v1/06_RELATED_MANUSCRIPT_ASSETS/solution_selection_revised_v1_delivery.zip!/final_package_QA.md	pending-semantic-enumeration	none
ad3a2fc2add2f29ae7043f2bed6fbaad22d7d0b0ab89aa5db655e8261e78459b	2962	1	history/sources/历史总包_2026-09-14/菠萝_RL与广义次正则研究资产_2026-09-14_v2_真实超边图/06_关键失败与研究边界/尚未证明的候选命题.md	pending-semantic-enumeration	none
af381dd488eaaecbf144cfe45f09801b3f4075f4c541f0c2f27cde9b31129c20	19844	1	history/sources/次单调论文研究/RL_characterization_dossier.md	pending-semantic-enumeration	none
afda6878ddf4ab06fc83154a260f4ffe454b89a2491a1b5297fb674da66c4bd1	5336	1	history/sources/历史总包_2026-09-14/菠萝_RL与广义次正则研究资产_2026-09-14_v2_真实超边图/01_RL_PPA核心理论/README_本目录说明.md	pending-semantic-enumeration	none
b044713363f2ae181eb395966be5732a50a1186fe4230954d19d9d93b1cec6d0	656219	1	history/sources/历史总包_2026-09-14/菠萝_RL与广义次正则研究资产_2026-09-14_v2_真实超边图/00_从这里开始/资产关系数据.json	pending-semantic-enumeration	none
b0663a0845b896a537a52424dfeaf0e2fddab6df06dec38946f541256c994e8a	26398	2	history/sources/次单调论文研究/RL_monotonicity_regularity_research_checkpoint_2026-09-01.zip!/work/b_catalog_audit.md	pending-semantic-enumeration	none
b0c750a8235ecfe2c1959f5b6da37bc2b539afe0f7ace618c26243ea33ee2a56	53696	1	history/sources/次单调论文研究/分类集研究/RLEB_LT_operator_space_research_asset_v1/RLEB_LT_operator_space_research_asset_v1/06_RELATED_MANUSCRIPT_ASSETS/solution_selection_revised_v1_delivery.zip!/solution_selection_revised.tex	pending-semantic-enumeration	none
b208eb02125812d5140ce7bf6500ac4911587586907fc79a058feee0f4aea6e7	26985	1	history/sources/次单调论文研究/分类集研究/RLEB_LT_operator_space_research_asset_v1/RLEB_LT_operator_space_research_asset_v1/02_NEUTRAL_PPA_SYSTEM/ppa_system_team/06_resolvent_family.md	pending-semantic-enumeration	none
b232099052ed926fda99cad50d870d43e87c80db3fb8b0fbeea686d688d47a8e	16992	1	history/sources/次单调论文研究/RL_monotonicity_regularity_research_checkpoint_2026-09-01.zip!/work/rl_publication_calibrator.md	pending-semantic-enumeration	none
b40d2aae4eef13ef2df2840df1b74333793e56de112addab7eca67dfc9bdd3ba	412070	1	history/sources/次单调论文研究/monotonicity_regularity_research_2026-09-01.zip	pending-semantic-enumeration	none
b50577403b61d7b4fbb2f14b3ec160c98113598d075956755dacfce6b6666472	410632	1	history/sources/次单调论文研究/RL_PPA_generalized_subregularity_Boluo.pdf	pending-semantic-enumeration	none
b7baa792e351a2b78a90ca3c73681cdd4bb4a4a7d8e3fe603dbc83b76d408ec4	31880	2	history/sources/次单调论文研究/RL_foundations_freeze_2026-09-01/work/rl_foundations_structure_prior_art.md	pending-semantic-enumeration	none
b81ed295ea760576af74e063298fcf2f937b5a32aa21264a48bb83e2256e1c59	50471	1	history/sources/历史总包_2026-09-14/菠萝_RL与广义次正则研究资产_2026-09-14_v2_真实超边图/00_从这里开始/构建_v2.py	pending-semantic-enumeration	none
b8dcb0f2ea4b0ba6dd922baca70ca868cd5e9a3a79a2974024ab5c8fbed735b2	30031	1	history/sources/次单调论文研究/分类集研究/RLEB_LT_operator_space_research_asset_v1/RLEB_LT_operator_space_research_asset_v1/01_CANONICAL_HANDOFF/mathematician_handoff/02_ideal_problem_formulation.md	pending-semantic-enumeration	none
b90aa9a5e16f959838f898ebc47c82f906b0df01ad2088a30cc0e268f7b3ab02	20546	1	history/sources/次单调论文研究/分类集研究/RLEB_LT_operator_space_research_asset_v1/RLEB_LT_operator_space_research_asset_v1/01_CANONICAL_HANDOFF/mathematician_handoff/05_priorart_boundary.md	pending-semantic-enumeration	none
b9c3beb06b4835bb08b30ae0bef5524c2ceeee06beef5bb2a1ac37dfbcf3b4f7	22735	1	history/sources/历史总包_2026-09-14/菠萝_RL与广义次正则研究资产_2026-09-14_v2_真实超边图/01_RL_PPA核心理论/03_判别方法与理论升级/独立接口_对抗综合与作用域.md	pending-semantic-enumeration	none
b9ed4af5035432b7dbd0edf49326b7ab5421b89757f6eb214ccfd76f618c9590	4198	1	history/sources/次单调论文研究/正式后的研究/RLEB_solution_selection_2026-09-18.zip!/RLEB_solution_selection_2026-09-18/results/verification_results.json	pending-semantic-enumeration	none
ba894d3dee5fabcdc29a312cf01f5383d53d7dbdda9028c511f185c8d164f906	14130	1	history/sources/次单调论文研究/分类集研究/RLEB_LT_operator_space_research_asset_v1/RLEB_LT_operator_space_research_asset_v1/03_CLASSIFICATION_STAGE/ppa_classification_team/07_stage_synthesis.md	enumerated-with-dispositions	UHT-SYNTH-full
bbea7bf35f8c7b08f9dce6fe108230f2981f68e131c3f3c1423b14e744c9394c	863	2	history/sources/提纯总账_2026-09-21_v0.9/MANIFEST.sha256	pending-semantic-enumeration	none
bc13597ce2ac83c68e86910a0241ae04c0e3953241ce81729b6c09ec1fe12e0a	130039	1	history/sources/历史总包_2026-09-14/菠萝_RL与广义次正则研究资产_2026-09-14_v2_真实超边图/00_从这里开始/标题与定位抽取记录_v2.json	pending-semantic-enumeration	none
bc8099c34a9402685c9b7decdc08c0089a96720b31117d4769617d36f6820777	16589	2	history/sources/历史总包_2026-09-14/菠萝_RL与广义次正则研究资产_2026-09-14_v2_真实超边图/02_锥优化_CRSC_MSCQ/02_可编译源文件/论文证据范围与未闭合门槛台账.md	pending-semantic-enumeration	none
bce3be433cd2fdb04c96b03e5405b07e7cb55b2a6f443606c0645af561e95ee7	19236	1	history/sources/次单调论文研究/分类集研究/RLEB_LT_operator_space_research_asset_v1/RLEB_LT_operator_space_research_asset_v1/05_EARLIER_EXPLORATIONS/genericity_team/01_operator_space.md	pending-semantic-enumeration	none
be5b828066f03616d2181029f6afcf867b5aedc868e01bf752e3a87dd0e22598	18025	1	history/sources/次单调论文研究/RL_novelty_boundary_checkpoint_2026-09-01.zip!/research/expert_tasks.yaml	pending-semantic-enumeration	none
be65bd6b61b75c0b1d12b450a6add8b1cc82f8572348cad63c2102af2272d4fa	2279	1	history/sources/次单调论文研究/分类集研究/RLEB_LT_operator_space_research_asset_v1/RLEB_LT_operator_space_research_asset_v1/04_AUDITS_AND_PRIOR_ART/CLAIM_BOUNDARY_REGISTER.md	pending-semantic-enumeration	none
be8d8a67b8e6c3af56f9e6fadec8d16bb9feb20a8612015ade01850e2cb779ee	19936	1	history/sources/次单调论文研究/RL_monotonicity_regularity_research_checkpoint_2026-09-01.zip!/work/rl_proof_referee.md	pending-semantic-enumeration	none
beb1665d09373f25e842aa55528997e4933968d7403c3d088b7a213326034b49	34241	2	history/sources/次单调论文研究/RL_monotonicity_regularity_research_checkpoint_2026-09-01.zip!/work/c_gx040_052.md	pending-semantic-enumeration	none
bf42c72661d6503592ef110aa52b0d75f072008f73f84b1f653e11643e24f402	9263	1	history/sources/次单调论文研究/分类集研究/RLEB_LT_operator_space_research_asset_v1/RLEB_LT_operator_space_research_asset_v1/06_RELATED_MANUSCRIPT_ASSETS/source_inputs/RLEB_PPA_submission_assets_2026-09-18.zip!/RLEB_PPA_投稿资产_2026-09-18/sections/related_work.tex	pending-semantic-enumeration	none
c054470b0e17064e8f6fc04ce40916578a7ff519f5e4c7a8111b68fa33ecdd51	351429	1	history/sources/次单调论文研究/分类集研究/RLEB_LT_operator_space_research_asset_v1/RLEB_LT_operator_space_research_asset_v1/06_RELATED_MANUSCRIPT_ASSETS/source_inputs/RLEB_PPA_submission_assets_2026-09-18.zip!/RLEB_PPA_投稿资产_2026-09-18/RLEB_PPA_投稿稿_菠萝.pdf	pending-semantic-enumeration	none
c0b512fbccbe2e7d40e0721fb3c41521900d622605309a4f211b42f6392a2151	3703	1	history/sources/历史总包_2026-09-14/菠萝_RL与广义次正则研究资产_2026-09-14_v2_真实超边图/03_随机与Markov理论/06_验证程序/验证_四状态反例精确证书.py	pending-semantic-enumeration	none
c122ddc78888253f2813c73882b4a068e20fe79ebcb13d9629857ab101dc847c	9245	1	history/sources/历史总包_2026-09-14/菠萝_RL与广义次正则研究资产_2026-09-14_v2_真实超边图/00_从这里开始/交互模拟测试_v2.cjs	pending-semantic-enumeration	none
c167084e323955f8e6d302113533bdbb7145ccd8b464668b38c028c5793c7e22	16305	1	history/sources/历史总包_2026-09-14/菠萝_RL与广义次正则研究资产_2026-09-14_v2_真实超边图/05_文献证据与来源快照/02_文献检索记录/广义次正则_2024至2026查询日志.json	pending-semantic-enumeration	none
c21adc5af7b2575db034b9df2035031033a5cd0826efbcf57cddb03a3cef6290	18570	2	history/sources/次单调论文研究/RL_monotonicity_regularity_research_checkpoint_2026-09-01.zip!/work/b_source_verification.md	pending-semantic-enumeration	none
c25ce4813d5736614017488f81fbba301899626c8a50193bd00c20415520e853	22210	1	history/sources/次单调论文研究/分类集研究/RLEB_LT_operator_space_research_asset_v1/RLEB_LT_operator_space_research_asset_v1/05_EARLIER_EXPLORATIONS/comparison_space_team/03_holder_lipschitz_category.md	pending-semantic-enumeration	none
c346477dc8ed1f372e94adafbc98f5d39249fbcce9a94654f9e014d8d1560c09	27195	2	history/sources/历史总包_2026-09-14/菠萝_RL与广义次正则研究资产_2026-09-14_v2_真实超边图/01_RL_PPA核心理论/03_判别方法与理论升级/RL旗舰升级_架构与待攻关接口.md	pending-semantic-enumeration	none
c449caf84db373c682c5e14dbf434a27a89951d5d79c7c5fb1b84e60cf677f8f	18031	1	history/sources/次单调论文研究/分类集研究/RLEB_LT_operator_space_research_asset_v1/RLEB_LT_operator_space_research_asset_v1/03_CLASSIFICATION_STAGE/ppa_classification_team/02_structural_deformation.md	pending-semantic-enumeration	none
c50fb979b056fbe7b2714ff3a6aa7f87318c84b47aab8c84fb31f660678aadcd	27341	1	history/sources/次单调论文研究/分类集研究/RLEB_LT_operator_space_research_asset_v1/RLEB_LT_operator_space_research_asset_v1/02_NEUTRAL_PPA_SYSTEM/ppa_system_team/05_stress_test.md	pending-semantic-enumeration	none
c5324260c85b9f8c28ac5e0c30f3ae79520488efd3203d3a3ee45ecd8c052247	1292	2	history/sources/历史总包_2026-09-14/菠萝_RL与广义次正则研究资产_2026-09-14_v2_真实超边图/01_RL_PPA核心理论/06_验证程序/验证_C11复合次正则.py	pending-semantic-enumeration	none
c5b51b8639efe636c980fcfff19c11d4d077e576e5a9645eb9a1f92bfd9fdbcc	19881	1	history/sources/次单调论文研究/分类集研究/RLEB_LT_operator_space_research_asset_v1/RLEB_LT_operator_space_research_asset_v1/05_EARLIER_EXPLORATIONS/genericity_team/07_value_priorart.md	pending-semantic-enumeration	none
c6155cd18e303d57821c896c64e396f1b99e8ab4e43538018806c43824ea9c3a	1694	2	history/sources/次单调论文研究/RL_monotonicity_regularity_research_checkpoint_2026-09-01.zip!/work/example_entry_schema.md	pending-semantic-enumeration	none
c709c6aa84e66a820cc318b6a14ec63db724b335c917fe789027007a7eae5780	21255	1	history/sources/次单调论文研究/分类集研究/RLEB_LT_operator_space_research_asset_v1/RLEB_LT_operator_space_research_asset_v1/03_CLASSIFICATION_STAGE/ppa_classification_team/03_object_category.md	pending-semantic-enumeration	none
c7e3b130b1a5e9e6a88a584a2fe5ae1e5ef94cd156499db12ddd1da27abb8330	413799	1	history/sources/次单调论文研究/RLEB_投稿扩展版_完整源码_2026-09-19.zip!/RLEB_投稿扩展版_2026-09-19/RLEB_投稿扩展版_菠萝.pdf	pending-semantic-enumeration	none
c8051e2b5c6b8aba640bdda54dc873b33476c7c99d4719e854a4cadada67945e	40264	1	history/sources/历史总包_2026-09-14/菠萝_RL与广义次正则研究资产_2026-09-14_v2_真实超边图/01_RL_PPA核心理论/04_证明审计与敌对审稿/总体敌对审稿_修复清单与PRO导入许可_T5F.md	pending-semantic-enumeration	none
c864cf64476a25066a51420dd3711d5d5c51b4baa7156420b11a8fd5c2d40f2d	9642	1	history/sources/次单调论文研究/分类集研究/RLEB_LT_operator_space_research_asset_v1/RLEB_LT_operator_space_research_asset_v1/06_RELATED_MANUSCRIPT_ASSETS/source_inputs/RLEB_PPA_submission_assets_2026-09-18.zip!/RLEB_PPA_投稿资产_2026-09-18/references.bib	pending-semantic-enumeration	none
c869432fd78e5d3d2ab5e4956952dce8ebd9d78992412dd3f465f902844e00f3	29130	1	history/sources/次单调论文研究/分类集研究/RLEB_LT_operator_space_research_asset_v1/RLEB_LT_operator_space_research_asset_v1/05_EARLIER_EXPLORATIONS/comparison_space_team/09_final_synthesis.md	pending-semantic-enumeration	none
c87eec9f0f4f8d6cdc4cef6d0369715c9fec5ac4c468a323cd0a3a5c50e5a908	23453	1	history/sources/次单调论文研究/分类集研究/RLEB_LT_operator_space_research_asset_v1/RLEB_LT_operator_space_research_asset_v1/02_NEUTRAL_PPA_SYSTEM/ppa_system_team/08_architecture_audit.md	pending-semantic-enumeration	none
ca1a8009975c27fd3d93aeeb97e93f348f87acdeb5db10e55e531197ffe74490	37911	2	history/sources/次单调论文研究/RL_monotonicity_regularity_research_checkpoint_2026-09-01.zip!/work/a_monotonicity.md	pending-semantic-enumeration	none
cae4a31c80b5c29c21af3444a66e6a4de007cfac24db21ffd5a5f261fbb037f6	556883	1	history/sources/次单调论文研究/分类集研究/RLEB_LT_operator_space_research_asset_v1/RLEB_LT_operator_space_research_asset_v1/06_RELATED_MANUSCRIPT_ASSETS/solution_selection_revised_v1_delivery.zip	pending-semantic-enumeration	none
cafca990730e1a99a92d2bca9fcc886552b558a32352dcb4344b930f7721d623	30350	1	history/sources/次单调论文研究/分类集研究/RLEB_LT_operator_space_research_asset_v1/RLEB_LT_operator_space_research_asset_v1/02_NEUTRAL_PPA_SYSTEM/ppa_system_team/02_convergence_topology.md	pending-semantic-enumeration	none
cc04ff416b36b034c58e76e970c2aaaedb953fa4d3ba6da112556ca82e3a0e2e	26965	1	history/sources/次单调论文研究/分类集研究/RLEB_LT_operator_space_research_asset_v1/RLEB_LT_operator_space_research_asset_v1/03_CLASSIFICATION_STAGE/ppa_classification_team/01_frozen_denominator.md	pending-semantic-enumeration	none
cc3fd4299fc629d0656cfdf52698841b53878a1e2440118bcfef0f5eb779408e	171855	1	history/sources/次单调论文研究/RL_Flagship_Model_Report.docx	pending-semantic-enumeration	none
ce5b6bade6085d3c48ee13a55e0196d4bb19747a6893f0df7a31c743e83d9b9c	15333	1	history/sources/次单调论文研究/分类集研究/RLEB_LT_operator_space_research_asset_v1/RLEB_LT_operator_space_research_asset_v1/05_EARLIER_EXPLORATIONS/initial_value_stability_team/07_synthesis_stress.md	pending-semantic-enumeration	none
ce8a410e86ef07eb111dcd28b6cf92c25f6738194c91059993d4e1e1212a69d9	23055	1	history/sources/历史总包_2026-09-14/菠萝_RL与广义次正则研究资产_2026-09-14_v2_真实超边图/03_随机与Markov理论/01_随机RL主线/质量稀释与矩匹配_随机提升独立审计.md	pending-semantic-enumeration	none
d005a7c53de7993f0aafe705752999b5156cd247406e063c2466d25e5dab5735	562	1	history/sources/次单调论文研究/正式后的研究/RLEB_solution_selection_2026-09-18.zip!/RLEB_solution_selection_2026-09-18/results/geometric_phase.csv	pending-semantic-enumeration	none
d024494c6ef4267ae4f45a47a2d1f818cf83497fa9c9b392423b416b08d24b9d	22678	2	history/sources/次单调论文研究/RL_monotonicity_regularity_research_checkpoint_2026-09-01.zip!/work/a_relation_audit.md	pending-semantic-enumeration	none
d04c1e247028e9753e5ae5dbadfbec97bc49d5b33a0ebd7fedba8c3607842199	24467	1	history/sources/次单调论文研究/分类集研究/RLEB_LT_operator_space_research_asset_v1/RLEB_LT_operator_space_research_asset_v1/05_EARLIER_EXPLORATIONS/comparison_space_team/01_exact_translation.md	pending-semantic-enumeration	none
d0e35651d9c1c9c7c3b3717b197fd25def3c9dbf0026e14614d51e0bba1785b1	10938	2	history/sources/次单调论文研究/RL_monotonicity_regularity_research_checkpoint_2026-09-01.zip!/work/synthesis_audit.md	pending-semantic-enumeration	none
d0feb66773115951deb29fd6716384e9e1e000f60b288b4ff0d1269da71a0879	1382	1	history/sources/次单调论文研究/分类集研究/RLEB_LT_operator_space_research_asset_v1/RLEB_LT_operator_space_research_asset_v1/06_RELATED_MANUSCRIPT_ASSETS/solution_selection_revised_v1_delivery.zip!/build.sh	pending-semantic-enumeration	none
d1d6be33ede0c5925b1c89a4cc50769016130cf67e83bb93e27115820c893e1f	45968	2	history/sources/次单调论文研究/RL_monotonicity_regularity_research_checkpoint_2026-09-01.zip!/work/b_linear_cayley.md	pending-semantic-enumeration	none
d21333c9727de3c51194f2977f95c76c4f02e7d213aa9a8209f7c62c632f3503	33302	1	history/sources/次单调论文研究/分类集研究/RLEB_LT_operator_space_research_asset_v1/RLEB_LT_operator_space_research_asset_v1/03_CLASSIFICATION_STAGE/ppa_classification_team/04_step_spectrum.md	pending-semantic-enumeration	none
d2e105e4238757fc73de4e8bd3241c7962eb439db768cd9eba2363d879d4badd	6934	1	history/sources/次单调论文研究/RL_CONIC_CRSC_MSCQ_Boluo_v04_source.zip!/expert-result.yaml	pending-semantic-enumeration	none
d4a79c810372153a52a518b6d195c6ccbb2bacc3eca057714de7d3e4a65eee56	9821	1	history/sources/次单调论文研究/分类集研究/RLEB_LT_operator_space_research_asset_v1/RLEB_LT_operator_space_research_asset_v1/06_RELATED_MANUSCRIPT_ASSETS/source_inputs/RLEB_PPA_submission_assets_2026-09-18.zip!/RLEB_PPA_投稿资产_2026-09-18/sections/frontmatter.tex	pending-semantic-enumeration	none
d6638d2d282666e7354bb1f12d23698007c3e6fb0c45c22e4baa4f7079106781	44042	2	history/sources/次单调论文研究/RL_monotonicity_regularity_research_checkpoint_2026-09-01.zip!/work/b_setvalued_geometry.md	pending-semantic-enumeration	none
d6aef8f34ecff3ad54d910d5c324187cb20c629417291aa3a232ae7fc4c66ab5	1300	2	history/sources/历史总包_2026-09-14/菠萝_RL与广义次正则研究资产_2026-09-14_v2_真实超边图/02_锥优化_CRSC_MSCQ/02_可编译源文件/author-cjk.ttf	pending-semantic-enumeration	none
d6b92ec251c5d71e9284b493363f03e7856429100d7c7de368ed0655ee41b016	10013	1	history/sources/次单调论文研究/RL_foundations_freeze_2026-09-01/work/rl_foundations_locked_content_ledger.yaml	pending-semantic-enumeration	none
d711feb369548644080ad9e31972b0ccf4546c3eedbefdea1510ebadc3e7a4c1	3185	2	history/sources/提纯总账_2026-09-21_v0.9/01_CURRENT_MAP.md	pending-semantic-enumeration	none
d754e382984b548d6b57406f9eda41fcff85640749f24e8a66dbe403bba38a61	10446	2	history/sources/次单调论文研究/RL_foundations_freeze_2026-09-01/research/rl_novelty_and_publication_assessment.md	pending-semantic-enumeration	none
d7efd065d553757c7fd761469ed7c73977caea0ef4eed60494d58190a975fcce	113916	2	history/sources/次单调论文研究/RL_monotonicity_regularity_research_checkpoint_2026-09-01.zip!/research/example_properties.md	pending-semantic-enumeration	none
d9a6965c25e14f10c4f07b6428307819851d895657c6907ff9bce6879f68efe2	32579	1	history/sources/历史总包_2026-09-14/菠萝_RL与广义次正则研究资产_2026-09-14_v2_真实超边图/00_从这里开始/图模板_v2.html	pending-semantic-enumeration	none
d9e92c92c63c40c6a7c2119f4287c02fab1d35e7cc0fea568082bf52bd17631b	1372	1	history/sources/次单调论文研究/RL_monotonicity_regularity_research_checkpoint_2026-09-01.zip!/work/rl_publication_calibrator_journal_ledger.csv	pending-semantic-enumeration	none
d9f9e5c53c41d827a7fd25250fbd5cbee3c3f2d08c41d245dc9b8f552b084619	23812	2	history/sources/历史总包_2026-09-14/菠萝_RL与广义次正则研究资产_2026-09-14_v2_真实超边图/01_RL_PPA核心理论/03_判别方法与理论升级/C11复合次正则_定量模块与未解边界.md	enumerated-with-dispositions	COMPOSITE-core;CS8-literature-scope
da67d4b9ecc1fc71fc1419610b076f22d744fa94d2f91bc36613df810cd485ff	24875	1	history/sources/次单调论文研究/RL_novelty_boundary_checkpoint_2026-09-01.zip!/work/novelty_mv_deepread.md	pending-semantic-enumeration	none
dc8afc27bd008224235dcdb1d485a8bc51dfe23023092f34f2da04f772a71da7	40636	1	history/sources/次单调论文研究/分类集研究/RLEB_LT_operator_space_research_asset_v1/RLEB_LT_operator_space_research_asset_v1/02_NEUTRAL_PPA_SYSTEM/ppa_system_team/10_final_blueprint.md	pending-semantic-enumeration	none
dcd1b7c41cd0e7471d301f96380929a764292f34bce0f2e942d611d1992f3952	2935	1	history/sources/次单调论文研究/RLEB_投稿扩展版_完整源码_2026-09-19.zip!/RLEB_投稿扩展版_2026-09-19/main.bbl	pending-semantic-enumeration	none
dce883e7e1e6f3ebeee68f92f233c3c533afd60e006428131bb1b30a02438d8a	4825	1	history/sources/次单调论文研究/分类集研究/RLEB_LT_operator_space_research_asset_v1/RLEB_LT_operator_space_research_asset_v1/OPEN_PROBLEM.md	pending-semantic-enumeration	none
df0206d1d22d4c1f969c9a6dafa40011bca5a2398a554b4693c5f1cf71698da4	45856	1	history/sources/次单调论文研究/RL_usability_research_report.docx	pending-semantic-enumeration	none
df1f39aede72b96e51e7869f748fb766f5f0b351c45c9e568c8d40cf68e83348	22868	1	history/sources/历史总包_2026-09-14/菠萝_RL与广义次正则研究资产_2026-09-14_v2_真实超边图/00_从这里开始/文件来源与中文名称对照.csv	pending-semantic-enumeration	none
dfacf9d8705c35b025ed55a6b22a3db12c4495a989a56b1cb8c003dcbea20dfb	19900	1	history/sources/次单调论文研究/RLEB_投稿扩展版_完整源码_2026-09-19.zip!/RLEB_投稿扩展版_2026-09-19/sections/extensions_moduli_structure.tex	pending-semantic-enumeration	none
e0289b1f9e76fddd174986a009fbaf2db1ba3b51476689d517a22fd0b4c2aaae	329898	2	history/sources/历史总包_2026-09-14/菠萝_RL与广义次正则研究资产_2026-09-14_v2_真实超边图/01_RL_PPA核心理论/01_论文主稿/RL与广义次正则_当前排版论文.pdf	pending-semantic-enumeration	none
e163ade04e7c5e3a82f6d44ed0034809ef519650ffc3758d1c95fc6de65d3280	19685	1	history/sources/历史总包_2026-09-14/菠萝_RL与广义次正则研究资产_2026-09-14_v2_真实超边图/02_锥优化_CRSC_MSCQ/03_核心证明审计/冻结CRSC_秩夹逼与MSCQ核心证明审计.md	pending-semantic-enumeration	none
e24b415afe82ba6a98bd5fd7740bc25f5026da151934cd66d7cfbd22e5924815	47368	1	history/sources/次单调论文研究/RL_foundations_freeze_2026-09-01/work/RL_foundations_draft.md	pending-semantic-enumeration	none
e3cccca9a20e8c859c75b5cd4bcf0699745c98124546186f1b70d14485a3e44c	1132	1	history/sources/次单调论文研究/分类集研究/RLEB_LT_operator_space_research_asset_v1/RLEB_LT_operator_space_research_asset_v1/06_RELATED_MANUSCRIPT_ASSETS/source_inputs/RLEB_PPA_submission_assets_2026-09-18.zip!/RLEB_PPA_投稿资产_2026-09-18/main.tex	pending-semantic-enumeration	none
e42a08eed296cc160449c1180689922f7a2f0d28f7626e0a4d3786e6d69e6412	17424	1	history/sources/次单调论文研究/分类集研究/RLEB_LT_operator_space_research_asset_v1/RLEB_LT_operator_space_research_asset_v1/05_EARLIER_EXPLORATIONS/genericity_team/06_math_stress.md	pending-semantic-enumeration	none
e54efff6fa7ad751c6de01c91ecac93ce1c301863b41e8369e18a151d2d17a6e	137282	1	history/sources/次单调论文研究/RL_euclidean_one_theorem_cn.pdf	pending-semantic-enumeration	none
e56084aba8c568fbbb4493e22afb2c4bbdea120a9f59aef88f6615601f56f4cb	29078	1	history/sources/历史总包_2026-09-14/菠萝_RL与广义次正则研究资产_2026-09-14_v2_真实超边图/03_随机与Markov理论/04_相关性与随机表示/相关性感知_随机近端正类与分支缺陷障碍.md	pending-semantic-enumeration	none
e5b73c1aa83ce6266895e5912263843acc1c7e45829999af01da0876c50e049e	29154	1	history/sources/历史总包_2026-09-14/菠萝_RL与广义次正则研究资产_2026-09-14_v2_真实超边图/01_RL_PPA核心理论/04_证明审计与敌对审稿/理论谱系与贡献边界_文献论证_T4.md	pending-semantic-enumeration	none
e61c7bb9a625b2a2622eb1ab8dc589b62939c2785cdf0747f08fa22c35dff4f0	6690	1	history/sources/次单调论文研究/分类集研究/RLEB_LT_operator_space_research_asset_v1/RLEB_LT_operator_space_research_asset_v1/README.md	pending-semantic-enumeration	none
e67b4a09a1d2fb9fcd4c2681f831d740a12989e7a731d884944f4ef1074a7105	45861	2	history/sources/次单调论文研究/RL_monotonicity_regularity_research_checkpoint_2026-09-01.zip!/work/c_gx066_077.md	pending-semantic-enumeration	none
e7b9c8cbf217681e4264fb09206165d88013b4d01008d2a0db5122865848e88e	29353	1	history/sources/次单调论文研究/分类集研究/RLEB_LT_operator_space_research_asset_v1/RLEB_LT_operator_space_research_asset_v1/01_CANONICAL_HANDOFF/mathematician_handoff/04_research_ideas.md	enumerated-with-dispositions	OPERATOR-IDEAS-full
ea1424526fb7a65ca929c7b99b9c7c045ac5fe6c4833e82fc30d41d2d5b56e93	3530	2	history/sources/次单调论文研究/RLEB_投稿扩展版_完整源码_2026-09-19.zip!/RLEB_投稿扩展版_2026-09-19/figures/author_u83e0_pdf15.pdf	pending-semantic-enumeration	none
eb546c4601cdcb6fe738d85d19ddc3db3a5e0ac9801ff63d8abbb876f3f4e2e0	51789	1	history/sources/次单调论文研究/分类集研究/RLEB_LT_operator_space_research_asset_v1/RLEB_LT_operator_space_research_asset_v1/06_RELATED_MANUSCRIPT_ASSETS/solution_selection_final_audit.md	pending-semantic-enumeration	none
ecaec4f83c8381a4bc448ee1946141eeba2d950bbd2af8cabf15f1f066a5435e	3543	1	history/sources/历史总包_2026-09-14/菠萝_RL与广义次正则研究资产_2026-09-14_v2_真实超边图/04_公开问题与未来攻关/03_旗舰问题任务书/Codex旗舰攻关_历史任务书与验收标准_2026-09-09.md	pending-semantic-enumeration	none
ecfaeec64e81c8a46bd35d477522f7fb79e7b29555b4db4416f22b841e2bd9f4	2012	1	history/sources/次单调论文研究/分类集研究/RLEB_LT_operator_space_research_asset_v1/RLEB_LT_operator_space_research_asset_v1/01_CANONICAL_HANDOFF/mathematician_handoff/README.md	pending-semantic-enumeration	none
ed466d01f7c4e85d8de2e864df92b069d5b1ef89a0f82353e57f4d0a4315579d	3803	1	history/sources/次单调论文研究/分类集研究/RLEB_LT_operator_space_research_asset_v1/RLEB_LT_operator_space_research_asset_v1/00_START_HERE/READING_ROUTES.md	pending-semantic-enumeration	none
ed8a1827424e633673308cdb3ceaf867f4eb0b3110c9623551d6a54843283aa8	4714	1	history/sources/历史总包_2026-09-14/菠萝_RL与广义次正则研究资产_2026-09-14_v2_真实超边图/00_从这里开始/README_研究资产导航.md	pending-semantic-enumeration	none
edce45b071adba32b6616c8fe94da452c0b20b9c433f5bc7e66759001fd2a740	3672	1	history/sources/历史总包_2026-09-14/菠萝_RL与广义次正则研究资产_2026-09-14_v2_真实超边图/03_随机与Markov理论/06_验证程序/验证_投影与可数紧致扩展.py	pending-semantic-enumeration	none
eee6d7ac4f9a0bac0493b90cdd776283d8ec7cefe72a3a1b59061817d01388d6	676435	1	history/sources/次单调论文研究/最新成果/Holder_RL_Pedagogical_Companion_CN.pdf	pending-semantic-enumeration	none
ef674dace92726fa2ec815d6f1d05db075f0d4b8d2bdeae44e34a13a8d3fbe2e	43607	2	history/sources/次单调论文研究/RL_monotonicity_regularity_research_checkpoint_2026-09-01.zip!/work/c_gx001_013.md	pending-semantic-enumeration	none
f0982eeed8be5ed3de85e066f5af26dceb49b62666667e57631a9d50d9155d94	34657	1	history/sources/次单调论文研究/分类集研究/RLEB_LT_operator_space_research_asset_v1/RLEB_LT_operator_space_research_asset_v1/02_NEUTRAL_PPA_SYSTEM/ppa_system_team/01_ambient_axioms.md	pending-semantic-enumeration	none
f0b1fb1fc63b6ef75a372c323c3c64a67375a8a68d25bf85c3bde7bc7edc81fe	48529	1	history/sources/次单调论文研究/分类集研究/RLEB_LT_operator_space_research_asset_v1/RLEB_LT_operator_space_research_asset_v1/01_CANONICAL_HANDOFF/mathematician_handoff/01_full_handoff_draft.md	pending-semantic-enumeration	none
f1c791bbb4a14c1bb12982e465feb4629922c3ebfb6e31317213362b3bb45ab5	20049	1	history/sources/次单调论文研究/分类集研究/RLEB_LT_operator_space_research_asset_v1/RLEB_LT_operator_space_research_asset_v1/02_NEUTRAL_PPA_SYSTEM/ppa_system_team/09_value_audit.md	enumerated-with-dispositions	F11-VALUE-AUDIT-full
f1c8a973c94191fe80fd0c043fa97d09495cc7b0a0f8ea431673dc9492743c8d	1438	2	history/sources/历史总包_2026-09-14/菠萝_RL与广义次正则研究资产_2026-09-14_v2_真实超边图/02_锥优化_CRSC_MSCQ/02_可编译源文件/中文作者字体来源与再生成说明.md	pending-semantic-enumeration	none
f200ece8ebb8e5a3f18a105874fd702dcf68b75190459270a05bfc9fc1971573	22023	1	history/sources/次单调论文研究/RL_foundations_freeze_2026-09-01/work/rl_foundations_anchor_theorems.md	pending-semantic-enumeration	none
f23e6ddc8c21ed0ba2cb5c87ce65ca528179f0620feb272d52896e01f24a0e7f	19226	1	history/sources/次单调论文研究/RL_novelty_boundary_checkpoint_2026-09-01.zip!/research/RL_novelty_boundary.md	pending-semantic-enumeration	none
f45947f55a8e36b80e80d90cd31e425fcd869393957d828e7574f6140dd4c3f2	35599	1	history/sources/历史总包_2026-09-14/菠萝_RL与广义次正则研究资产_2026-09-14_v2_真实超边图/03_随机与Markov理论/04_相关性与随机表示/非乘积随机近端_吸收选择与非不变极限障碍.md	pending-semantic-enumeration	none
f515dad127cfeef38a85b7fa39aae31fe7cb644b73fead0b00878cfb26908453	483003	1	history/sources/次单调论文研究/最新成果/2026_09_25_siopt_combined_candidate.pdf	pending-semantic-enumeration	none
f5a35d8bbbea1ecf8509f7475169cbca130697ce1d992968d205e780cbb93e12	21317	1	history/sources/历史总包_2026-09-14/菠萝_RL与广义次正则研究资产_2026-09-14_v2_真实超边图/02_锥优化_CRSC_MSCQ/03_核心证明审计/耦合SOC与PSD_正例及显式常数审计.md	pending-semantic-enumeration	none
f6d361e1ff0990e5e34aae4cbdb6e6cb7be76528d1a6dd8b46829f8a1bf39a02	24544	1	history/sources/次单调论文研究/ATTACK_MULTIVALUED_RANDOM_RL_APPLICATION.md	pending-semantic-enumeration	none
f6f85eec0cfcc33af05f8f52b6c75c91ebcccda551b6f1a5935a50356eff2318	50031	1	history/sources/次单调论文研究/分类集研究/RLEB_LT_operator_space_research_asset_v1/RLEB_LT_operator_space_research_asset_v1/01_CANONICAL_HANDOFF/mathematician_handoff/07_final_handoff.md	pending-semantic-enumeration	none
f96f01990e94dd9d8f1a0c949507e4462c8bb8fe73df7b76960ff8d0e8cbe89c	5552	1	history/sources/次单调论文研究/分类集研究/RLEB_LT_operator_space_research_asset_v1/RLEB_LT_operator_space_research_asset_v1/STATUS.md	pending-semantic-enumeration	none
f9c3b723a3d38b78fb01ac38dea8f1b18d196d311937f1621556cde7f7c9f16b	21590	1	history/sources/次单调论文研究/分类集研究/RLEB_LT_operator_space_research_asset_v1/RLEB_LT_operator_space_research_asset_v1/05_EARLIER_EXPLORATIONS/comparison_space_team/07_priorart_value_audit.md	pending-semantic-enumeration	none
fa0c42347cb99aee91319cd1baa68e5c7413efec29aecc17b91fd4e6b413f2c6	951	1	history/sources/次单调论文研究/monotonicity_regularity_research_2026-09-01.zip!/research/project_state.yaml	pending-semantic-enumeration	none
fae610aa65ddd68c6e42c06a32ffbf79e504ba4de108ae16b54604a26fc02ec3	8266	2	history/sources/提纯总账_2026-09-21_v0.9/05_INTERNAL_INDEX.md	pending-semantic-enumeration	none
fbd73364456dba5d487ed86758a70e597c3e902201aa4ed68d6c2373fa2f1feb	505186	1	history/sources/次单调论文研究/RL_monotonicity_regularity_research_checkpoint_2026-09-01.zip	pending-semantic-enumeration	none
fcfe16d2d526bdede59486d70b2a8aeabed18bac7af6198bfeff3a1b37a3f0f8	1195	1	history/sources/次单调论文研究/分类集研究/RLEB_LT_operator_space_research_asset_v1/RLEB_LT_operator_space_research_asset_v1/05_EARLIER_EXPLORATIONS/README.md	pending-semantic-enumeration	none
fd14dc7e32e125d2c40f3a75c06e0c50d17520040bc03c88a5440dcfca58eccb	48471	1	history/sources/次单调论文研究/RL_monotonicity_regularity_research_checkpoint_2026-09-01.zip!/work/rl_nearest_deepread.md	pending-semantic-enumeration	none
fd3c3f75b9b7bf94b978c933fbae3e2a69467eaecf6fffaaa8451b49e3cd612b	19080	1	history/sources/历史总包_2026-09-14/菠萝_RL与广义次正则研究资产_2026-09-14_v2_真实超边图/03_随机与Markov理论/02_有限状态分类/有限状态分类与惰性四循环_精确独立审计.md	pending-semantic-enumeration	none
fd68b54b79e9afc755829e9e11df3cee6dc0f294e78e6fe5891168f8baafd4c1	5962	1	history/sources/历史总包_2026-09-14/菠萝_RL与广义次正则研究资产_2026-09-14_v2_真实超边图/00_从这里开始/README_v1_历史导航.md	pending-semantic-enumeration	none
fd99602f138628bdcd4c81f0360d072973cc334d35a788e55f4ea3f35d752a29	6716	1	history/sources/次单调论文研究/RL_T4_CODEX_HANDOFF_2026-09-09.zip!/PROMPT_FOR_NEW_CODEX.md	pending-semantic-enumeration	none
ff060d0f1000cca7686f59cdee22dda1685b9b984338f960fea8ead21832912c	3395	2	history/sources/次单调论文研究/RLEB_投稿扩展版_完整源码_2026-09-19.zip!/RLEB_投稿扩展版_2026-09-19/sections/native_schur_verifier.tex	pending-semantic-enumeration	none
ff4e6d9cab32fbaf4efb37585e6ab624e71a0f64f123dfbaea1c29a52527d30b	2710	1	history/sources/次单调论文研究/分类集研究/RLEB_LT_operator_space_research_asset_v1/RLEB_LT_operator_space_research_asset_v1/06_RELATED_MANUSCRIPT_ASSETS/solution_selection_revised_v1_delivery.zip!/SOURCE_MAP.md	pending-semantic-enumeration	none
ff95caeff9d747e926884bf01a2920312f080afd331e63ab62819248df68e413	1773	1	history/sources/次单调论文研究/RL_monotonicity_regularity_research_checkpoint_2026-09-01.zip!/research/project_state.yaml	pending-semantic-enumeration	none
ffc1be7eff83c774d7367c6419b854d65dff6281b185902c6af2e44b0cff8df9	635	1	history/sources/次单调论文研究/正式后的研究/RLEB_solution_selection_2026-09-18.zip!/RLEB_solution_selection_2026-09-18/results/quadratic_phase.csv	pending-semantic-enumeration	none
