unit_id	source_member	start_line	end_line	kind	enumeration_status	canonical_target	remaining_obligation
S19-SG-001	history/sources/次单调论文研究/RLEB_投稿扩展版_完整源码_2026-09-19.zip!/RLEB_投稿扩展版_2026-09-19/sections/appendix_signed_schur.tex	1	20	setup	mapped-to-existing	research/canonical/signed_schur_growth.md#ss-object	剪切坐标和真 EB 独立性的来源背景；无额外全称命题
S19-SG-002	history/sources/次单调论文研究/RLEB_投稿扩展版_完整源码_2026-09-19.zip!/RLEB_投稿扩展版_2026-09-19/sections/appendix_signed_schur.tex	21	219	theorem-proof	mapped-to-existing	research/canonical/signed_schur_growth.md#ss-growth	原版邻域图包含歧义保留
S19-SG-003	history/sources/次单调论文研究/RLEB_投稿扩展版_完整源码_2026-09-19.zip!/RLEB_投稿扩展版_2026-09-19/sections/appendix_signed_schur.tex	220	252	corollary-proof	mapped-to-existing	research/canonical/signed_schur_growth.md#ss-power	不同幂次只比较预算
S19-SG-004	history/sources/次单调论文研究/RLEB_投稿扩展版_完整源码_2026-09-19.zip!/RLEB_投稿扩展版_2026-09-19/sections/appendix_signed_schur.tex	253	299	proposition-proof	mapped-to-existing	research/canonical/signed_schur_growth.md#ss-jet	输出匹配只在修正切向输入上
S19-SG-005	history/sources/次单调论文研究/RLEB_投稿扩展版_完整源码_2026-09-19.zip!/RLEB_投稿扩展版_2026-09-19/sections/appendix_signed_schur.tex	300	321	proposition-proof	mapped-to-existing	research/canonical/signed_schur_growth.md#ss-exponent	完整纤维识别另核
S19-SG-006	history/sources/次单调论文研究/RLEB_投稿扩展版_完整源码_2026-09-19.zip!/RLEB_投稿扩展版_2026-09-19/sections/appendix_signed_schur.tex	322	331	remark	mapped-to-existing	research/canonical/signed_schur_growth.md#ss-obligations	隐函数导数公式为已核工具；区间界到具体原生图尚须证明存在及完整支清单
S19-SG-011	history/sources/次单调论文研究/RLEB_投稿扩展版_完整源码_2026-09-19.zip!/RLEB_投稿扩展版_2026-09-19/sections/appendix_signed_schur.tex	332	341	remark	enumerated-unadjudicated		有限图册链几何和重叠完整纤维仅为方案，未给普遍定理/证明
S19-SG-007	history/sources/次单调论文研究/RLEB_投稿扩展版_完整源码_2026-09-19.zip!/RLEB_投稿扩展版_2026-09-19/sections/appendix_signed_schur.tex	342	407	proposition-proof	mapped-to-existing	research/canonical/signed_schur_growth.md#ss-square-root	原版图包含范围区别
S19-SG-008	history/sources/次单调论文研究/RLEB_投稿扩展版_完整源码_2026-09-19.zip!/RLEB_投稿扩展版_2026-09-19/sections/appendix_signed_schur.tex	408	433	proposition-proof	mapped-to-existing	research/canonical/signed_schur_growth.md#ss-attacks	碰撞只否定缺相反定向的升级
S19-SG-009	history/sources/次单调论文研究/RLEB_投稿扩展版_完整源码_2026-09-19.zip!/RLEB_投稿扩展版_2026-09-19/sections/appendix_signed_schur.tex	434	442	remark	mapped-to-existing	research/canonical/signed_schur_growth.md#ss-attacks	单一接缝点 Taylor 数据不足
S19-SG-010	history/sources/次单调论文研究/RLEB_投稿扩展版_完整源码_2026-09-19.zip!/RLEB_投稿扩展版_2026-09-19/sections/appendix_signed_schur.tex	443	452	context	mapped-to-existing	research/canonical/signed_schur_growth.md#ss-obligations	与 inverse function machinery 的对照是来源解释，不断言其它图族通用证书
