unit_id	source_locator	line_start	line_end	source_label	unit_type	exact_payload	evidence_state	disposition	canonical_anchor	claim_ids	reason	remaining_obligation
SSG-U001	history/sources/次单调论文研究/RLEB_投稿扩展版_完整源码_2026-09-19.zip!/RLEB_投稿扩展版_2026-09-19/sections/appendix_signed_schur.tex	1	2	section-identity	organization	附录题名及 sec:signed-schur-details 标签；complete branches 的标题不等于完整F纤维已核	nonmathematical	nonmathematical	research/canonical/signed_schur_growth.md#ss-interface		来源组织身份；完整参数域与完整关系的区别在规范接口明写	本单元无新增未闭义务；不关闭其它来源或应用门
SSG-U112	history/sources/次单调论文研究/RLEB_投稿扩展版_完整源码_2026-09-19.zip!/RLEB_投稿扩展版_2026-09-19/sections/appendix_signed_schur.tex	3	3	syntax-LF-3-3	organization	经逐LF检查，仅空行、TeX环境开闭/标签、公式分隔或组织标题；相邻实质断言已分别列出	nonmathematical	nonmathematical			只收已读的明确语法余项；不把未识别数学文字归入此行	本单元无新增未闭义务；不关闭其它来源或应用门
SSG-U002	history/sources/次单调论文研究/RLEB_投稿扩展版_完整源码_2026-09-19.zip!/RLEB_投稿扩展版_2026-09-19/sections/appendix_signed_schur.tex	4	5	procedure-cross-reference	organization	为 sec:schur-seam-verifier 提供导数条件和证明的正文交叉定位	source-report	nonmathematical	research/canonical/signed_schur_growth.md#ss-source		只保存原稿组织关系，不把被引用章节整体纳入本成员覆盖	本单元无新增未闭义务；不关闭其它来源或应用门
SSG-U003	history/sources/次单调论文研究/RLEB_投稿扩展版_完整源码_2026-09-19.zip!/RLEB_投稿扩展版_2026-09-19/sections/appendix_signed_schur.tex	5	8	abstract-certificate	source-summary	两图参数化经切向消元和相反标量增长给覆盖、唯一和J-side	derived-checked	duplicate	research/canonical/signed_schur_growth.md#ss-growth	C117-v2	本表主定理各条件与结论另逐项列出；此处为开篇重复概述	本单元无新增未闭义务；不关闭其它来源或应用门
SSG-U004	history/sources/次单调论文研究/RLEB_投稿扩展版_完整源码_2026-09-19.zip!/RLEB_投稿扩展版_2026-09-19/sections/appendix_signed_schur.tex	8	9	abstract-EB-separation	scope-boundary	J-side证书不包含误差界；EB须独立验算	derived-checked	rewritten	research/canonical/signed_schur_growth.md#ss-obligations	C117-v2	图导数控制输入/反射几何，不能由此得到完整F最小残差下界	本单元无新增未闭义务；不关闭其它来源或应用门
SSG-U113	history/sources/次单调论文研究/RLEB_投稿扩展版_完整源码_2026-09-19.zip!/RLEB_投稿扩展版_2026-09-19/sections/appendix_signed_schur.tex	10	10	syntax-LF-10-10	organization	经逐LF检查，仅空行、TeX环境开闭/标签、公式分隔或组织标题；相邻实质断言已分别列出	nonmathematical	nonmathematical			只收已读的明确语法余项；不把未识别数学文字归入此行	本单元无新增未闭义务；不关闭其它来源或应用门
SSG-U005	history/sources/次单调论文研究/RLEB_投稿扩展版_完整源码_2026-09-19.zip!/RLEB_投稿扩展版_2026-09-19/sections/appendix_signed_schur.tex	11	16	Minty-Cayley-coordinates	definition	固定λ>0；g=(u,u*)的X=u+λu*、Y=u−λu*，与正文v同指图值	derived-checked	rewritten	research/canonical/signed_schur_growth.md#ss-interface	C117-v2	规范SS-1与参数字典同一线性变换，原稿u*与v改名不换对象	本单元无新增未闭义务；不关闭其它来源或应用门
SSG-U006	history/sources/次单调论文研究/RLEB_投稿扩展版_完整源码_2026-09-19.zip!/RLEB_投稿扩展版_2026-09-19/sections/appendix_signed_schur.tex	17	19	orthogonal-splitting-norms	definition	Rn=R^(n−1)×R，P切向、N标量法向；欧氏向量/算子范数	derived-checked	rewritten	research/canonical/signed_schur_growth.md#ss-object	C117-v2	逐式核对源条件、量词及规范独立证明；该锚保留本单元对象与适用域	本单元无新增未闭义务；不关闭其它来源或应用门
SSG-U114	history/sources/次单调论文研究/RLEB_投稿扩展版_完整源码_2026-09-19.zip!/RLEB_投稿扩展版_2026-09-19/sections/appendix_signed_schur.tex	20	22	syntax-LF-20-22	organization	经逐LF检查，仅空行、TeX环境开闭/标签、公式分隔或组织标题；相邻实质断言已分别列出	nonmathematical	nonmathematical			只收已读的明确语法余项；不把未识别数学文字归入此行	本单元无新增未闭义务；不关闭其它来源或应用门
SSG-U007	history/sources/次单调论文研究/RLEB_投稿扩展版_完整源码_2026-09-19.zip!/RLEB_投稿扩展版_2026-09-19/sections/appendix_signed_schur.tex	23	24	parameter-signs	hypothesis	n≥2，R,T,μ>0；H,B,Kz,K+,K−≥0	derived-checked	rewritten	research/canonical/signed_schur_growth.md#ss-object	C117-v2	逐式核对源条件、量词及规范独立证明；该锚保留本单元对象与适用域	本单元无新增未闭义务；不关闭其它来源或应用门
SSG-U008	history/sources/次单调论文研究/RLEB_投稿扩展版_完整源码_2026-09-19.zip!/RLEB_投稿扩展版_2026-09-19/sections/appendix_signed_schur.tex	25	30	two-chart-domain	hypothesis	两支C1图参数gσ=(uσ,vσ)，σ=±1，显示域Q=闭B_R^(n−1)×[0,T]	derived-checked	rewritten	research/canonical/signed_schur_growth.md#ss-object	C117-v2	逐式核对源条件、量词及规范独立证明；该锚保留本单元对象与适用域	本单元无新增未闭义务；不关闭其它来源或应用门
SSG-U009	history/sources/次单调论文研究/RLEB_投稿扩展版_完整源码_2026-09-19.zip!/RLEB_投稿扩展版_2026-09-19/sections/appendix_signed_schur.tex	31	32	neighborhood-graph-inclusion-version	version-boundary	原句邻域定义且取gphF值的范围未分辨：邻域全图包含与仅Q图包含两种读法	source-report	deferred	research/canonical/signed_schur_growth.md#ss-version-recovery		固定原句与成员hash只认证来源身份；规范v2显式选Q图包含，强读法抽象结论仍由v2推出	如需按原稿调用，须明确图包含量词；强邻域读法不得使用原平方根参数例；不猜造C117-v1卡
SSG-U010	history/sources/次单调论文研究/RLEB_投稿扩展版_完整源码_2026-09-19.zip!/RLEB_投稿扩展版_2026-09-19/sections/appendix_signed_schur.tex	32	36	S1-common-graph-seam	hypothesis	全部a∈闭B_R处g+(a,0)=g−(a,0)=g0(a)，是图点相同而非仅输入相同	derived-checked	rewritten	research/canonical/signed_schur_growth.md#ss-object	C117-v2	逐式核对源条件、量词及规范独立证明；该锚保留本单元对象与适用域	本单元无新增未闭义务；不关闭其它来源或应用门
SSG-U011	history/sources/次单调论文研究/RLEB_投稿扩展版_完整源码_2026-09-19.zip!/RLEB_投稿扩展版_2026-09-19/sections/appendix_signed_schur.tex	37	39	X-Y-and-center	definition	Xσ=Xgσ、Yσ=Ygσ，PXσ(0,0)=0的切向中心归一化	derived-checked	rewritten	research/canonical/signed_schur_growth.md#ss-object	C117-v2	逐式核对源条件、量词及规范独立证明；该锚保留本单元对象与适用域	本单元无新增未闭义务；不关闭其它来源或应用门
SSG-U012	history/sources/次单调论文研究/RLEB_投稿扩展版_完整源码_2026-09-19.zip!/RLEB_投稿扩展版_2026-09-19/sections/appendix_signed_schur.tex	39	43	tangential-blocks	definition	每一显示参数点取Aσ=P D_aXσ、bσ=P∂tXσ	derived-checked	rewritten	research/canonical/signed_schur_growth.md#ss-object	C117-v2	逐式核对源条件、量词及规范独立证明；该锚保留本单元对象与适用域	本单元无新增未闭义务；不关闭其它来源或应用门
SSG-U013	history/sources/次单调论文研究/RLEB_投稿扩展版_完整源码_2026-09-19.zip!/RLEB_投稿扩展版_2026-09-19/sections/appendix_signed_schur.tex	44	49	S2-uniform-tangential-coercivity	hypothesis	两整个参数域一致有sym Aσ≥μI与‖bσ‖≤H	derived-checked	rewritten	research/canonical/signed_schur_growth.md#ss-object	C117-v2	统一强制性与漂移界共同支撑全切向球反演；不以逐点Taylor资料替代	本单元无新增未闭义务；不关闭其它来源或应用门
SSG-U014	history/sources/次单调论文研究/RLEB_投稿扩展版_完整源码_2026-09-19.zip!/RLEB_投稿扩展版_2026-09-19/sections/appendix_signed_schur.tex	50	51	S3-normal-tangent-bound	hypothesis	‖N D_aXσ Aσ^−1‖≤B，控制修正坐标中法向随切向输入的漂移	derived-checked	rewritten	research/canonical/signed_schur_growth.md#ss-object	C117-v2	逐式核对源条件、量词及规范独立证明；该锚保留本单元对象与适用域	本单元无新增未闭义务；不关闭其它来源或应用门
SSG-U015	history/sources/次单调论文研究/RLEB_投稿扩展版_完整源码_2026-09-19.zip!/RLEB_投稿扩展版_2026-09-19/sections/appendix_signed_schur.tex	52	53	S4-output-tangent-bound	hypothesis	‖D_aYσ Aσ^−1‖≤Kz，控制修正反射沿切向的变化	derived-checked	rewritten	research/canonical/signed_schur_growth.md#ss-object	C117-v2	逐式核对源条件、量词及规范独立证明；该锚保留本单元对象与适用域	本单元无新增未闭义务；不关闭其它来源或应用门
SSG-U016	history/sources/次单调论文研究/RLEB_投稿扩展版_完整源码_2026-09-19.zip!/RLEB_投稿扩展版_2026-09-19/sections/appendix_signed_schur.tex	54	56	S5-output-normal-bound	hypothesis	‖∂tYσ−D_aYσ Aσ^−1 bσ‖≤Kσ的各支修正反射法向界	derived-checked	rewritten	research/canonical/signed_schur_growth.md#ss-object	C117-v2	逐式核对源条件、量词及规范独立证明；该锚保留本单元对象与适用域	本单元无新增未闭义务；不关闭其它来源或应用门
SSG-U115	history/sources/次单调论文研究/RLEB_投稿扩展版_完整源码_2026-09-19.zip!/RLEB_投稿扩展版_2026-09-19/sections/appendix_signed_schur.tex	57	57	syntax-LF-57-57	organization	经逐LF检查，仅空行、TeX环境开闭/标签、公式分隔或组织标题；相邻实质断言已分别列出	nonmathematical	nonmathematical			只收已读的明确语法余项；不把未识别数学文字归入此行	本单元无新增未闭义务；不关闭其它来源或应用门
SSG-U017	history/sources/次单调论文研究/RLEB_投稿扩展版_完整源码_2026-09-19.zip!/RLEB_投稿扩展版_2026-09-19/sections/appendix_signed_schur.tex	58	60	growth-function-class	hypothesis	h±:[0,T]→[0,∞)均C1、凸、严格递增且h±(0)=0	derived-checked	rewritten	research/canonical/signed_schur_growth.md#ss-object	C117-v2	严格性给排他与零点模，凸性另给同支增量；SS-43具体定位删凸性失败	本单元无新增未闭义务；不关闭其它来源或应用门
SSG-U018	history/sources/次单调论文研究/RLEB_投稿扩展版_完整源码_2026-09-19.zip!/RLEB_投稿扩展版_2026-09-19/sections/appendix_signed_schur.tex	60	66	S6-opposite-signed-Schur	hypothesis	σ(N∂tXσ−ND_aXσ Aσ^−1bσ)≥hσ′(t)，在整个Q一致	derived-checked	rewritten	research/canonical/signed_schur_growth.md#ss-object	C117-v2	逐式核对源条件、量词及规范独立证明；该锚保留本单元对象与适用域	本单元无新增未闭义务；不关闭其它来源或应用门
SSG-U019	history/sources/次单调论文研究/RLEB_投稿扩展版_完整源码_2026-09-19.zip!/RLEB_投稿扩展版_2026-09-19/sections/appendix_signed_schur.tex	67	67	radius-budget	hypothesis	0<r<μR−HT，因而必须μR>HT	derived-checked	rewritten	research/canonical/signed_schur_growth.md#ss-object	C117-v2	逐式核对源条件、量词及规范独立证明；该锚保留本单元对象与适用域	本单元无新增未闭义务；不关闭其它来源或应用门
SSG-U116	history/sources/次单调论文研究/RLEB_投稿扩展版_完整源码_2026-09-19.zip!/RLEB_投稿扩展版_2026-09-19/sections/appendix_signed_schur.tex	68	68	syntax-LF-68-68	organization	经逐LF检查，仅空行、TeX环境开闭/标签、公式分隔或组织标题；相邻实质断言已分别列出	nonmathematical	nonmathematical			只收已读的明确语法余项；不把未识别数学文字归入此行	本单元无新增未闭义务；不关闭其它来源或应用门
SSG-U020	history/sources/次单调论文研究/RLEB_投稿扩展版_完整源码_2026-09-19.zip!/RLEB_投稿扩展版_2026-09-19/sections/appendix_signed_schur.tex	69	71	tangential-inverse-existence-uniqueness	theorem	每σ、每z∈B_r、每t∈[0,T]存在唯一α_σ(z,t)∈开B_R使PXσ=z	derived-checked	rewritten	research/canonical/signed_schur_growth.md#ss-growth	C117-v2	逐式核对源条件、量词及规范独立证明；该锚保留本单元对象与适用域	本单元无新增未闭义务；不关闭其它来源或应用门
SSG-U021	history/sources/次单调论文研究/RLEB_投稿扩展版_完整源码_2026-09-19.zip!/RLEB_投稿扩展版_2026-09-19/sections/appendix_signed_schur.tex	71	75	seam-normal-function	definition	ν(z)=NXσ(ασ(z,0),0)，公共图接缝使之不依赖σ	derived-checked	rewritten	research/canonical/signed_schur_growth.md#ss-growth	C117-v2	逐式核对源条件、量词及规范独立证明；该锚保留本单元对象与适用域	本单元无新增未闭义务；不关闭其它来源或应用门
SSG-U022	history/sources/次单调论文研究/RLEB_投稿扩展版_完整源码_2026-09-19.zip!/RLEB_投稿扩展版_2026-09-19/sections/appendix_signed_schur.tex	75	81	S7-open-collar-coverage	theorem	表示图覆盖U={‖z‖<r,ν(z)−h−(T)<s<ν(z)+h+(T)}的开输入领圈	derived-checked	rewritten	research/canonical/signed_schur_growth.md#ss-growth	C117-v2	ν由C1反演连续；法向IVT给两侧覆盖，不声称所有输入空间被覆盖	本单元无新增未闭义务；不关闭其它来源或应用门
SSG-U023	history/sources/次单调论文研究/RLEB_投稿扩展版_完整源码_2026-09-19.zip!/RLEB_投稿扩展版_2026-09-19/sections/appendix_signed_schur.tex	82	85	represented-collision-exclusion	theorem	切向输入在B_r的全部表示图上X单射；接缝重复参数只给同一图点	derived-checked	rewritten	research/canonical/signed_schur_growth.md#ss-growth	C117-v2	逐式核对源条件、量词及规范独立证明；该锚保留本单元对象与适用域	本单元无新增未闭义务；不关闭其它来源或应用门
SSG-U024	history/sources/次单调论文研究/RLEB_投稿扩展版_完整源码_2026-09-19.zip!/RLEB_投稿扩展版_2026-09-19/sections/appendix_signed_schur.tex	86	86	CB-constant	constant	C_B=√(1+B²)为法向差加B倍切向差的欧氏混合系数	derived-checked	rewritten	research/canonical/signed_schur_growth.md#ss-growth	C117-v2	逐式核对源条件、量词及规范独立证明；该锚保留本单元对象与适用域	本单元无新增未闭义务；不关闭其它来源或应用门
SSG-U025	history/sources/次单调论文研究/RLEB_投稿扩展版_完整源码_2026-09-19.zip!/RLEB_投稿扩展版_2026-09-19/sections/appendix_signed_schur.tex	86	91	S8-allocation-function	definition	q≥0时V(q)=max{K+t+K−s:0≤t,s≤T,h+(t)+h−(s)≤q}	derived-checked	rewritten	research/canonical/signed_schur_growth.md#ss-growth	C117-v2	规范用q表示预算，消除原稿v同时表示图值和预算变量的重名	本单元无新增未闭义务；不关闭其它来源或应用门
SSG-U026	history/sources/次单调论文研究/RLEB_投稿扩展版_完整源码_2026-09-19.zip!/RLEB_投稿扩展版_2026-09-19/sections/appendix_signed_schur.tex	92	101	S9-all-pairs-J-side	theorem	任意两切向输入均在B_r的表示图点，其原图加权平方差≤[d²+(Kz d+V(C_B d))²]/2，d=‖ΔX‖	derived-checked	rewritten	research/canonical/signed_schur_growth.md#ss-growth	C117-v2	逐式核对源条件、量词及规范独立证明；该锚保留本单元对象与适用域	本单元无新增未闭义务；不关闭其它来源或应用门
SSG-U027	history/sources/次单调论文研究/RLEB_投稿扩展版_完整源码_2026-09-19.zip!/RLEB_投稿扩展版_2026-09-19/sections/appendix_signed_schur.tex	102	104	modulus-monotone-zero-continuity	theorem	ω(d)=Kz d+V(C_Bd)非减且在零连续，幂次情形另有显式参数	derived-checked	rewritten	research/canonical/signed_schur_growth.md#ss-growth	C117-v2	紧可行集、嵌套预算及严格增长给V(0)=0和原点连续；不擅加全区间连续性断言	本单元无新增未闭义务；不关闭其它来源或应用门
SSG-U028	history/sources/次单调论文研究/RLEB_投稿扩展版_完整源码_2026-09-19.zip!/RLEB_投稿扩展版_2026-09-19/sections/appendix_signed_schur.tex	104	105	resolvent-side-identity	identity	U上SS-12左侧等于‖Jx−Jx′‖²+‖(x−Jx)−(x′−Jx′)‖²	derived-checked	rewritten	research/canonical/signed_schur_growth.md#ss-growth	C117-v2	先把J限定为表示图唯一Jrep；完整J需S10另行识别	本单元无新增未闭义务；不关闭其它来源或应用门
SSG-U117	history/sources/次单调论文研究/RLEB_投稿扩展版_完整源码_2026-09-19.zip!/RLEB_投稿扩展版_2026-09-19/sections/appendix_signed_schur.tex	106	106	syntax-LF-106-106	organization	经逐LF检查，仅空行、TeX环境开闭/标签、公式分隔或组织标题；相邻实质断言已分别列出	nonmathematical	nonmathematical			只收已读的明确语法余项；不把未识别数学文字归入此行	本单元无新增未闭义务；不关闭其它来源或应用门
SSG-U029	history/sources/次单调论文研究/RLEB_投稿扩展版_完整源码_2026-09-19.zip!/RLEB_投稿扩展版_2026-09-19/sections/appendix_signed_schur.tex	107	115	S10-complete-fiber-gate	hypothesis	目标局部图G与表示图在X^−1(U)交上完全相同	derived-checked	rewritten	research/canonical/signed_schur_growth.md#ss-growth	C117-v2	逐式核对源条件、量词及规范独立证明；该锚保留本单元对象与适用域	本单元无新增未闭义务；不关闭其它来源或应用门
SSG-U030	history/sources/次单调论文研究/RLEB_投稿扩展版_完整源码_2026-09-19.zip!/RLEB_投稿扩展版_2026-09-19/sections/appendix_signed_schur.tex	116	119	full-fiber-transfer-scope	version-boundary	原文all conclusions apply须限制为U内纤维转移；完整resolvent要求G为完整gphF	derived-checked	superseded	research/canonical/signed_schur_growth.md#ss-growth	C117-v2	规范SS-13明定只能转移输入属于U的图点；切向球内U外表示图结论不因此转给G	新对象要调用完整近端仍须逐输入核同一U的全部纤维；原稿措辞不作为无域限制版本
SSG-U118	history/sources/次单调论文研究/RLEB_投稿扩展版_完整源码_2026-09-19.zip!/RLEB_投稿扩展版_2026-09-19/sections/appendix_signed_schur.tex	120	122	syntax-LF-120-122	organization	经逐LF检查，仅空行、TeX环境开闭/标签、公式分隔或组织标题；相邻实质断言已分别列出	nonmathematical	nonmathematical			只收已读的明确语法余项；不把未识别数学文字归入此行	本单元无新增未闭义务；不关闭其它来源或应用门
SSG-U031	history/sources/次单调论文研究/RLEB_投稿扩展版_完整源码_2026-09-19.zip!/RLEB_投稿扩展版_2026-09-19/sections/appendix_signed_schur.tex	123	128	S11-integrated-strong-monotonicity	proof	沿切向线段积分sym A≥μI得〈f(a)−f(a′),a−a′〉≥μ‖a−a′‖²	derived-checked	rewritten	research/canonical/signed_schur_growth.md#ss-growth	C117-v2	逐式核对源条件、量词及规范独立证明；该锚保留本单元对象与适用域	本单元无新增未闭义务；不关闭其它来源或应用门
SSG-U032	history/sources/次单调论文研究/RLEB_投稿扩展版_完整源码_2026-09-19.zip!/RLEB_投稿扩展版_2026-09-19/sections/appendix_signed_schur.tex	129	133	boundary-outward-inequality	proof	‖f(0)‖≤HT；‖a‖=R时〈f(a)−z,a〉≥μR²−(HT+r)R>0	derived-checked	rewritten	research/canonical/signed_schur_growth.md#ss-growth	C117-v2	逐式核对源条件、量词及规范独立证明；该锚保留本单元对象与适用域	本单元无新增未闭义务；不关闭其它来源或应用门
SSG-U033	history/sources/次单调论文研究/RLEB_投稿扩展版_完整源码_2026-09-19.zip!/RLEB_投稿扩展版_2026-09-19/sections/appendix_signed_schur.tex	134	138	Brouwer-existence	proof	若闭球无零点，−R(f−z)/‖f−z‖的Brouwer球面不动点与正内积矛盾	derived-checked	rewritten	research/canonical/signed_schur_growth.md#ss-growth	C117-v2	规范核有限维非空紧凸闭球、自映射连续和无边界零点，得内点存在	本单元无新增未闭义务；不关闭其它来源或应用门
SSG-U034	history/sources/次单调论文研究/RLEB_投稿扩展版_完整源码_2026-09-19.zip!/RLEB_投稿扩展版_2026-09-19/sections/appendix_signed_schur.tex	138	139	inverse-uniqueness	proof	S11对两个零点直接给a=a′，切向零点唯一	derived-checked	rewritten	research/canonical/signed_schur_growth.md#ss-growth	C117-v2	逐式核对源条件、量词及规范独立证明；该锚保留本单元对象与适用域	本单元无新增未闭义务；不关闭其它来源或应用门
SSG-U035	history/sources/次单调论文研究/RLEB_投稿扩展版_完整源码_2026-09-19.zip!/RLEB_投稿扩展版_2026-09-19/sections/appendix_signed_schur.tex	139	141	matrix-invertibility-IFT	proof	Aσ可逆并由参数化隐函数定理得C1反演ασ	derived-checked	rewritten	research/canonical/signed_schur_growth.md#ss-growth	C117-v2	规范补足‖Aσw‖≥μ‖w‖故方阵可逆、唯一性拼接及t端点邻域C1延拓	本单元无新增未闭义务；不关闭其它来源或应用门
SSG-U036	history/sources/次单调论文研究/RLEB_投稿扩展版_完整源码_2026-09-19.zip!/RLEB_投稿扩展版_2026-09-19/sections/appendix_signed_schur.tex	142	148	S12-corrected-derivatives	identity	D_zασ=Aσ^−1，∂tασ=−Aσ^−1bσ，右端各自在(ασ(z,t),t)求值	derived-checked	rewritten	research/canonical/signed_schur_growth.md#ss-growth	C117-v2	逐式核对源条件、量词及规范独立证明；该锚保留本单元对象与适用域	本单元无新增未闭义务；不关闭其它来源或应用门
SSG-U037	history/sources/次单调论文研究/RLEB_投稿扩展版_完整源码_2026-09-19.zip!/RLEB_投稿扩展版_2026-09-19/sections/appendix_signed_schur.tex	148	151	seam-corrected-parameters	proof	由公共图接缝和切向唯一性α+(z,0)=α−(z,0)	derived-checked	rewritten	research/canonical/signed_schur_growth.md#ss-growth	C117-v2	逐式核对源条件、量词及规范独立证明；该锚保留本单元对象与适用域	本单元无新增未闭义务；不关闭其它来源或应用门
SSG-U119	history/sources/次单调论文研究/RLEB_投稿扩展版_完整源码_2026-09-19.zip!/RLEB_投稿扩展版_2026-09-19/sections/appendix_signed_schur.tex	152	152	syntax-LF-152-152	organization	经逐LF检查，仅空行、TeX环境开闭/标签、公式分隔或组织标题；相邻实质断言已分别列出	nonmathematical	nonmathematical			只收已读的明确语法余项；不把未识别数学文字归入此行	本单元无新增未闭义务；不关闭其它来源或应用门
SSG-U038	history/sources/次单调论文研究/RLEB_投稿扩展版_完整源码_2026-09-19.zip!/RLEB_投稿扩展版_2026-09-19/sections/appendix_signed_schur.tex	153	157	reduced-coordinates	definition	nσ(z,t)=NXσ(ασ(z,t),t)，yσ(z,t)=Yσ(ασ(z,t),t)	derived-checked	rewritten	research/canonical/signed_schur_growth.md#ss-growth	C117-v2	逐式核对源条件、量词及规范独立证明；该锚保留本单元对象与适用域	本单元无新增未闭义务；不关闭其它来源或应用门
SSG-U039	history/sources/次单调论文研究/RLEB_投稿扩展版_完整源码_2026-09-19.zip!/RLEB_投稿扩展版_2026-09-19/sections/appendix_signed_schur.tex	158	164	S13-reduced-derivative-bounds	proof	链式法则得‖D_znσ‖≤B、σ∂tnσ≥hσ′、‖D_zyσ‖≤Kz、‖∂tyσ‖≤Kσ	derived-checked	rewritten	research/canonical/signed_schur_growth.md#ss-growth	C117-v2	规范SS-17逐项展开Schur表达式；这组同源链式计算不引入额外前件	本单元无新增未闭义务；不关闭其它来源或应用门
SSG-U120	history/sources/次单调论文研究/RLEB_投稿扩展版_完整源码_2026-09-19.zip!/RLEB_投稿扩展版_2026-09-19/sections/appendix_signed_schur.tex	165	165	syntax-LF-165-165	organization	经逐LF检查，仅空行、TeX环境开闭/标签、公式分隔或组织标题；相邻实质断言已分别列出	nonmathematical	nonmathematical			只收已读的明确语法余项；不把未识别数学文字归入此行	本单元无新增未闭义务；不关闭其它来源或应用门
SSG-U040	history/sources/次单调论文研究/RLEB_投稿扩展版_完整源码_2026-09-19.zip!/RLEB_投稿扩展版_2026-09-19/sections/appendix_signed_schur.tex	166	169	normal-endpoint-growth	proof	公共ν起步；正支严格升至至少ν+h+(T)，负支严格降至至多ν−h−(T)	derived-checked	rewritten	research/canonical/signed_schur_growth.md#ss-growth	C117-v2	逐式核对源条件、量词及规范独立证明；该锚保留本单元对象与适用域	本单元无新增未闭义务；不关闭其它来源或应用门
SSG-U041	history/sources/次单调论文研究/RLEB_投稿扩展版_完整源码_2026-09-19.zip!/RLEB_投稿扩展版_2026-09-19/sections/appendix_signed_schur.tex	169	170	normal-IVT-coverage	proof	一维中值定理给S7领圈每个输入有表示图点	derived-checked	rewritten	research/canonical/signed_schur_growth.md#ss-growth	C117-v2	逐式核对源条件、量词及规范独立证明；该锚保留本单元对象与适用域	本单元无新增未闭义务；不关闭其它来源或应用门
SSG-U042	history/sources/次单调论文研究/RLEB_投稿扩展版_完整源码_2026-09-19.zip!/RLEB_投稿扩展版_2026-09-19/sections/appendix_signed_schur.tex	170	173	normal-branch-exclusion	proof	同z两法向范围只在接缝相交且逐支单射，故完整Minty输入相等只给相同图点	derived-checked	rewritten	research/canonical/signed_schur_growth.md#ss-growth	C117-v2	逐式核对源条件、量词及规范独立证明；该锚保留本单元对象与适用域	本单元无新增未闭义务；不关闭其它来源或应用门
SSG-U121	history/sources/次单调论文研究/RLEB_投稿扩展版_完整源码_2026-09-19.zip!/RLEB_投稿扩展版_2026-09-19/sections/appendix_signed_schur.tex	174	174	syntax-LF-174-174	organization	经逐LF检查，仅空行、TeX环境开闭/标签、公式分隔或组织标题；相邻实质断言已分别列出	nonmathematical	nonmathematical			只收已读的明确语法余项；不把未识别数学文字归入此行	本单元无新增未闭义务；不关闭其它来源或应用门
SSG-U043	history/sources/次单调论文研究/RLEB_投稿扩展版_完整源码_2026-09-19.zip!/RLEB_投稿扩展版_2026-09-19/sections/appendix_signed_schur.tex	175	179	S14-convex-increment	inequality	凸h且h(0)=0时h(t)−h(s)≥h(t−s)，0≤s≤t≤T	derived-checked	rewritten	research/canonical/signed_schur_growth.md#ss-growth	C117-v2	规范分别对s/t与(t−s)/t使用凸性再相加；不是只从严格递增推出	本单元无新增未闭义务；不关闭其它来源或应用门
SSG-U044	history/sources/次单调论文研究/RLEB_投稿扩展版_完整源码_2026-09-19.zip!/RLEB_投稿扩展版_2026-09-19/sections/appendix_signed_schur.tex	180	185	same-branch-normal-budget	proof	同支修正参数(z,t),(w,s)给hσ(|t−s|)≤|nσ(z,t)−nσ(w,s)|+B‖z−w‖	derived-checked	rewritten	research/canonical/signed_schur_growth.md#ss-growth	C117-v2	逐式核对源条件、量词及规范独立证明；该锚保留本单元对象与适用域	本单元无新增未闭义务；不关闭其它来源或应用门
SSG-U045	history/sources/次单调论文研究/RLEB_投稿扩展版_完整源码_2026-09-19.zip!/RLEB_投稿扩展版_2026-09-19/sections/appendix_signed_schur.tex	185	187	Euclidean-CB-budget	proof	法向绝对差+B倍切向差≤C_B√(法向差²+切向差²)=C_Bd	derived-checked	rewritten	research/canonical/signed_schur_growth.md#ss-growth	C117-v2	逐式核对源条件、量词及规范独立证明；该锚保留本单元对象与适用域	本单元无新增未闭义务；不关闭其它来源或应用门
SSG-U046	history/sources/次单调论文研究/RLEB_投稿扩展版_完整源码_2026-09-19.zip!/RLEB_投稿扩展版_2026-09-19/sections/appendix_signed_schur.tex	188	189	same-branch-output-path	proof	沿同支法向和切向两段比较输出，差≤Kz‖z−w‖+Kσ|t−s|	derived-checked	rewritten	research/canonical/signed_schur_growth.md#ss-growth	C117-v2	逐式核对源条件、量词及规范独立证明；该锚保留本单元对象与适用域	本单元无新增未闭义务；不关闭其它来源或应用门
SSG-U047	history/sources/次单调论文研究/RLEB_投稿扩展版_完整源码_2026-09-19.zip!/RLEB_投稿扩展版_2026-09-19/sections/appendix_signed_schur.tex	189	192	same-branch-allocation-feasibility	proof	预算中另一支参数置零、该支取|t−s|可行，故输出差≤Kz d+V(C_Bd)	derived-checked	rewritten	research/canonical/signed_schur_growth.md#ss-growth	C117-v2	逐式核对源条件、量词及规范独立证明；该锚保留本单元对象与适用域	本单元无新增未闭义务；不关闭其它来源或应用门
SSG-U122	history/sources/次单调论文研究/RLEB_投稿扩展版_完整源码_2026-09-19.zip!/RLEB_投稿扩展版_2026-09-19/sections/appendix_signed_schur.tex	193	193	syntax-LF-193-193	organization	经逐LF检查，仅空行、TeX环境开闭/标签、公式分隔或组织标题；相邻实质断言已分别列出	nonmathematical	nonmathematical			只收已读的明确语法余项；不把未识别数学文字归入此行	本单元无新增未闭义务；不关闭其它来源或应用门
SSG-U048	history/sources/次单调论文研究/RLEB_投稿扩展版_完整源码_2026-09-19.zip!/RLEB_投稿扩展版_2026-09-19/sections/appendix_signed_schur.tex	194	201	cross-branch-normal-budget	proof	同z公共接缝和相反增长给h+(t)+h−(s)≤n+(z,t)−n−(z,s)≤|n+(z,t)−n−(w,s)|+B‖z−w‖≤C_Bd	derived-checked	rewritten	research/canonical/signed_schur_growth.md#ss-growth	C117-v2	逐式核对源条件、量词及规范独立证明；该锚保留本单元对象与适用域	本单元无新增未闭义务；不关闭其它来源或应用门
SSG-U049	history/sources/次单调论文研究/RLEB_投稿扩展版_完整源码_2026-09-19.zip!/RLEB_投稿扩展版_2026-09-19/sections/appendix_signed_schur.tex	202	207	cross-branch-output-path	proof	经y0(z),y0(w)接缝折线得输出差≤K+t+Kz‖z−w‖+K−s≤Kz d+V(C_Bd)	derived-checked	rewritten	research/canonical/signed_schur_growth.md#ss-growth	C117-v2	逐式核对源条件、量词及规范独立证明；该锚保留本单元对象与适用域	本单元无新增未闭义务；不关闭其它来源或应用门
SSG-U050	history/sources/次单调论文研究/RLEB_投稿扩展版_完整源码_2026-09-19.zip!/RLEB_投稿扩展版_2026-09-19/sections/appendix_signed_schur.tex	208	209	ordered-pairs-and-seam	proof	同支、跨支及交换顺序均满足反射模，包含接缝端点	derived-checked	rewritten	research/canonical/signed_schur_growth.md#ss-growth	C117-v2	逐式核对源条件、量词及规范独立证明；该锚保留本单元对象与适用域	本单元无新增未闭义务；不关闭其它来源或应用门
SSG-U051	history/sources/次单调论文研究/RLEB_投稿扩展版_完整源码_2026-09-19.zip!/RLEB_投稿扩展版_2026-09-19/sections/appendix_signed_schur.tex	209	214	shear-energy-identity	identity	2(‖Δu‖²+λ²‖Δv‖²)=‖ΔX‖²+‖ΔY‖²，反射模给S9	derived-checked	rewritten	research/canonical/signed_schur_growth.md#ss-growth	C117-v2	逐式核对源条件、量词及规范独立证明；该锚保留本单元对象与适用域	本单元无新增未闭义务；不关闭其它来源或应用门
SSG-U052	history/sources/次单调论文研究/RLEB_投稿扩展版_完整源码_2026-09-19.zip!/RLEB_投稿扩展版_2026-09-19/sections/appendix_signed_schur.tex	215	217	allocation-attainment-and-zero-limit	proof	V的可行集非空紧致；两h严格递增迫使q↓0时可行t,s→0并V(q)→0	derived-checked	rewritten	research/canonical/signed_schur_growth.md#ss-growth	C117-v2	逐式核对源条件、量词及规范独立证明；该锚保留本单元对象与适用域	本单元无新增未闭义务；不关闭其它来源或应用门
SSG-U053	history/sources/次单调论文研究/RLEB_投稿扩展版_完整源码_2026-09-19.zip!/RLEB_投稿扩展版_2026-09-19/sections/appendix_signed_schur.tex	217	217	fiber-identification-proof	proof	S10将U内已证表示图纤维直接识别为目标图的纤维	derived-checked	duplicate	research/canonical/signed_schur_growth.md#ss-growth	C117-v2	与本表S10与转移范围单元为同一直接集合恒等式，不另记定理	本单元无新增未闭义务；不关闭其它来源或应用门
SSG-U123	history/sources/次单调论文研究/RLEB_投稿扩展版_完整源码_2026-09-19.zip!/RLEB_投稿扩展版_2026-09-19/sections/appendix_signed_schur.tex	218	221	syntax-LF-218-221	organization	经逐LF检查，仅空行、TeX环境开闭/标签、公式分隔或组织标题；相邻实质断言已分别列出	nonmathematical	nonmathematical			只收已读的明确语法余项；不把未识别数学文字归入此行	本单元无新增未闭义务；不关闭其它来源或应用门
SSG-U054	history/sources/次单调论文研究/RLEB_投稿扩展版_完整源码_2026-09-19.zip!/RLEB_投稿扩展版_2026-09-19/sections/appendix_signed_schur.tex	222	224	power-common-assumption	hypothesis	主定理同一切向球上取hσ(t)=cσt^p，cσ>0,p>1；p′=p/(p−1)	derived-checked	rewritten	research/canonical/signed_schur_growth.md#ss-power	C118-v2	逐式核对源条件、量词及规范独立证明；该锚保留本单元对象与适用域	本单元无新增未闭义务；不关闭其它来源或应用门
SSG-U055	history/sources/次单调论文研究/RLEB_投稿扩展版_完整源码_2026-09-19.zip!/RLEB_投稿扩展版_2026-09-19/sections/appendix_signed_schur.tex	224	229	power-Cp-coefficient	constant	C_p=[(K+c+^(−1/p))^p′+(K−c−^(−1/p))^p′]^(1/p′)	derived-checked	rewritten	research/canonical/signed_schur_growth.md#ss-power	C118-v2	逐式核对源条件、量词及规范独立证明；该锚保留本单元对象与适用域	本单元无新增未闭义务；不关闭其它来源或应用门
SSG-U056	history/sources/次单调论文研究/RLEB_投稿扩展版_完整源码_2026-09-19.zip!/RLEB_投稿扩展版_2026-09-19/sections/appendix_signed_schur.tex	230	235	S15-diameter-power-modulus	theorem	输入直径≤D>0且两切向输入在B_r的表示图块取γ=1/p、L=Kz D^(1−1/p)+(1+B²)^(1/(2p))C_p	derived-checked	rewritten	research/canonical/signed_schur_growth.md#ss-power	C118-v2	In Theorem继承B_r；D为同一输入块直径，不扩大到全部表示图或R01距离窗	本单元无新增未闭义务；不关闭其它来源或应用门
SSG-U057	history/sources/次单调论文研究/RLEB_投稿扩展版_完整源码_2026-09-19.zip!/RLEB_投稿扩展版_2026-09-19/sections/appendix_signed_schur.tex	236	237	linear-power-endpoint	constant	p=1时γ=1、C1=max(K+/c+,K−/c−)、L=Kz+C_BC1	derived-checked	rewritten	research/canonical/signed_schur_growth.md#ss-power	C118-v2	逐式核对源条件、量词及规范独立证明；该锚保留本单元对象与适用域	本单元无新增未闭义务；不关闭其它来源或应用门
SSG-U058	history/sources/次单调论文研究/RLEB_投稿扩展版_完整源码_2026-09-19.zip!/RLEB_投稿扩展版_2026-09-19/sections/appendix_signed_schur.tex	238	240	unequal-branch-powers	comparison	hσ=cσt^pσ时取p=max pσ及c~σ=cσ T^(pσ−p)进入同一预算公式	derived-checked	rewritten	research/canonical/signed_schur_growth.md#ss-power	C118-v2	继承C1凸增长约束pσ≥1；规范SS-27只比较函数预算，明确不能伪造更强导数下界	本单元无新增未闭义务；不关闭其它来源或应用门
SSG-U124	history/sources/次单调论文研究/RLEB_投稿扩展版_完整源码_2026-09-19.zip!/RLEB_投稿扩展版_2026-09-19/sections/appendix_signed_schur.tex	241	243	syntax-LF-241-243	organization	经逐LF检查，仅空行、TeX环境开闭/标签、公式分隔或组织标题；相邻实质断言已分别列出	nonmathematical	nonmathematical			只收已读的明确语法余项；不把未识别数学文字归入此行	本单元无新增未闭义务；不关闭其它来源或应用门
SSG-U059	history/sources/次单调论文研究/RLEB_投稿扩展版_完整源码_2026-09-19.zip!/RLEB_投稿扩展版_2026-09-19/sections/appendix_signed_schur.tex	244	246	Holder-allocation-upper-bound	proof	二维Hölder给V(q)≤C_p q^(1/p)；无约束最大参数超过T也不影响上界	derived-checked	rewritten	research/canonical/signed_schur_growth.md#ss-power	C118-v2	逐式核对源条件、量词及规范独立证明；该锚保留本单元对象与适用域	本单元无新增未闭义务；不关闭其它来源或应用门
SSG-U060	history/sources/次单调论文研究/RLEB_投稿扩展版_完整源码_2026-09-19.zip!/RLEB_投稿扩展版_2026-09-19/sections/appendix_signed_schur.tex	247	248	bounded-diameter-power-conversion	proof	代入S9后用d≤D^(1−1/p)d^(1/p)吸收线性切向项	derived-checked	rewritten	research/canonical/signed_schur_growth.md#ss-power	C118-v2	逐式核对源条件、量词及规范独立证明；该锚保留本单元对象与适用域	本单元无新增未闭义务；不关闭其它来源或应用门
SSG-U061	history/sources/次单调论文研究/RLEB_投稿扩展版_完整源码_2026-09-19.zip!/RLEB_投稿扩展版_2026-09-19/sections/appendix_signed_schur.tex	248	249	linear-budget-proof	proof	p=1预算K+t+K−s≤max(K+/c+,K−/c−)(c+t+c−s)	derived-checked	rewritten	research/canonical/signed_schur_growth.md#ss-power	C118-v2	逐式核对源条件、量词及规范独立证明；该锚保留本单元对象与适用域	本单元无新增未闭义务；不关闭其它来源或应用门
SSG-U062	history/sources/次单调论文研究/RLEB_投稿扩展版_完整源码_2026-09-19.zip!/RLEB_投稿扩展版_2026-09-19/sections/appendix_signed_schur.tex	249	250	unequal-power-value-comparison	proof	0≤t≤T上t^pσ≥T^(pσ−p)t^p，所以原可行集含于比较预算的可行集	derived-checked	rewritten	research/canonical/signed_schur_growth.md#ss-power	C118-v2	逐式核对源条件、量词及规范独立证明；该锚保留本单元对象与适用域	本单元无新增未闭义务；不关闭其它来源或应用门
SSG-U125	history/sources/次单调论文研究/RLEB_投稿扩展版_完整源码_2026-09-19.zip!/RLEB_投稿扩展版_2026-09-19/sections/appendix_signed_schur.tex	251	254	syntax-LF-251-254	organization	经逐LF检查，仅空行、TeX环境开闭/标签、公式分隔或组织标题；相邻实质断言已分别列出	nonmathematical	nonmathematical			只收已读的明确语法余项；不把未识别数学文字归入此行	本单元无新增未闭义务；不关闭其它来源或应用门
SSG-U063	history/sources/次单调论文研究/RLEB_投稿扩展版_完整源码_2026-09-19.zip!/RLEB_投稿扩展版_2026-09-19/sections/appendix_signed_schur.tex	255	263	S16-corrected-matched-output	hypothesis	两增长同为ct^p(c>0,p≥1)，同一修正z处全部0≤t≤T有‖y+(z,t)−y−(z,t)‖≤Et^p	derived-checked	rewritten	research/canonical/signed_schur_growth.md#ss-jet	C118-v2	规范同修正输入而非同原参数；c±不同但同幂时以min c±合法降导数下界	本单元无新增未闭义务；不关闭其它来源或应用门
SSG-U064	history/sources/次单调论文研究/RLEB_投稿扩展版_完整源码_2026-09-19.zip!/RLEB_投稿扩展版_2026-09-19/sections/appendix_signed_schur.tex	264	270	S17-matched-jet-modulus	theorem	K=max(K+,K−)时ωjet(d)=(Kz+E C_B/(2c))d+K(C_B/c)^(1/p)d^(1/p)	derived-checked	rewritten	research/canonical/signed_schur_growth.md#ss-jet	C118-v2	逐式核对源条件、量词及规范独立证明；该锚保留本单元对象与适用域	本单元无新增未闭义务；不关闭其它来源或应用门
SSG-U065	history/sources/次单调论文研究/RLEB_投稿扩展版_完整源码_2026-09-19.zip!/RLEB_投稿扩展版_2026-09-19/sections/appendix_signed_schur.tex	271	275	matched-jet-diameter-constant	constant	直径D同图块取L_Djet=(Kz+E C_B/(2c))D^(1−1/p)+K(C_B/c)^(1/p)	derived-checked	rewritten	research/canonical/signed_schur_growth.md#ss-jet	C118-v2	逐式核对源条件、量词及规范独立证明；该锚保留本单元对象与适用域	本单元无新增未闭义务；不关闭其它来源或应用门
SSG-U066	history/sources/次单调论文研究/RLEB_投稿扩展版_完整源码_2026-09-19.zip!/RLEB_投稿扩展版_2026-09-19/sections/appendix_signed_schur.tex	276	278	derivative-matching-sufficient-gate	hypothesis	公共接缝及‖∂ty+−∂ty−‖≤pE t^(p−1)从零积分充分给S16	derived-checked	rewritten	research/canonical/signed_schur_growth.md#ss-jet	C118-v2	逐式核对源条件、量词及规范独立证明；该锚保留本单元对象与适用域	本单元无新增未闭义务；不关闭其它来源或应用门
SSG-U067	history/sources/次单调论文研究/RLEB_投稿扩展版_完整源码_2026-09-19.zip!/RLEB_投稿扩展版_2026-09-19/sections/appendix_signed_schur.tex	279	280	matching-derivatives-evaluation-site	scope-boundary	两修正导数各是S5原生Schur表达式，必须在各自切向修正参数求值	derived-checked	rewritten	research/canonical/signed_schur_growth.md#ss-jet	C118-v2	逐式核对源条件、量词及规范独立证明；该锚保留本单元对象与适用域	本单元无新增未闭义务；不关闭其它来源或应用门
SSG-U126	history/sources/次单调论文研究/RLEB_投稿扩展版_完整源码_2026-09-19.zip!/RLEB_投稿扩展版_2026-09-19/sections/appendix_signed_schur.tex	281	282	syntax-LF-281-282	organization	经逐LF检查，仅空行、TeX环境开闭/标签、公式分隔或组织标题；相邻实质断言已分别列出	nonmathematical	nonmathematical			只收已读的明确语法余项；不把未识别数学文字归入此行	本单元无新增未闭义务；不关闭其它来源或应用门
SSG-U068	history/sources/次单调论文研究/RLEB_投稿扩展版_完整源码_2026-09-19.zip!/RLEB_投稿扩展版_2026-09-19/sections/appendix_signed_schur.tex	283	283	jet-same-branch-proof	proof	同支法向参数差已受c|t−s|^p≤C_Bd控制，故满足改进模	derived-checked	rewritten	research/canonical/signed_schur_growth.md#ss-jet	C118-v2	逐式核对源条件、量词及规范独立证明；该锚保留本单元对象与适用域	本单元无新增未闭义务；不关闭其它来源或应用门
SSG-U069	history/sources/次单调论文研究/RLEB_投稿扩展版_完整源码_2026-09-19.zip!/RLEB_投稿扩展版_2026-09-19/sections/appendix_signed_schur.tex	283	291	jet-cross-branch-path	proof	跨支t≥s时先同支移至s，再配对匹配，最后切向移动，输出差≤Kz‖z−w‖+K|t−s|+Es^p；s≥t交换分支	derived-checked	rewritten	research/canonical/signed_schur_growth.md#ss-jet	C118-v2	逐式核对源条件、量词及规范独立证明；该锚保留本单元对象与适用域	本单元无新增未闭义务；不关闭其它来源或应用门
SSG-U070	history/sources/次单调论文研究/RLEB_投稿扩展版_完整源码_2026-09-19.zip!/RLEB_投稿扩展版_2026-09-19/sections/appendix_signed_schur.tex	291	295	jet-parameter-difference-and-min-budget	proof	c(t^p+s^p)≤C_Bd推出|t−s|≤(C_Bd/c)^(1/p)、min(t,s)^p≤C_Bd/(2c)	derived-checked	rewritten	research/canonical/signed_schur_growth.md#ss-jet	C118-v2	逐式核对源条件、量词及规范独立证明；该锚保留本单元对象与适用域	本单元无新增未闭义务；不关闭其它来源或应用门
SSG-U127	history/sources/次单调论文研究/RLEB_投稿扩展版_完整源码_2026-09-19.zip!/RLEB_投稿扩展版_2026-09-19/sections/appendix_signed_schur.tex	296	296	syntax-LF-296-296	organization	经逐LF检查，仅空行、TeX环境开闭/标签、公式分隔或组织标题；相邻实质断言已分别列出	nonmathematical	nonmathematical			只收已读的明确语法余项；不把未识别数学文字归入此行	本单元无新增未闭义务；不关闭其它来源或应用门
SSG-U071	history/sources/次单调论文研究/RLEB_投稿扩展版_完整源码_2026-09-19.zip!/RLEB_投稿扩展版_2026-09-19/sections/appendix_signed_schur.tex	297	297	jet-substitution	proof	把参数差与最小幂预算代回路径估计，得到S17及有限直径式	derived-checked	duplicate	research/canonical/signed_schur_growth.md#ss-jet	C118-v2	重复本表S17证明最后代入步骤，保留来源位置	本单元无新增未闭义务；不关闭其它来源或应用门
SSG-U128	history/sources/次单调论文研究/RLEB_投稿扩展版_完整源码_2026-09-19.zip!/RLEB_投稿扩展版_2026-09-19/sections/appendix_signed_schur.tex	298	301	syntax-LF-298-301	organization	经逐LF检查，仅空行、TeX环境开闭/标签、公式分隔或组织标题；相邻实质断言已分别列出	nonmathematical	nonmathematical			只收已读的明确语法余项；不把未识别数学文字归入此行	本单元无新增未闭义务；不关闭其它来源或应用门
SSG-U072	history/sources/次单调论文研究/RLEB_投稿扩展版_完整源码_2026-09-19.zip!/RLEB_投稿扩展版_2026-09-19/sections/appendix_signed_schur.tex	302	308	sharp-exponent-two-sided-arc-gate	hypothesis	固定z0∈B_r某支在0<t<t0内有|nσ(z0,t)−ν(z0)|≤Ct^p及‖yσ(z0,t)−yσ(z0,0)‖≥c0t	derived-checked	rewritten	research/canonical/signed_schur_growth.md#ss-exponent	C118-v2	规范将输出下界常数记c0，避免与增长c混淆；t0可缩到≤T	本单元无新增未闭义务；不关闭其它来源或应用门
SSG-U073	history/sources/次单调论文研究/RLEB_投稿扩展版_完整源码_2026-09-19.zip!/RLEB_投稿扩展版_2026-09-19/sections/appendix_signed_schur.tex	308	310	sharp-exponent-conclusion	theorem	含该弧及接缝点的图邻域不能有大于1/p的全对RL指数	derived-checked	rewritten	research/canonical/signed_schur_growth.md#ss-exponent	C118-v2	逐式核对源条件、量词及规范独立证明；该锚保留本单元对象与适用域	本单元无新增未闭义务；不关闭其它来源或应用门
SSG-U074	history/sources/次单调论文研究/RLEB_投稿扩展版_完整源码_2026-09-19.zip!/RLEB_投稿扩展版_2026-09-19/sections/appendix_signed_schur.tex	310	311	noncalm-and-non-Lipschitz	theorem	p>1时表示图单值近端或已识别局部近端在接缝不calm，因而非局部Lipschitz	derived-checked	rewritten	research/canonical/signed_schur_growth.md#ss-exponent	C118-v2	不把单个图弧的结论未经全纤维门赋给任意完整多值resolvent	本单元无新增未闭义务；不关闭其它来源或应用门
SSG-U129	history/sources/次单调论文研究/RLEB_投稿扩展版_完整源码_2026-09-19.zip!/RLEB_投稿扩展版_2026-09-19/sections/appendix_signed_schur.tex	312	313	syntax-LF-312-313	organization	经逐LF检查，仅空行、TeX环境开闭/标签、公式分隔或组织标题；相邻实质断言已分别列出	nonmathematical	nonmathematical			只收已读的明确语法余项；不把未识别数学文字归入此行	本单元无新增未闭义务；不关闭其它来源或应用门
SSG-U075	history/sources/次单调论文研究/RLEB_投稿扩展版_完整源码_2026-09-19.zip!/RLEB_投稿扩展版_2026-09-19/sections/appendix_signed_schur.tex	314	316	exponent-contradiction	proof	RL指数θ会强制c0t≤LC^θ t^(pθ)，pθ>1与t↓0矛盾	derived-checked	rewritten	research/canonical/signed_schur_growth.md#ss-exponent	C118-v2	逐式核对源条件、量词及规范独立证明；该锚保留本单元对象与适用域	本单元无新增未闭义务；不关闭其它来源或应用门
SSG-U076	history/sources/次单调论文研究/RLEB_投稿扩展版_完整源码_2026-09-19.zip!/RLEB_投稿扩展版_2026-09-19/sections/appendix_signed_schur.tex	317	319	noncalm-primal-output-proof	proof	2Δu=ΔX+ΔY给2‖Δu‖≥c0t−Ct^p；除以输入差≤Ct^p在p>1时发散	derived-checked	rewritten	research/canonical/signed_schur_growth.md#ss-exponent	C118-v2	逐式核对源条件、量词及规范独立证明；该锚保留本单元对象与适用域	本单元无新增未闭义务；不关闭其它来源或应用门
SSG-U130	history/sources/次单调论文研究/RLEB_投稿扩展版_完整源码_2026-09-19.zip!/RLEB_投稿扩展版_2026-09-19/sections/appendix_signed_schur.tex	320	322	syntax-LF-320-322	organization	经逐LF检查，仅空行、TeX环境开闭/标签、公式分隔或组织标题；相邻实质断言已分别列出	nonmathematical	nonmathematical			只收已读的明确语法余项；不把未识别数学文字归入此行	本单元无新增未闭义务；不关闭其它来源或应用门
SSG-U077	history/sources/次单调论文研究/RLEB_投稿扩展版_完整源码_2026-09-19.zip!/RLEB_投稿扩展版_2026-09-19/sections/appendix_signed_schur.tex	323	324	native-derivative-check-no-full-inverse	method-boundary	S2–S6直接在图参数求导；法向逆或完整resolvent公式不是假设	derived-checked	rewritten	research/canonical/signed_schur_growth.md#ss-obligations	C117-v2	证明仍需切向反演；不把无需预知完整逆式误说成没有反演步骤	本单元无新增未闭义务；不关闭其它来源或应用门
SSG-U078	history/sources/次单调论文研究/RLEB_投稿扩展版_完整源码_2026-09-19.zip!/RLEB_投稿扩展版_2026-09-19/sections/appendix_signed_schur.tex	325	328	implicit-active-branch-derivative	identity	Gσ(a,t,w)=0在C1实际支上且D_wGσ方阵可逆，逐参微分得D_(a,t)w=−(D_wGσ)^−1D_(a,t)Gσ	derived-checked	rewritten	research/canonical/signed_schur_growth.md#ss-obligations	C117-v2	规范补足实际全块支与C1门；单点可逆只能直接给局部隐支	本单元无新增未闭义务；不关闭其它来源或应用门
SSG-U079	history/sources/次单调论文研究/RLEB_投稿扩展版_完整源码_2026-09-19.zip!/RLEB_投稿扩展版_2026-09-19/sections/appendix_signed_schur.tex	329	331	interval-certification-and-active-list	method-boundary	矩阵区间界可用于S2–S6认证，但支存在和完整活动支清单须先独立建立	derived-checked	rewritten	research/canonical/signed_schur_growth.md#ss-obligations	C117-v2	条件性认证途径，不认证任何已执行区间程序或数值日志	本单元无新增未闭义务；不关闭其它来源或应用门
SSG-U131	history/sources/次单调论文研究/RLEB_投稿扩展版_完整源码_2026-09-19.zip!/RLEB_投稿扩展版_2026-09-19/sections/appendix_signed_schur.tex	332	332	syntax-LF-332-332	organization	经逐LF检查，仅空行、TeX环境开闭/标签、公式分隔或组织标题；相邻实质断言已分别列出	nonmathematical	nonmathematical			只收已读的明确语法余项；不把未识别数学文字归入此行	本单元无新增未闭义务；不关闭其它来源或应用门
SSG-U080	history/sources/次单调论文研究/RLEB_投稿扩展版_完整源码_2026-09-19.zip!/RLEB_投稿扩展版_2026-09-19/sections/appendix_signed_schur.tex	333	335	finite-atlas-chaining-proposal	open-problem	多接缝有限图册的拼接提议另需重叠完整纤维相容及定量输入链几何	candidate	deferred	research/canonical/signed_schur_growth.md#ss-atlas-boundary		源稿没有明确链引理、图册、统一链预算和常数；规范只精确登记所缺假设	先给同F同λ的E及U_i；完整J逐领圈核全部纤维，指定选择另核存在及重叠一致且结论只属该选择；两者均须任意输入对的可用图块链及随端点距离消失的统一模预算，补拼接证明与常数
SSG-U081	history/sources/次单调论文研究/RLEB_投稿扩展版_完整源码_2026-09-19.zip!/RLEB_投稿扩展版_2026-09-19/sections/appendix_signed_schur.tex	336	339	one-normal-variable-scope	scope-boundary	来源称corank-one two-sided seam且不涵盖任意高余维Whitney分层或任意多同侧支	derived-checked	superseded	research/canonical/signed_schur_growth.md#ss-interface	C117-v2	规范把可证明范围精确为一个标量法向、两相反支；主假设不要求实际秩亏一，h(t)=t允许全秩	高余维、多同侧支或真正秩亏分类需另写对象、排他与覆盖证明；当前页不授此推广
SSG-U132	history/sources/次单调论文研究/RLEB_投稿扩展版_完整源码_2026-09-19.zip!/RLEB_投稿扩展版_2026-09-19/sections/appendix_signed_schur.tex	340	343	syntax-LF-340-343	organization	经逐LF检查，仅空行、TeX环境开闭/标签、公式分隔或组织标题；相邻实质断言已分别列出	nonmathematical	nonmathematical			只收已读的明确语法余项；不把未识别数学文字归入此行	本单元无新增未闭义务；不关闭其它来源或应用门
SSG-U082	history/sources/次单调论文研究/RLEB_投稿扩展版_完整源码_2026-09-19.zip!/RLEB_投稿扩展版_2026-09-19/sections/appendix_signed_schur.tex	344	348	square-root-full-relation	definition	固定λ=1；y≥0时F(ξ,y)={(-2√y,3y),(-2√y,−5y)}，y<0空值	derived-checked	rewritten	research/canonical/signed_schur_growth.md#ss-square-root	C119-v2	逐式核对源条件、量词及规范独立证明；该锚保留本单元对象与适用域	本单元无新增未闭义务；不关闭其它来源或应用门
SSG-U083	history/sources/次单调论文研究/RLEB_投稿扩展版_完整源码_2026-09-19.zip!/RLEB_投稿扩展版_2026-09-19/sections/appendix_signed_schur.tex	349	353	square-root-native-parametrizations	definition	t≥0两原生多项式参数g+=((a,t²),(−2t,3t²))、g−=((a,t²),(−2t,−5t²))	derived-checked	rewritten	research/canonical/signed_schur_growth.md#ss-square-root	C119-v2	闭参数域图包含及多项式C1延拓直接成立；负t延拓不在同一完整F图内	本单元无新增未闭义务；不关闭其它来源或应用门
SSG-U084	history/sources/次单调论文研究/RLEB_投稿扩展版_完整源码_2026-09-19.zip!/RLEB_投稿扩展版_2026-09-19/sections/appendix_signed_schur.tex	349	353	square-root-original-version-application	version-boundary	原稿把该原生平方根测试放在原主定理下；若LF31–32要求邻域全图包含，任何延续该参数的C1图内延拓均不可能	derived-checked	superseded	research/canonical/signed_schur_growth.md#ss-source		原分量导数−2强制负t时为正，与完整F首图值≤0矛盾；仅修订为Q图包含的C119-v2可调用	不能据此给未恢复C119-v1赋认证状态；原稿量词若获作者版本说明须另登记
SSG-U085	history/sources/次单调论文研究/RLEB_投稿扩展版_完整源码_2026-09-19.zip!/RLEB_投稿扩展版_2026-09-19/sections/appendix_signed_schur.tex	354	358	square-root-tangent-and-growth-data	constant	整个|a|≤R,0≤t≤T上μ=1,H=2,B=0,Kz=1,h±=4t²	derived-checked	rewritten	research/canonical/signed_schur_growth.md#ss-square-root	C119-v2	逐式核对源条件、量词及规范独立证明；该锚保留本单元对象与适用域	本单元无新增未闭义务；不关闭其它来源或应用门
SSG-U086	history/sources/次单调论文研究/RLEB_投稿扩展版_完整源码_2026-09-19.zip!/RLEB_投稿扩展版_2026-09-19/sections/appendix_signed_schur.tex	359	361	square-root-output-Schur-constants	constant	K+=4√(1+T²)，K−=4√(1+9T²)	derived-checked	rewritten	research/canonical/signed_schur_growth.md#ss-square-root	C119-v2	逐式核对源条件、量词及规范独立证明；该锚保留本单元对象与适用域	本单元无新增未闭义务；不关闭其它来源或应用门
SSG-U087	history/sources/次单调论文研究/RLEB_投稿扩展版_完整源码_2026-09-19.zip!/RLEB_投稿扩展版_2026-09-19/sections/appendix_signed_schur.tex	362	366	square-root-full-collar-uniqueness	theorem	0<r<R−2T时完整F在U=(−r,r)×(−4T²,4T²)输入唯一覆盖	derived-checked	rewritten	research/canonical/signed_schur_growth.md#ss-square-root	C119-v2	逐式核对源条件、量词及规范独立证明；该锚保留本单元对象与适用域	本单元无新增未闭义务；不关闭其它来源或应用门
SSG-U088	history/sources/次单调论文研究/RLEB_投稿扩展版_完整源码_2026-09-19.zip!/RLEB_投稿扩展版_2026-09-19/sections/appendix_signed_schur.tex	366	370	square-root-basic-power-constant	constant	直径D输入子块上γ=1/2，L_D=√D+√(8+40T²)	derived-checked	rewritten	research/canonical/signed_schur_growth.md#ss-square-root	C119-v2	逐式核对源条件、量词及规范独立证明；该锚保留本单元对象与适用域	本单元无新增未闭义务；不关闭其它来源或应用门
SSG-U089	history/sources/次单调论文研究/RLEB_投稿扩展版_完整源码_2026-09-19.zip!/RLEB_投稿扩展版_2026-09-19/sections/appendix_signed_schur.tex	371	375	S18-square-root-matched-constant	constant	jet匹配给γ=1/2及L_Djet=2√D+2√(1+9T²)	derived-checked	rewritten	research/canonical/signed_schur_growth.md#ss-square-root	C119-v2	逐式核对源条件、量词及规范独立证明；该锚保留本单元对象与适用域	本单元无新增未闭义务；不关闭其它来源或应用门
SSG-U133	history/sources/次单调论文研究/RLEB_投稿扩展版_完整源码_2026-09-19.zip!/RLEB_投稿扩展版_2026-09-19/sections/appendix_signed_schur.tex	376	376	syntax-LF-376-376	organization	经逐LF检查，仅空行、TeX环境开闭/标签、公式分隔或组织标题；相邻实质断言已分别列出	nonmathematical	nonmathematical			只收已读的明确语法余项；不把未识别数学文字归入此行	本单元无新增未闭义务；不关闭其它来源或应用门
SSG-U090	history/sources/次单调论文研究/RLEB_投稿扩展版_完整源码_2026-09-19.zip!/RLEB_投稿扩展版_2026-09-19/sections/appendix_signed_schur.tex	377	379	square-root-asymptotic-optimality	sharpness	收缩领圈D,T→0时L_Djet→2，2为最优渐近RL常数	derived-checked	rewritten	research/canonical/signed_schur_growth.md#ss-square-root	C119-v2	规范SS-40同图弧匹配下界；不称固定非零领圈的两个公式为最小常数	本单元无新增未闭义务；不关闭其它来源或应用门
SSG-U091	history/sources/次单调论文研究/RLEB_投稿扩展版_完整源码_2026-09-19.zip!/RLEB_投稿扩展版_2026-09-19/sections/appendix_signed_schur.tex	379	380	square-root-native-evidence-method	method-boundary	这些上界由图导数产生，未把完整逆公式当作假设	derived-checked	duplicate	research/canonical/signed_schur_growth.md#ss-square-root	C119-v2	与本表native-derivative-check同一方法边界；完整纤维仍逐值验证	本单元无新增未闭义务；不关闭其它来源或应用门
SSG-U134	history/sources/次单调论文研究/RLEB_投稿扩展版_完整源码_2026-09-19.zip!/RLEB_投稿扩展版_2026-09-19/sections/appendix_signed_schur.tex	381	382	syntax-LF-381-382	organization	经逐LF检查，仅空行、TeX环境开闭/标签、公式分隔或组织标题；相邻实质断言已分别列出	nonmathematical	nonmathematical			只收已读的明确语法余项；不把未识别数学文字归入此行	本单元无新增未闭义务；不关闭其它来源或应用门
SSG-U092	history/sources/次单调论文研究/RLEB_投稿扩展版_完整源码_2026-09-19.zip!/RLEB_投稿扩展版_2026-09-19/sections/appendix_signed_schur.tex	383	388	square-root-X-Y-calculation	identity	X±=(a−2t,±4t²)，Y+=(a+2t,−2t²)，Y−=(a+2t,6t²)	derived-checked	rewritten	research/canonical/signed_schur_growth.md#ss-square-root	C119-v2	逐式核对源条件、量词及规范独立证明；该锚保留本单元对象与适用域	本单元无新增未闭义务；不关闭其它来源或应用门
SSG-U093	history/sources/次单调论文研究/RLEB_投稿扩展版_完整源码_2026-09-19.zip!/RLEB_投稿扩展版_2026-09-19/sections/appendix_signed_schur.tex	389	391	square-root-Schur-derivative-calculation	proof	A±=1,b±=−2；signed法向导数8t；输出Schur导数(4,−4t),(4,12t)，给全部所列界	derived-checked	rewritten	research/canonical/signed_schur_growth.md#ss-square-root	C119-v2	逐式核对源条件、量词及规范独立证明；该锚保留本单元对象与适用域	本单元无新增未闭义务；不关闭其它来源或应用门
SSG-U094	history/sources/次单调论文研究/RLEB_投稿扩展版_完整源码_2026-09-19.zip!/RLEB_投稿扩展版_2026-09-19/sections/appendix_signed_schur.tex	392	396	square-root-matched-jet-check	proof	共同切向修正a=z+2t；同z输出差(0,−8t²)，E=8代入jet式得S18	derived-checked	rewritten	research/canonical/signed_schur_growth.md#ss-square-root	C119-v2	逐式核对源条件、量词及规范独立证明；该锚保留本单元对象与适用域	本单元无新增未闭义务；不关闭其它来源或应用门
SSG-U135	history/sources/次单调论文研究/RLEB_投稿扩展版_完整源码_2026-09-19.zip!/RLEB_投稿扩展版_2026-09-19/sections/appendix_signed_schur.tex	397	397	syntax-LF-397-397	organization	经逐LF检查，仅空行、TeX环境开闭/标签、公式分隔或组织标题；相邻实质断言已分别列出	nonmathematical	nonmathematical			只收已读的明确语法余项；不把未识别数学文字归入此行	本单元无新增未闭义务；不关闭其它来源或应用门
SSG-U095	history/sources/次单调论文研究/RLEB_投稿扩展版_完整源码_2026-09-19.zip!/RLEB_投稿扩展版_2026-09-19/sections/appendix_signed_schur.tex	398	401	square-root-full-fiber-exclusion	proof	完整图任意U输入有t=√y<T且|a|=|z+2t|<r+2T<R，故必在显示参数支内	derived-checked	rewritten	research/canonical/signed_schur_growth.md#ss-square-root	C119-v2	逐式核对源条件、量词及规范独立证明；该锚保留本单元对象与适用域	本单元无新增未闭义务；不关闭其它来源或应用门
SSG-U096	history/sources/次单调论文研究/RLEB_投稿扩展版_完整源码_2026-09-19.zip!/RLEB_投稿扩展版_2026-09-19/sections/appendix_signed_schur.tex	401	402	square-root-reverse-coverage	proof	两单调法向范围覆盖(−4T²,4T²)，与全纤维排他合取识别完整J	derived-checked	rewritten	research/canonical/signed_schur_growth.md#ss-square-root	C119-v2	逐式核对源条件、量词及规范独立证明；该锚保留本单元对象与适用域	本单元无新增未闭义务；不关闭其它来源或应用门
SSG-U097	history/sources/次单调论文研究/RLEB_投稿扩展版_完整源码_2026-09-19.zip!/RLEB_投稿扩展版_2026-09-19/sections/appendix_signed_schur.tex	402	405	square-root-sharp-ratio-and-exponent	proof	z=0正支与接缝输入差4t²，输出差√(16t²+4t⁴)，半阶比→2且任何更大指数失败	derived-checked	rewritten	research/canonical/signed_schur_growth.md#ss-square-root	C119-v2	逐式核对源条件、量词及规范独立证明；该锚保留本单元对象与适用域	本单元无新增未闭义务；不关闭其它来源或应用门
SSG-U136	history/sources/次单调论文研究/RLEB_投稿扩展版_完整源码_2026-09-19.zip!/RLEB_投稿扩展版_2026-09-19/sections/appendix_signed_schur.tex	406	409	syntax-LF-406-409	organization	经逐LF检查，仅空行、TeX环境开闭/标签、公式分隔或组织标题；相邻实质断言已分别列出	nonmathematical	nonmathematical			只收已读的明确语法余项；不把未识别数学文字归入此行	本单元无新增未闭义务；不关闭其它来源或应用门
SSG-U102	history/sources/次单调论文研究/RLEB_投稿扩展版_完整源码_2026-09-19.zip!/RLEB_投稿扩展版_2026-09-19/sections/appendix_signed_schur.tex	410	411	individual-exponent-optimality	sharpness	每支相对接缝t/(t²)^θ在θ>1/2时无界，故其半阶逆/反射指数最优	derived-checked	rewritten	research/canonical/signed_schur_growth.md#ss-attacks	C117-v2	规范显式补足源命题individual optimal的接缝见证，非由上界单独推出	本单元无新增未闭义务；不关闭其它来源或应用门
SSG-U098	history/sources/次单调论文研究/RLEB_投稿扩展版_完整源码_2026-09-19.zip!/RLEB_投稿扩展版_2026-09-19/sections/appendix_signed_schur.tex	410	412	branchwise-regularity-insufficient	counterexample	光滑半代数、公共接缝、逐支Minty单射及最优Hölder逆不保证并图全对RL	derived-checked	rewritten	research/canonical/signed_schur_growth.md#ss-attacks	C117-v2	逐式核对源条件、量词及规范独立证明；该锚保留本单元对象与适用域	本单元无新增未闭义务；不关闭其它来源或应用门
SSG-U137	history/sources/次单调论文研究/RLEB_投稿扩展版_完整源码_2026-09-19.zip!/RLEB_投稿扩展版_2026-09-19/sections/appendix_signed_schur.tex	413	414	syntax-LF-413-414	organization	经逐LF检查，仅空行、TeX环境开闭/标签、公式分隔或组织标题；相邻实质断言已分别列出	nonmathematical	nonmathematical			只收已读的明确语法余项；不把未识别数学文字归入此行	本单元无新增未闭义务；不关闭其它来源或应用门
SSG-U099	history/sources/次单调论文研究/RLEB_投稿扩展版_完整源码_2026-09-19.zip!/RLEB_投稿扩展版_2026-09-19/sections/appendix_signed_schur.tex	415	419	one-dimensional-collision-object	definition	原一维见证X±=t²,Y+=t,Y−=−t，t≥0	derived-checked	rewritten	research/canonical/signed_schur_growth.md#ss-attacks	C117-v2	规范保留一维原例，另给切向直积处于n≥2主证书空间，两个身份不混	本单元无新增未闭义务；不关闭其它来源或应用门
SSG-U100	history/sources/次单调论文研究/RLEB_投稿扩展版_完整源码_2026-09-19.zip!/RLEB_投稿扩展版_2026-09-19/sections/appendix_signed_schur.tex	420	422	collision-graph-reconstruction	identity	uσ=(Xσ+Yσ)/2、vσ=(Xσ−Yσ)/(2λ)的可逆剪切构造真实关系图	derived-checked	rewritten	research/canonical/signed_schur_growth.md#ss-attacks	C117-v2	逐式核对源条件、量词及规范独立证明；该锚保留本单元对象与适用域	本单元无新增未闭义务；不关闭其它来源或应用门
SSG-U101	history/sources/次单调论文研究/RLEB_投稿扩展版_完整源码_2026-09-19.zip!/RLEB_投稿扩展版_2026-09-19/sections/appendix_signed_schur.tex	423	425	individual-half-order-and-seam	proof	逐支光滑且Minty单射；|Yσ(t)−Yσ(s)|≤|Xσ(t)−Xσ(s)|^(1/2)，原点公共接缝	derived-checked	rewritten	research/canonical/signed_schur_growth.md#ss-attacks	C117-v2	逐式核对源条件、量词及规范独立证明；该锚保留本单元对象与适用域	本单元无新增未闭义务；不关闭其它来源或应用门
SSG-U103	history/sources/次单调论文研究/RLEB_投稿扩展版_完整源码_2026-09-19.zip!/RLEB_投稿扩展版_2026-09-19/sections/appendix_signed_schur.tex	425	427	Whitney-stratification-witness	proof	并图为光滑抛物线，两开弧及原点是Whitney分层；切向直积保留该性质	derived-checked	rewritten	research/canonical/signed_schur_growth.md#ss-attacks	C117-v2	规范Φ(a,τ)显式核光滑半代数嵌入、极限切平面及归一化割线，直接证明Whitney(a)/(b)，无需外部定理	本单元无新增未闭义务；不关闭其它来源或应用门
SSG-U104	history/sources/次单调论文研究/RLEB_投稿扩展版_完整源码_2026-09-19.zip!/RLEB_投稿扩展版_2026-09-19/sections/appendix_signed_schur.tex	427	429	equal-input-distinct-output-collision	counterexample	任意t>0两支输入相同而原始输出相差t，故任何零点消失全对RL模失败	derived-checked	rewritten	research/canonical/signed_schur_growth.md#ss-attacks	C117-v2	逐式核对源条件、量词及规范独立证明；该锚保留本单元对象与适用域	本单元无新增未闭义务；不关闭其它来源或应用门
SSG-U105	history/sources/次单调论文研究/RLEB_投稿扩展版_完整源码_2026-09-19.zip!/RLEB_投稿扩展版_2026-09-19/sections/appendix_signed_schur.tex	429	431	orientation-missing-gate	scope-boundary	失败来自相反signed法向增长缺失；逐支光滑或Whitney分层不能供应该条件	derived-checked	rewritten	research/canonical/signed_schur_growth.md#ss-attacks	C117-v2	按切向直积核其余条件可满足，负支−2t≥2t失败；不把分层存在否定为假	本单元无新增未闭义务；不关闭其它来源或应用门
SSG-U138	history/sources/次单调论文研究/RLEB_投稿扩展版_完整源码_2026-09-19.zip!/RLEB_投稿扩展版_2026-09-19/sections/appendix_signed_schur.tex	432	434	syntax-LF-432-434	organization	经逐LF检查，仅空行、TeX环境开闭/标签、公式分隔或组织标题；相邻实质断言已分别列出	nonmathematical	nonmathematical			只收已读的明确语法余项；不把未识别数学文字归入此行	本单元无新增未闭义务；不关闭其它来源或应用门
SSG-U106	history/sources/次单调论文研究/RLEB_投稿扩展版_完整源码_2026-09-19.zip!/RLEB_投稿扩展版_2026-09-19/sections/appendix_signed_schur.tex	435	438	tangential-uniformity-input-object	definition	X(a,t)=(a,t³−at)，a=0时正常数输入切片为t³，小a>0时t=0与√a同法向输入	derived-checked	rewritten	research/canonical/signed_schur_growth.md#ss-attacks	C117-v2	逐式核对源条件、量词及规范独立证明；该锚保留本单元对象与适用域	本单元无新增未闭义务；不关闭其它来源或应用门
SSG-U107	history/sources/次单调论文研究/RLEB_投稿扩展版_完整源码_2026-09-19.zip!/RLEB_投稿扩展版_2026-09-19/sections/appendix_signed_schur.tex	439	440	tangential-uniformity-output-collision	counterexample	Y(a,t)=(a,t)与该X经逆剪切定义图，在每个小a>0的两参数产生Minty碰撞	derived-checked	rewritten	research/canonical/signed_schur_growth.md#ss-attacks	C117-v2	逐式核对源条件、量词及规范独立证明；该锚保留本单元对象与适用域	本单元无新增未闭义务；不关闭其它来源或应用门
SSG-U108	history/sources/次单调论文研究/RLEB_投稿扩展版_完整源码_2026-09-19.zip!/RLEB_投稿扩展版_2026-09-19/sections/appendix_signed_schur.tex	440	441	single-Taylor-jet-not-uniform	scope-boundary	单个接缝点Taylor展开不能替代整个参数块S6；实际Schur法向导数3t²−a	derived-checked	rewritten	research/canonical/signed_schur_growth.md#ss-attacks	C117-v2	逐式核对源条件、量词及规范独立证明；该锚保留本单元对象与适用域	本单元无新增未闭义务；不关闭其它来源或应用门
SSG-U139	history/sources/次单调论文研究/RLEB_投稿扩展版_完整源码_2026-09-19.zip!/RLEB_投稿扩展版_2026-09-19/sections/appendix_signed_schur.tex	442	444	syntax-LF-442-444	organization	经逐LF检查，仅空行、TeX环境开闭/标签、公式分隔或组织标题；相邻实质断言已分别列出	nonmathematical	nonmathematical			只收已读的明确语法余项；不把未识别数学文字归入此行	本单元无新增未闭义务；不关闭其它来源或应用门
SSG-U109	history/sources/次单调论文研究/RLEB_投稿扩展版_完整源码_2026-09-19.zip!/RLEB_投稿扩展版_2026-09-19/sections/appendix_signed_schur.tex	445	447	inverse-machinery-proof-components	method-summary	证明合取切向强单调反演、参数化隐函数和一维定向单调增长	derived-checked	duplicate	research/canonical/signed_schur_growth.md#ss-interface	C117-v2	逐项已有主证明；末段仅总结内部工具，不认证外部文献定理版本	本单元无新增未闭义务；不关闭其它来源或应用门
SSG-U110	history/sources/次单调论文研究/RLEB_投稿扩展版_完整源码_2026-09-19.zip!/RLEB_投稿扩展版_2026-09-19/sections/appendix_signed_schur.tex	447	449	joint-quantitative-interface	source-positioning	来源将完整两侧图的covered collar、跨支排他及S15常数组合称RLEB-specific output	source-report	nonmathematical	research/canonical/signed_schur_growth.md#ss-interface		可调用数学由C117/C118与完整纤维门给出；specific是研究定位，不转成新颖性或优先权证据	本单元无新增未闭义务；不关闭其它来源或应用门
SSG-U111	history/sources/次单调论文研究/RLEB_投稿扩展版_完整源码_2026-09-19.zip!/RLEB_投稿扩展版_2026-09-19/sections/appendix_signed_schur.tex	449	452	Whitney-insufficiency-and-independent-EB	scope-boundary	Whitney分层本身不足，碰撞例给反证；真实残差EB仍须另核	derived-checked	duplicate	research/canonical/signed_schur_growth.md#ss-obligations	C117-v2	末段重复两个分别已证明的范围边界，不声称分层与EB之间存在未写的推论	本单元无新增未闭义务；不关闭其它来源或应用门
