source	bytes	sha256	semantic_disposition
history/sources/历史总包_2026-09-14/菠萝_RL与广义次正则研究资产_2026-09-14_v2_真实超边图/00_从这里开始/README_v1_历史导航.md	5962	fd68b54b79e9afc755829e9e11df3cee6dc0f294e78e6fe5891168f8baafd4c1	unreviewed
history/sources/历史总包_2026-09-14/菠萝_RL与广义次正则研究资产_2026-09-14_v2_真实超边图/00_从这里开始/README_本目录说明.md	270	36b3de108c218376d201078f2fe12d60b2474de02b30ce9f4adc487e0752938e	unreviewed
history/sources/历史总包_2026-09-14/菠萝_RL与广义次正则研究资产_2026-09-14_v2_真实超边图/00_从这里开始/README_研究资产导航.md	4714	ed8a1827424e633673308cdb3ceaf867f4eb0b3110c9623551d6a54843283aa8	unreviewed
history/sources/历史总包_2026-09-14/菠萝_RL与广义次正则研究资产_2026-09-14_v2_真实超边图/00_从这里开始/SHA256文件校验清单.txt	14285	64dc759b0d39b8ed9d45c5c9698c2d98555df827cf56b38f777414afbbaea560	unreviewed
history/sources/历史总包_2026-09-14/菠萝_RL与广义次正则研究资产_2026-09-14_v2_真实超边图/00_从这里开始/manifest.json	47321	0836e5eca97602fd80863df1308c66af5cf09fbf53580e97939a4679f9003cdd	unreviewed
history/sources/历史总包_2026-09-14/菠萝_RL与广义次正则研究资产_2026-09-14_v2_真实超边图/00_从这里开始/交互模拟测试_v2.cjs	9245	c122ddc78888253f2813c73882b4a068e20fe79ebcb13d9629857ab101dc847c	unreviewed
history/sources/历史总包_2026-09-14/菠萝_RL与广义次正则研究资产_2026-09-14_v2_真实超边图/00_从这里开始/历史manifest_v1.json	42547	73caf913403f8296f1d380770269f275b60a46e82ceea65c15d1aa3c11c0efe7	unreviewed
history/sources/历史总包_2026-09-14/菠萝_RL与广义次正则研究资产_2026-09-14_v2_真实超边图/00_从这里开始/历史资产关系数据_v1.json	80331	ac748888c5cdea2dd8b5ba6daa7ad254b4feedfd1e4241a7ef001fc449264046	unreviewed
history/sources/历史总包_2026-09-14/菠萝_RL与广义次正则研究资产_2026-09-14_v2_真实超边图/00_从这里开始/图模板_v2.html	32579	d9a6965c25e14f10c4f07b6428307819851d895657c6907ff9bce6879f68efe2	unreviewed
history/sources/历史总包_2026-09-14/菠萝_RL与广义次正则研究资产_2026-09-14_v2_真实超边图/00_从这里开始/当前成果与可信度.yaml	5190	a17e367fe94c88edb7d97cc87443fca2fea52cf42b2b66677687b3ddfd2b9846	unreviewed
history/sources/历史总包_2026-09-14/菠萝_RL与广义次正则研究资产_2026-09-14_v2_真实超边图/00_从这里开始/打包筛选说明.md	3045	06f210e7fcc7dd0810019a81f39a7c3a3a508fafe1b8744388d0a5955ecd2411	unreviewed
history/sources/历史总包_2026-09-14/菠萝_RL与广义次正则研究资产_2026-09-14_v2_真实超边图/00_从这里开始/文件来源与中文名称对照.csv	22868	df1f39aede72b96e51e7869f748fb766f5f0b351c45c9e568c8d40cf68e83348	unreviewed
history/sources/历史总包_2026-09-14/菠萝_RL与广义次正则研究资产_2026-09-14_v2_真实超边图/00_从这里开始/构建_v2.py	50471	b81ed295ea760576af74e063298fcf2f937b5a32aa21264a48bb83e2256e1c59	unreviewed
history/sources/历史总包_2026-09-14/菠萝_RL与广义次正则研究资产_2026-09-14_v2_真实超边图/00_从这里开始/标题与定位抽取记录_v2.json	130039	bc13597ce2ac83c68e86910a0241ae04c0e3953241ce81729b6c09ec1fe12e0a	unreviewed
history/sources/历史总包_2026-09-14/菠萝_RL与广义次正则研究资产_2026-09-14_v2_真实超边图/00_从这里开始/校验_v2.py	12257	9a2a46de16fff86f3fbd9d192658908ac039752eb17baffffb73b167b63fd008	unreviewed
history/sources/历史总包_2026-09-14/菠萝_RL与广义次正则研究资产_2026-09-14_v2_真实超边图/00_从这里开始/测试报告_v2.json	5672	66dd318c338e45c79db4549cfc6c05b11caee24f3e302a03a75bb635ca39c836	unreviewed
history/sources/历史总包_2026-09-14/菠萝_RL与广义次正则研究资产_2026-09-14_v2_真实超边图/00_从这里开始/研究资产总览与超边图.html	104839	9f60debf32430e49c7a20642802a65f578d94a5b3736e66e974a64cc8b8591a5	unreviewed
history/sources/历史总包_2026-09-14/菠萝_RL与广义次正则研究资产_2026-09-14_v2_真实超边图/00_从这里开始/研究资产统一超边知识图_v2.html	5587004	1ad235a3e823566c3a8caea39c3d48aa60f644925454ac7b4cc6713f1993bcd4	unreviewed
history/sources/历史总包_2026-09-14/菠萝_RL与广义次正则研究资产_2026-09-14_v2_真实超边图/00_从这里开始/纳入与排除台账.csv	83928	8717065f1e87eb08dabb2a28424869fa16a5d064a78a03122050980088b99e58	unreviewed
history/sources/历史总包_2026-09-14/菠萝_RL与广义次正则研究资产_2026-09-14_v2_真实超边图/00_从这里开始/给未来Codex和PRO的使用说明.md	4376	72e19ba740ede30b894aa3941f131f2818558c800665b0b2868c483d3d84b90f	unreviewed
history/sources/历史总包_2026-09-14/菠萝_RL与广义次正则研究资产_2026-09-14_v2_真实超边图/00_从这里开始/解释图执行契约_v2.json	1469	4bae285b37a8b7125d68d065008beab24661271da7f53fe84a666b379c41c191	unreviewed
history/sources/历史总包_2026-09-14/菠萝_RL与广义次正则研究资产_2026-09-14_v2_真实超边图/00_从这里开始/资产关系_schema_v2.json	5479	3f146c62b9ee2a90f9ac09442f6c96a24cd4b64c9e5b5b5566e269167602634c	unreviewed
history/sources/历史总包_2026-09-14/菠萝_RL与广义次正则研究资产_2026-09-14_v2_真实超边图/00_从这里开始/资产关系数据.json	656219	b044713363f2ae181eb395966be5732a50a1186fe4230954d19d9d93b1cec6d0	unreviewed
history/sources/历史总包_2026-09-14/菠萝_RL与广义次正则研究资产_2026-09-14_v2_真实超边图/01_RL_PPA核心理论/01_论文主稿/RL与广义次正则_当前排版论文.pdf	329898	e0289b1f9e76fddd174986a009fbaf2db1ba3b51476689d517a22fd0b4c2aaae	unreviewed
history/sources/历史总包_2026-09-14/菠萝_RL与广义次正则研究资产_2026-09-14_v2_真实超边图/01_RL_PPA核心理论/01_论文主稿/RL与广义次正则_当前论文源.tex	105066	8d0565a57c6580f9ddf7264560bde5a07215af1238033efdc11bb5fe71db56e8	unreviewed
history/sources/历史总包_2026-09-14/菠萝_RL与广义次正则研究资产_2026-09-14_v2_真实超边图/01_RL_PPA核心理论/01_论文主稿/RL核心数学合稿_T5_2026-09-07.md	99264	8bc3d4906f9d28ca349aad1df068eb8d5f9272d65bb731346f0949f63b9975e9	unreviewed
history/sources/历史总包_2026-09-14/菠萝_RL与广义次正则研究资产_2026-09-14_v2_真实超边图/01_RL_PPA核心理论/01_论文主稿/author_boluo.png	28517	31443d3720ddc30e4e63342afd177119e2813f9b4d45652153b58963a5b2aaf1	unreviewed
history/sources/历史总包_2026-09-14/菠萝_RL与广义次正则研究资产_2026-09-14_v2_真实超边图/01_RL_PPA核心理论/02_核心推导/RL与次正则_原始主推导.md	8371	88beb6be932bae4f9c4af78c864b5b1dc8814e4cc86ff4bc13c28d03e7337369	unreviewed
history/sources/历史总包_2026-09-14/菠萝_RL与广义次正则研究资产_2026-09-14_v2_真实超边图/01_RL_PPA核心理论/02_核心推导/核心定理链_补位终审与完整量词.md	8454	0aada547bb4fddba1abb121e0cff03e5af55e491bc49eab6d3c6816bb91bddac	unreviewed
history/sources/历史总包_2026-09-14/菠萝_RL与广义次正则研究资产_2026-09-14_v2_真实超边图/01_RL_PPA核心理论/02_核心推导/独立证书组合_第二阶段根推导.md	4827	291c5b79461230d89e9ad33edbec875ff630afea213817bc9d2b99ef6caba433	unreviewed
history/sources/历史总包_2026-09-14/菠萝_RL与广义次正则研究资产_2026-09-14_v2_真实超边图/01_RL_PPA核心理论/03_判别方法与理论升级/C11复合次正则_定量模块与未解边界.md	23812	d9f9e5c53c41d827a7fd25250fbd5cbee3c3f2d08c41d245dc9b8f552b084619	unreviewed
history/sources/历史总包_2026-09-14/菠萝_RL与广义次正则研究资产_2026-09-14_v2_真实超边图/01_RL_PPA核心理论/03_判别方法与理论升级/RL旗舰升级_架构与待攻关接口.md	27195	c346477dc8ed1f372e94adafbc98f5d39249fbcce9a94654f9e014d8d1560c09	unreviewed
history/sources/历史总包_2026-09-14/菠萝_RL与广义次正则研究资产_2026-09-14_v2_真实超边图/01_RL_PPA核心理论/03_判别方法与理论升级/多步路径与有限捕获_RL研究札记_2026-09-09.md	24309	74d9a2b464aba8d9b585b7c30e61b8faca8eab78b23da7f634cac04c5a18b4b4	unreviewed
history/sources/历史总包_2026-09-14/菠萝_RL与广义次正则研究资产_2026-09-14_v2_真实超边图/01_RL_PPA核心理论/03_判别方法与理论升级/独立接口_对抗综合与作用域.md	22735	b9c3beb06b4835bb08b30ae0bef5524c2ceeee06beef5bb2a1ac37dfbcf3b4f7	unreviewed
history/sources/历史总包_2026-09-14/菠萝_RL与广义次正则研究资产_2026-09-14_v2_真实超边图/01_RL_PPA核心理论/04_证明审计与敌对审稿/定理量词与精确性_独立数学审计_T4.md	33642	11638100ad65607b8a22bb141e8b8dc15a5c93c4e9a3c6389078341bd8d9231a	unreviewed
history/sources/历史总包_2026-09-14/菠萝_RL与广义次正则研究资产_2026-09-14_v2_真实超边图/01_RL_PPA核心理论/04_证明审计与敌对审稿/总体敌对审稿_修复清单与PRO导入许可_T5F.md	40264	c8051e2b5c6b8aba640bdda54dc873b33476c7c99d4719e854a4cadada67945e	unreviewed
history/sources/历史总包_2026-09-14/菠萝_RL与广义次正则研究资产_2026-09-14_v2_真实超边图/01_RL_PPA核心理论/04_证明审计与敌对审稿/最终合稿_代数与定理差异复核_T5A.md	9775	4ad5e7214b9c61beb04d0e4b1af1c8c95cd5a44aefe535e1066e1b15b1bacb78	unreviewed
history/sources/历史总包_2026-09-14/菠萝_RL与广义次正则研究资产_2026-09-14_v2_真实超边图/01_RL_PPA核心理论/04_证明审计与敌对审稿/最终合稿_实例常数与反例重审_T5E.md	13828	20002ded0e0acfa115c3303b040f00399695f29a3573f06480d49f216529f428	unreviewed
history/sources/历史总包_2026-09-14/菠萝_RL与广义次正则研究资产_2026-09-14_v2_真实超边图/01_RL_PPA核心理论/04_证明审计与敌对审稿/核心论证框架_敌对审稿_T4.md	43146	5c0c211ef0907efb5ace5e3783f69b99574f4ef450ffe112ea1ab469d1b7833e	unreviewed
history/sources/历史总包_2026-09-14/菠萝_RL与广义次正则研究资产_2026-09-14_v2_真实超边图/01_RL_PPA核心理论/04_证明审计与敌对审稿/理论谱系与贡献边界_文献论证_T4.md	29154	e5b73c1aa83ce6266895e5912263843acc1c7e45829999af01da0876c50e049e	unreviewed
history/sources/历史总包_2026-09-14/菠萝_RL与广义次正则研究资产_2026-09-14_v2_真实超边图/01_RL_PPA核心理论/05_实例与反例/指定竞争证书_分离与退化幸存者.md	28363	5f79dcee04a16fce8bc4993c7058399d4c7d1842121efc4c00de328511beeed9	unreviewed
history/sources/历史总包_2026-09-14/菠萝_RL与广义次正则研究资产_2026-09-14_v2_真实超边图/01_RL_PPA核心理论/05_实例与反例/支撑函数与法锥_自然类推导.md	23025	abe082412883506ab76bdcc2b653f7971ecacb82205dd7cbe632186c84e8c2c9	unreviewed
history/sources/历史总包_2026-09-14/菠萝_RL与广义次正则研究资产_2026-09-14_v2_真实超边图/01_RL_PPA核心理论/06_验证程序/验证_C11复合次正则.py	1292	c5324260c85b9f8c28ac5e0c30f3ae79520488efd3203d3a3ee45ecd8c052247	unreviewed
history/sources/历史总包_2026-09-14/菠萝_RL与广义次正则研究资产_2026-09-14_v2_真实超边图/01_RL_PPA核心理论/06_验证程序/验证_RL合稿实例与常数.py	3179	3a3dab8045bf30d722fab12d2c135f0b641b9ddcbb3d6fa8ffc029d6af587981	unreviewed
history/sources/历史总包_2026-09-14/菠萝_RL与广义次正则研究资产_2026-09-14_v2_真实超边图/01_RL_PPA核心理论/README_本目录说明.md	5336	afda6878ddf4ab06fc83154a260f4ffe454b89a2491a1b5297fb674da66c4bd1	unreviewed
history/sources/历史总包_2026-09-14/菠萝_RL与广义次正则研究资产_2026-09-14_v2_真实超边图/02_锥优化_CRSC_MSCQ/01_论文主稿/冻结最小面CRSC与MSCQ_当前论文_v04.pdf	433772	273086ca09fbc68cbb0ee2eb59313994dc86b434281dcc8ff777618edc52b6c3	unreviewed
history/sources/历史总包_2026-09-14/菠萝_RL与广义次正则研究资产_2026-09-14_v2_真实超边图/02_锥优化_CRSC_MSCQ/02_可编译源文件/author-cjk.enc	2335	61ea965bb94ec304c76eda1e1528320f62914f31cf9db1ec0ae096b16cf95e04	unreviewed
history/sources/历史总包_2026-09-14/菠萝_RL与广义次正则研究资产_2026-09-14_v2_真实超边图/02_锥优化_CRSC_MSCQ/02_可编译源文件/author-cjk.tfm	236	37b9b5e90901b5801752f43349a2a8c7e89ce0999e7756ccdd265cce30c88752	unreviewed
history/sources/历史总包_2026-09-14/菠萝_RL与广义次正则研究资产_2026-09-14_v2_真实超边图/02_锥优化_CRSC_MSCQ/02_可编译源文件/author-cjk.ttf	1300	d6aef8f34ecff3ad54d910d5c324187cb20c629417291aa3a232ae7fc4c66ab5	unreviewed
history/sources/历史总包_2026-09-14/菠萝_RL与广义次正则研究资产_2026-09-14_v2_真实超边图/02_锥优化_CRSC_MSCQ/02_可编译源文件/build.sh	1130	757c605db6fe0d74ae6b9bf5ac02fda2bd48bc173f3d0fa114d6c9b36b41bc4d	unreviewed
history/sources/历史总包_2026-09-14/菠萝_RL与广义次正则研究资产_2026-09-14_v2_真实超边图/02_锥优化_CRSC_MSCQ/02_可编译源文件/build_author_font.py	1483	370dd0420fbf6927f5657b982926e613024bf3fe18916fb2f637e33e7a2579e0	unreviewed
history/sources/历史总包_2026-09-14/菠萝_RL与广义次正则研究资产_2026-09-14_v2_真实超边图/02_锥优化_CRSC_MSCQ/02_可编译源文件/main.bbl	5112	75cc4d3dd2cbc30c58722f5929c16e4edaf19c47773162ea533ff4e3d6a9ca18	unreviewed
history/sources/历史总包_2026-09-14/菠萝_RL与广义次正则研究资产_2026-09-14_v2_真实超边图/02_锥优化_CRSC_MSCQ/02_可编译源文件/main.tex	60352	4da7f81e1907a866f656eb2ab4da98e1efc2f156c5370c89016f2cba3c7a9af3	unreviewed
history/sources/历史总包_2026-09-14/菠萝_RL与广义次正则研究资产_2026-09-14_v2_真实超边图/02_锥优化_CRSC_MSCQ/02_可编译源文件/references.bib	5050	14cf0474d90a34fa9c3aa4b89bf409446aca78975d31925823861fd1d4533ef5	unreviewed
history/sources/历史总包_2026-09-14/菠萝_RL与广义次正则研究资产_2026-09-14_v2_真实超边图/02_锥优化_CRSC_MSCQ/02_可编译源文件/中文作者字体来源与再生成说明.md	1438	f1c8a973c94191fe80fd0c043fa97d09495cc7b0a0f8ea431673dc9492743c8d	unreviewed
history/sources/历史总包_2026-09-14/菠萝_RL与广义次正则研究资产_2026-09-14_v2_真实超边图/02_锥优化_CRSC_MSCQ/02_可编译源文件/原始构建与数学范围说明.md	3593	14b4fc8132f99e8b47136dff8a4ffe622a23359d31b5c25427f399c76284b720	unreviewed
history/sources/历史总包_2026-09-14/菠萝_RL与广义次正则研究资产_2026-09-14_v2_真实超边图/02_锥优化_CRSC_MSCQ/02_可编译源文件/构建报告与版本核对_v04.md	23117	2b468477e4199db8beb39c22b4e2f2ec9fee95ccf75ff951bbae2b7d1bd943ad	unreviewed
history/sources/历史总包_2026-09-14/菠萝_RL与广义次正则研究资产_2026-09-14_v2_真实超边图/02_锥优化_CRSC_MSCQ/02_可编译源文件/论文证据范围与未闭合门槛台账.md	16589	bc8099c34a9402685c9b7decdc08c0089a96720b31117d4769617d36f6820777	unreviewed
history/sources/历史总包_2026-09-14/菠萝_RL与广义次正则研究资产_2026-09-14_v2_真实超边图/02_锥优化_CRSC_MSCQ/03_核心证明审计/冻结CRSC_秩夹逼与MSCQ核心证明审计.md	19685	e163ade04e7c5e3a82f6d44ed0034809ef519650ffc3758d1c95fc6de65d3280	unreviewed
history/sources/历史总包_2026-09-14/菠萝_RL与广义次正则研究资产_2026-09-14_v2_真实超边图/02_锥优化_CRSC_MSCQ/03_核心证明审计/耦合SOC与PSD_正例及显式常数审计.md	21317	f5a35d8bbbea1ecf8509f7475169cbca130697ce1d992968d205e780cbb93e12	unreviewed
history/sources/历史总包_2026-09-14/菠萝_RL与广义次正则研究资产_2026-09-14_v2_真实超边图/02_锥优化_CRSC_MSCQ/03_核心证明审计/锥论文_最终论证架构与依赖链.md	35526	5622b9ac9381e1df99cb042e7b210e19d2ace230800cc87c989271981b562ac3	unreviewed
history/sources/历史总包_2026-09-14/菠萝_RL与广义次正则研究资产_2026-09-14_v2_真实超边图/02_锥优化_CRSC_MSCQ/04_边界反例与优先权/CRSC与MSCQ_优先权及正式版证据矩阵.md	32688	29940cbcb539028e84fc01bfc23d06b7ae84fa67b473056edb0f60a9fa846ab2	unreviewed
history/sources/历史总包_2026-09-14/菠萝_RL与广义次正则研究资产_2026-09-14_v2_真实超边图/02_锥优化_CRSC_MSCQ/04_边界反例与优先权/Nice非Amenable锥_边界反例与必要性审计.md	22278	9fab8462655691771a570c04e940503d4015bfa5e57b75aff42cede08709ee9b	unreviewed
history/sources/历史总包_2026-09-14/菠萝_RL与广义次正则研究资产_2026-09-14_v2_真实超边图/02_锥优化_CRSC_MSCQ/05_验证程序/验证_SOC与PSD实例常数.py	3705	667f22012eb86427e7817c13e6b7b8160549b46a3ca0d118502cf6f95f126fda	unreviewed
history/sources/历史总包_2026-09-14/菠萝_RL与广义次正则研究资产_2026-09-14_v2_真实超边图/02_锥优化_CRSC_MSCQ/README_本目录说明.md	4474	80a8cb8bc8ed60765de279b08a488fbc6ab1e7645df48f68079284961fd79b45	unreviewed
history/sources/历史总包_2026-09-14/菠萝_RL与广义次正则研究资产_2026-09-14_v2_真实超边图/03_随机与Markov理论/01_随机RL主线/质量稀释与矩匹配_随机提升独立审计.md	23055	ce8a410e86ef07eb111dcd28b6cf92c25f6738194c91059993d4e1e1212a69d9	unreviewed
history/sources/历史总包_2026-09-14/菠萝_RL与广义次正则研究资产_2026-09-14_v2_真实超边图/03_随机与Markov理论/01_随机RL主线/随机RL_合法耦合接口与提升障碍.md	27706	94b4d0df4016189ad90bb0c6b301f23d097666da3d44db0074b22ddadc569f50	unreviewed
history/sources/历史总包_2026-09-14/菠萝_RL与广义次正则研究资产_2026-09-14_v2_真实超边图/03_随机与Markov理论/02_有限状态分类/有限状态_精确零集与线性误差界等价.md	36616	0608f742257d34447292b83025bd40ea4768bd5f3972cd7cb224b9375669bf00	unreviewed
history/sources/历史总包_2026-09-14/菠萝_RL与广义次正则研究资产_2026-09-14_v2_真实超边图/03_随机与Markov理论/02_有限状态分类/有限状态分类与惰性四循环_精确独立审计.md	19080	fd3c3f75b9b7bf94b978c933fbae3e2a69467eaecf6fffaaa8451b49e3cd612b	unreviewed
history/sources/历史总包_2026-09-14/菠萝_RL与广义次正则研究资产_2026-09-14_v2_真实超边图/03_随机与Markov理论/03_无限状态障碍/有限与无限状态_反例及正则性障碍独立审计.md	39648	3416727429588eb73b811b20fe45b49b4d2a2eef795190888fc602ee24281aa2	unreviewed
history/sources/历史总包_2026-09-14/菠萝_RL与广义次正则研究资产_2026-09-14_v2_真实超边图/03_随机与Markov理论/04_相关性与随机表示/条件残差修复_独立敌对审计与高斯锐常数.md	26904	1d02926016b2e79e210d578303de4e80427999f99a33ab4840b1d9c68effe6eb	unreviewed
history/sources/历史总包_2026-09-14/菠萝_RL与广义次正则研究资产_2026-09-14_v2_真实超边图/03_随机与Markov理论/04_相关性与随机表示/条件残差修复_相关性与块刷新定理.md	36652	91f7a071db2d62e1b8ab965e6cb13d1d0568f582b72eb4bc47dc0b6e22357072	unreviewed
history/sources/历史总包_2026-09-14/菠萝_RL与广义次正则研究资产_2026-09-14_v2_真实超边图/03_随机与Markov理论/04_相关性与随机表示/相关性感知_随机近端正类与分支缺陷障碍.md	29078	e56084aba8c568fbbb4493e22afb2c4bbdea120a9f59aef88f6615601f56f4cb	unreviewed
history/sources/历史总包_2026-09-14/菠萝_RL与广义次正则研究资产_2026-09-14_v2_真实超边图/03_随机与Markov理论/04_相关性与随机表示/非乘积随机近端_吸收选择与非不变极限障碍.md	35599	f45947f55a8e36b80e80d90cd31e425fcd869393957d828e7574f6140dd4c3f2	unreviewed
history/sources/历史总包_2026-09-14/菠萝_RL与广义次正则研究资产_2026-09-14_v2_真实超边图/03_随机与Markov理论/05_新颖性及期刊门槛/Markov研究_全球新颖性压力测试与旧机制扣除.md	32772	47684c88ebee712a63ff6268c849f92c2ecf80a467a48990ac14fcba457a48b3	unreviewed
history/sources/历史总包_2026-09-14/菠萝_RL与广义次正则研究资产_2026-09-14_v2_真实超边图/03_随机与Markov理论/05_新颖性及期刊门槛/有限Markov分类_论文整合与期刊门槛重评.md	19773	4dca9d637e64dea431814d12b126f220e7ef4d70aeca536aad053a42a8e5701f	unreviewed
history/sources/历史总包_2026-09-14/菠萝_RL与广义次正则研究资产_2026-09-14_v2_真实超边图/03_随机与Markov理论/06_验证程序/验证_四状态反例精确证书.py	3703	c0b512fbccbe2e7d40e0721fb3c41521900d622605309a4f211b42f6392a2151	unreviewed
history/sources/历史总包_2026-09-14/菠萝_RL与广义次正则研究资产_2026-09-14_v2_真实超边图/03_随机与Markov理论/06_验证程序/验证_惰性四循环精确有理数.py	5512	280e57a432bae380d5737b6ead99063902b0448258cdda2d1ab3b7ba7ba65f4e	unreviewed
history/sources/历史总包_2026-09-14/菠萝_RL与广义次正则研究资产_2026-09-14_v2_真实超边图/03_随机与Markov理论/06_验证程序/验证_投影与可数紧致扩展.py	3672	edce45b071adba32b6616c8fe94da452c0b20b9c433f5bc7e66759001fd2a740	unreviewed
history/sources/历史总包_2026-09-14/菠萝_RL与广义次正则研究资产_2026-09-14_v2_真实超边图/03_随机与Markov理论/06_验证程序/验证_有限状态OT严格性.py	5052	413918ccd90961c7a332b2f5edd19dbb2b6078efda476e065465c18b7591a659	unreviewed
history/sources/历史总包_2026-09-14/菠萝_RL与广义次正则研究资产_2026-09-14_v2_真实超边图/03_随机与Markov理论/06_验证程序/验证_条件残差修复独立复核.py	6121	0885b8e0e10060e9c47bc24b7327c18d58c3a3a0eb7d9a627846a4d50e33fc02	unreviewed
history/sources/历史总包_2026-09-14/菠萝_RL与广义次正则研究资产_2026-09-14_v2_真实超边图/03_随机与Markov理论/06_验证程序/验证_随机近端相关性与常数.py	3182	87dbfa24f9191d5f11e3372a50e4bd014c9e1e1eac72ccfc23f63047abf097e0	unreviewed
history/sources/历史总包_2026-09-14/菠萝_RL与广义次正则研究资产_2026-09-14_v2_真实超边图/03_随机与Markov理论/06_验证程序/验证_非乘积近端与吸收障碍.py	1836	1b1ee7af6e7ae35f9c35c5fbc7409365957eefa20fe0d4cfe16df92494f9c55d	unreviewed
history/sources/历史总包_2026-09-14/菠萝_RL与广义次正则研究资产_2026-09-14_v2_真实超边图/03_随机与Markov理论/README_本目录说明.md	5472	4e7c63321a1e8b5b41a0e85c094d7b95abfc14b7cf69f0a9d7d1fe1984dbe81b	unreviewed
history/sources/历史总包_2026-09-14/菠萝_RL与广义次正则研究资产_2026-09-14_v2_真实超边图/04_公开问题与未来攻关/01_原始公开问题/正则性公开问题_用户原始材料.md	34533	3e0c9aca101d5165f7cd4f0e2db7824933a77e4a2aaf1ec5d61769c752d2471c	unreviewed
history/sources/历史总包_2026-09-14/菠萝_RL与广义次正则研究资产_2026-09-14_v2_真实超边图/04_公开问题与未来攻关/01_原始公开问题/结构化算子公开问题_用户原始材料.md	40685	646ab1a29819c8b6a96dff9508082e1e264632226241a1efe7c1366d555fad3b	unreviewed
history/sources/历史总包_2026-09-14/菠萝_RL与广义次正则研究资产_2026-09-14_v2_真实超边图/04_公开问题与未来攻关/02_筛选与红队结论/公开问题攻关_可复用定理与失败边界_2026-09-09.md	21549	58a3f2f1dc4fcdd93c1b5f7e633c6ebc6ed5274c26cf29ac7fc485929c8beb9e	unreviewed
history/sources/历史总包_2026-09-14/菠萝_RL与广义次正则研究资产_2026-09-14_v2_真实超边图/04_公开问题与未来攻关/02_筛选与红队结论/公开问题终局红队_历史筛选与停止条件.md	34017	91cd826a594c49873e0c97a78ebe22888a1eb44d487a8351e3db243a4f6b5360	unreviewed
history/sources/历史总包_2026-09-14/菠萝_RL与广义次正则研究资产_2026-09-14_v2_真实超边图/04_公开问题与未来攻关/03_旗舰问题任务书/Codex旗舰攻关_历史任务书与验收标准_2026-09-09.md	3543	ecaec4f83c8381a4bc448ee1946141eeba2d950bbd2af8cabf15f1f066a5435e	unreviewed
history/sources/历史总包_2026-09-14/菠萝_RL与广义次正则研究资产_2026-09-14_v2_真实超边图/04_公开问题与未来攻关/04_一个月研究计划/三主线人机协作_30天研究计划_2026-09-10.md	18817	30621d0196488d01a748d6bba89c5f62b031791c7f92b49308a514e0d548bda5	unreviewed
history/sources/历史总包_2026-09-14/菠萝_RL与广义次正则研究资产_2026-09-14_v2_真实超边图/04_公开问题与未来攻关/README_本目录说明.md	2749	75085483a92f0a020038de588fe712856602f7475aeb01dbda434e175bbadf08	unreviewed
history/sources/历史总包_2026-09-14/菠萝_RL与广义次正则研究资产_2026-09-14_v2_真实超边图/05_文献证据与来源快照/02_文献检索记录/广义次正则_2024至2026文献审计.md	18811	376316e389eaa1efe2e41008a9669b75c92c4fc9b2ec33978a1b4d2efe089884	unreviewed
history/sources/历史总包_2026-09-14/菠萝_RL与广义次正则研究资产_2026-09-14_v2_真实超边图/05_文献证据与来源快照/02_文献检索记录/广义次正则_2024至2026查询日志.json	16305	c167084e323955f8e6d302113533bdbb7145ccd8b464668b38c028c5793c7e22	unreviewed
history/sources/历史总包_2026-09-14/菠萝_RL与广义次正则研究资产_2026-09-14_v2_真实超边图/05_文献证据与来源快照/03_用户提供的原始材料/历史项目状态_不可作为当前验收.yaml	4509	159a12fa7659ddaba07346c57b7ffa568df0a25d8e3ddc343bf697de099b452d	unreviewed
history/sources/历史总包_2026-09-14/菠萝_RL与广义次正则研究资产_2026-09-14_v2_真实超边图/05_文献证据与来源快照/README_本目录说明.md	2462	49ed752a056539945c1448e4a166f3c39b65136956524ab9e1e46b0068bdb156	unreviewed
history/sources/历史总包_2026-09-14/菠萝_RL与广义次正则研究资产_2026-09-14_v2_真实超边图/06_关键失败与研究边界/README_本目录说明.md	649	6cf540aec808bdb6bf566641552216c56ab075a8f0ed74ae2ec76cd0f953ae4d	unreviewed
history/sources/历史总包_2026-09-14/菠萝_RL与广义次正则研究资产_2026-09-14_v2_真实超边图/06_关键失败与研究边界/不应再次重复的失败路线.md	3588	8b41e464e028ca617b1fecc19540b437360d9f68115dce5a0d29172c4b42e091	unreviewed
history/sources/历史总包_2026-09-14/菠萝_RL与广义次正则研究资产_2026-09-14_v2_真实超边图/06_关键失败与研究边界/尚未证明的候选命题.md	2962	ad3a2fc2add2f29ae7043f2bed6fbaad22d7d0b0ab89aa5db655e8261e78459b	unreviewed
history/sources/历史总包_2026-09-14/菠萝_RL与广义次正则研究资产_2026-09-14_v2_真实超边图/06_关键失败与研究边界/已证明的不可能性与障碍.md	3109	745ac8f31d3828e676848cb3ad32f5a78d36515970f146cdaedd0bb764cd7d7b	unreviewed
history/sources/历史总包_2026-09-14/菠萝_RL与广义次正则研究资产_2026-09-14_v2_真实超边图/06_关键失败与研究边界/被旧理论覆盖或支配的结果.md	2643	48fadae27a09841d4bdadbe6b0f0ab31882c40b71bf528026bb9207e2fd0c07c	unreviewed
history/sources/提纯总账_2026-09-21_v0.9/01_CURRENT_MAP.md	3185	d711feb369548644080ad9e31972b0ccf4546c3eedbefdea1510ebadc3e7a4c1	unreviewed
history/sources/提纯总账_2026-09-21_v0.9/02_VERIFIED_CORE.md	7423	a71a65b0392419fa1c9fc6ae2258668d82ac544b78de58d23f2e70c294bf6461	unreviewed
history/sources/提纯总账_2026-09-21_v0.9/03_NO_GO_LEDGER.md	6929	4a4e076f368fb406ace2f41067b0b43474e6a448bacba24689b14a67f6260707	unreviewed
history/sources/提纯总账_2026-09-21_v0.9/04_OPEN_GATES.md	2922	148ad8c67be9d3c7bf9dd99f6109133bcd0397a8bee853caa8a38070591bb02f	unreviewed
history/sources/提纯总账_2026-09-21_v0.9/05_INTERNAL_INDEX.md	8266	fae610aa65ddd68c6e42c06a32ffbf79e504ba4de108ae16b54604a26fc02ec3	unreviewed
history/sources/提纯总账_2026-09-21_v0.9/06_EXTERNAL_PRIOR_ART_INDEX.md	5794	a8a6cf718bbb21168fe39a4dcca86e3d599f2b98345c22c367a7b1b36414ad45	unreviewed
history/sources/提纯总账_2026-09-21_v0.9/07_NEXT_SYSTEM_BRIEF.md	2386	59dfd727ad4f683f25cee6bec290a47c1c82d4ff6140a8802c79494206577c10	unreviewed
history/sources/提纯总账_2026-09-21_v0.9/08_SOURCE_AND_CLAIM_POLICY.md	2122	49891b21906339fbdc5ea0f39c72bdfab04f26b6744303693d8fcd71d4343ba9	unreviewed
history/sources/提纯总账_2026-09-21_v0.9/CHANGELOG.md	923	86fbd3b8e6cd3512d3ecc88497fb400876efe01c62ac6a4be0883e9d19201671	unreviewed
history/sources/提纯总账_2026-09-21_v0.9/MANIFEST.sha256	863	bbea7bf35f8c7b08f9dce6fe108230f2981f68e131c3f3c1423b14e744c9394c	unreviewed
history/sources/提纯总账_2026-09-21_v0.9/README.md	3896	805ae8e89979908ae5cbf9278d37810720b5de599507a61f7ea78da8479fc1f4	unreviewed
history/sources/次单调论文研究/01-RL_PPA_T5_core_manuscript_2026-09-07.md	99264	8bc3d4906f9d28ca349aad1df068eb8d5f9272d65bb731346f0949f63b9975e9	unreviewed
history/sources/次单调论文研究/ATTACK_MULTIVALUED_RANDOM_RL_APPLICATION.md	24544	f6d361e1ff0990e5e34aae4cbdb6e6cb7be76528d1a6dd8b46829f8a1bf39a02	unreviewed
history/sources/次单调论文研究/ATTACK_PRODUCT_CONE_CRSC_MSCQ.md	21580	0e675fe1aae0b9a2838f25681ae2354461792d5dd3c32fbd77cf3ab726756c37	unreviewed
history/sources/次单调论文研究/Luke_Tam_2025_Talk_Final_Architecture.pdf	222529	5d88126d4578e1a23b5069e356a519d9d5202be8766c9d88ccbbaf8b6f1a6bba	unreviewed
history/sources/次单调论文研究/M2_Codex_clearance_and_PRO_brief (1).md	11030	02835946638d2d44db09f5b0e49395fdaa4a4192c37d16064fc9064f189195d5	unreviewed
history/sources/次单调论文研究/M3_Codex_clearance_and_PRO_brief_2026-09-08(1).md	8265	4b8b3becec915caba43f88cc9e40a606078258fbf6569a7636b18a24c7221bfe	unreviewed
history/sources/次单调论文研究/M3_Codex_clearance_and_PRO_brief_2026-09-08.md	13032	3aa62c470536b8052e0db9f07131b13c336227713ec161670ef97110e4d65f9b	unreviewed
history/sources/次单调论文研究/MARKOV_PAPER_THEOREM_PACKAGE.md	72292	473c2c70c7c332fc61b7baea29bb29ca101f87be38b158a5d8e9c7d8f77c6835	unreviewed
history/sources/次单调论文研究/RLEB_多值分支接缝_菠萝.pdf	250038	715f8083bc13176a5d7a3b06e4fac67f2001baaf7bd955066814bab943cc13e6	unreviewed
history/sources/次单调论文研究/RLEB_投稿扩展版_完整源码_2026-09-19.zip	463936	66597a9a1af42d4209842a688a249486f22ae5a4918e897551011d26999ff0d2	unreviewed
history/sources/次单调论文研究/RL_CONIC_CRSC_MSCQ_Boluo_v04_source.zip	49603	31f55c7c52d8c77fcebb61657210a9991e872e49b547b57da7065047093f2aa2	unreviewed
history/sources/次单调论文研究/RL_CONIC_CRSC_MSCQ_菠萝_v04.pdf	433772	273086ca09fbc68cbb0ee2eb59313994dc86b434281dcc8ff777618edc52b6c3	unreviewed
history/sources/次单调论文研究/RL_Flagship_Model_Report.docx	171855	cc3fd4299fc629d0656cfdf52698841b53878a1e2440118bcfef0f5eb779408e	unreviewed
history/sources/次单调论文研究/RL_PPA_HIGH_AMBITION_VERIFIED_PORTFOLIO_2026-09-09.md	14064	690e1628b262f434b83200c285f3c3e607b468fe726b5222c015f986d2e53b38	unreviewed
history/sources/次单调论文研究/RL_PPA_generalized_subregularity_Boluo.pdf	410632	b50577403b61d7b4fbb2f14b3ec160c98113598d075956755dacfce6b6666472	unreviewed
history/sources/次单调论文研究/RL_PPA_generalized_subregularity_Boluo_source.zip	59971	1f2323d2ad752e2217718e3a4b8d8a55eb04436514cae2d67d558a4468e5c9ff	unreviewed
history/sources/次单调论文研究/RL_PPA_partial_information_verification_report_2026-09-06.md	69494	18b22c74632a564130ec619b89d2ff08cf16aafb878711167f9c19a7d72f296f	unreviewed
history/sources/次单调论文研究/RL_RESEARCH_30_DAY_HUMAN_CODEX_PLAN_2026-09-10.md	18817	30621d0196488d01a748d6bba89c5f62b031791c7f92b49308a514e0d548bda5	unreviewed
history/sources/次单调论文研究/RL_Submonotonicity初稿.md	10379	4087cef5e959f75cbf7c7cd3e5348293370640ec8084d03ea18846355a58cc41	unreviewed
history/sources/次单调论文研究/RL_T4_CODEX_HANDOFF_2026-09-09.zip	383263	18ce69c6aded46b38b178d1bb70ea4ce0050bb0cbc0d4bde04f13521ec97047a	unreviewed
history/sources/次单调论文研究/RL_characterization_dossier.md	19844	af381dd488eaaecbf144cfe45f09801b3f4075f4c541f0c2f27cde9b31129c20	unreviewed
history/sources/次单调论文研究/RL_euclidean_Luke_style_cn.pdf	129386	6f93de579b54366cbce32aead07cb6e172de899ecb078ff45b926e630277b4e9	unreviewed
history/sources/次单调论文研究/RL_euclidean_one_theorem_cn.pdf	137282	e54efff6fa7ad751c6de01c91ecac93ce1c301863b41e8369e18a151d2d17a6e	unreviewed
history/sources/次单调论文研究/RL_foundations.md	48594	0adf8ca1593148bebce576e9659f3da50e61a77880c0b311cbcc35d0dcbb4ebd	unreviewed
history/sources/次单调论文研究/RL_foundations_freeze_2026-09-01/research/RL_foundations.md	48594	0adf8ca1593148bebce576e9659f3da50e61a77880c0b311cbcc35d0dcbb4ebd	unreviewed
history/sources/次单调论文研究/RL_foundations_freeze_2026-09-01/research/RL_foundations_freeze_manifest.md	4509	8742aba985e1f6a5c6eabaa7500ea7eb62d395f11eafd918719d7245a34f1ee1	unreviewed
history/sources/次单调论文研究/RL_foundations_freeze_2026-09-01/research/expert_tasks.yaml	12176	23bb3967baf3fe00bd3fb5246589569005f3ddd2585aaf3f5dd985812d15e53d	unreviewed
history/sources/次单调论文研究/RL_foundations_freeze_2026-09-01/research/project_state.yaml	2958	8e91383f83fb23bfc14e0eaa05d1bacdc28bbdb7214b90ba7d639ba54f3bac41	unreviewed
history/sources/次单调论文研究/RL_foundations_freeze_2026-09-01/research/rl_novelty_and_publication_assessment.md	10446	d754e382984b548d6b57406f9eda41fcff85640749f24e8a66dbe403bba38a61	unreviewed
history/sources/次单调论文研究/RL_foundations_freeze_2026-09-01/upload/01-RL_Submonotonicity-.md	10379	4087cef5e959f75cbf7c7cd3e5348293370640ec8084d03ea18846355a58cc41	unreviewed
history/sources/次单调论文研究/RL_foundations_freeze_2026-09-01/work/RL_foundations_draft.md	47368	e24b415afe82ba6a98bd5fd7740bc25f5026da151934cd66d7cfbd22e5924815	unreviewed
history/sources/次单调论文研究/RL_foundations_freeze_2026-09-01/work/rl_foundations_alignment_sharpness.md	25538	9775036dd9b0fc7c0c404fed58122f1d174dbe6e8a3a9e43e0b529fb020203b7	unreviewed
history/sources/次单调论文研究/RL_foundations_freeze_2026-09-01/work/rl_foundations_anchor_theorems.md	22023	f200ece8ebb8e5a3f18a105874fd702dcf68b75190459270a05bfc9fc1971573	unreviewed
history/sources/次单调论文研究/RL_foundations_freeze_2026-09-01/work/rl_foundations_definitions.md	33980	4465946d1b64946b023bb64cde5316fb7dfe39b746b7311cf5d752c460d81741	unreviewed
history/sources/次单调论文研究/RL_foundations_freeze_2026-09-01/work/rl_foundations_final_referee.md	18782	2e9e05d789d0a365768281a27332819f9a7daa01c3ce9605e61bcf8779525864	unreviewed
history/sources/次单调论文研究/RL_foundations_freeze_2026-09-01/work/rl_foundations_integration_report.md	18165	a65a86ae664cfac80009093fedad0086347021e814bc8008ae0eb30b31a27f09	unreviewed
history/sources/次单调论文研究/RL_foundations_freeze_2026-09-01/work/rl_foundations_locked_content_ledger.yaml	10013	d6b92ec251c5d71e9284b493363f03e7856429100d7c7de368ed0655ee41b016	unreviewed
history/sources/次单调论文研究/RL_foundations_freeze_2026-09-01/work/rl_foundations_polishing_report.md	8327	435bcddeb0a8d5ad63ffeaf658058acfb0c633d4d3284e5fc7bd76cf589f6be0	unreviewed
history/sources/次单调论文研究/RL_foundations_freeze_2026-09-01/work/rl_foundations_ppa_theorem.md	24274	ac4ecd1a8834a2e8d670dc990b178bd9c86ea6eb3ffce09d4849567fc9fb457b	unreviewed
history/sources/次单调论文研究/RL_foundations_freeze_2026-09-01/work/rl_foundations_presubmission_review.md	22018	1ba2142cf964928d2b09bde17e1e2827b6be1be327d00636e104ff600b449071	unreviewed
history/sources/次单调论文研究/RL_foundations_freeze_2026-09-01/work/rl_foundations_referee_constants.md	22425	53c0baf40e7602189dce8c02b226b0a015ea6b8ac6f22ffb6711909d1e4c4ef7	unreviewed
history/sources/次单调论文研究/RL_foundations_freeze_2026-09-01/work/rl_foundations_referee_quantifiers.md	15189	4fc6c087645fcebc52e84bfe3347d091bb74070174d8f0efc2dacc633b618ea9	unreviewed
history/sources/次单调论文研究/RL_foundations_freeze_2026-09-01/work/rl_foundations_referee_structure.md	27550	82a3f91e407a654d3599bc71063a95a18be16ccbf83e783a47a934680e094b59	unreviewed
history/sources/次单调论文研究/RL_foundations_freeze_2026-09-01/work/rl_foundations_structure_claim_safe_matrix.md	8133	ac2ed090bd4f7adad9b081a72ef7cc0c3ad278dc2b59597870bbf75332f4384e	unreviewed
history/sources/次单调论文研究/RL_foundations_freeze_2026-09-01/work/rl_foundations_structure_prior_art.md	31880	b7baa792e351a2b78a90ca3c73681cdd4bb4a4a7d8e3fe603dbc83b76d408ec4	unreviewed
history/sources/次单调论文研究/RL_monotonicity_regularity_research_checkpoint_2026-09-01.zip	505186	fbd73364456dba5d487ed86758a70e597c3e902201aa4ed68d6c2373fa2f1feb	unreviewed
history/sources/次单调论文研究/RL_nonisolated_holder_research_report(1).docx	24307	2b4f60a3de5fa48f0644f03a3a639bdfd028da76a0f67fa012229a8606619531	unreviewed
history/sources/次单调论文研究/RL_novelty_boundary_checkpoint_2026-09-01.zip	174392	64935d98b998a8674440878ceaf9ad703b42f4156c172bf00c90852844ce03a4	unreviewed
history/sources/次单调论文研究/RL_one_main_theorem_clean_cn.pdf	153149	96cb7722f207246af8704e09397c7d96f728d53ad4d8817fd056af99029eb0cf	unreviewed
history/sources/次单调论文研究/RL_project_handoff.md	12868	4e85fecdf149588b69382a3c6f1fa2d76205490848bc7ba3a67c5c06f52adb52	unreviewed
history/sources/次单调论文研究/RL_research_context_for_AI_v2阶段性交接.md	18319	47dda6a557eee9ddca8352e969d5de4249d93d87bdc3ecfb3873b7b99c94fd4e	unreviewed
history/sources/次单调论文研究/RL_research_讲解版本.pdf	254003	7dcb3068b0e8eb409669ccd088ae4aca3d66d50960a283bcbace5446857739a3	unreviewed
history/sources/次单调论文研究/RL_usability_research_report.docx	45856	df0206d1d22d4c1f969c9a6dafa40011bca5a2398a554b4693c5f1cf71698da4	unreviewed
history/sources/次单调论文研究/SO-07_source_open_problem_and_progress.md	28299	36ced9cb4e7f9fc55b28f3a80388eeb8ed5c37ce03215191ccbe099de89ed765	unreviewed
history/sources/次单调论文研究/STOCHASTIC_RL_THEORY_ATTACK.md	27706	94b4d0df4016189ad90bb0c6b301f23d097666da3d44db0074b22ddadc569f50	unreviewed
history/sources/次单调论文研究/Tangent_Normal_Scale_Theory_RL(1).docx	24091	932d79c8bd23717112361fa0e6d0874011bded868af49237612be7bd9d45a799	unreviewed
history/sources/次单调论文研究/luke_tam_改进_reorganized.tex	29017	25de6024f41dbf68e00234897ae7307adb58f10fa4d917c7c23c0366fe86abbd	unreviewed
history/sources/次单调论文研究/monotonicity_regularity_research_2026-09-01.zip	412070	b40d2aae4eef13ef2df2840df1b74333793e56de112addab7eca67dfc9bdd3ba	unreviewed
history/sources/次单调论文研究/theory_atlas.md	64520	aafd276ed95788bc80072fce9482c3ea03d1e6a7f1c5f2a0d2687cc1a0918b2b	unreviewed
history/sources/次单调论文研究/分类集研究/RLEB_LT_operator_space_research_asset_v1/RLEB_LT_operator_space_research_asset_v1/00_START_HERE/QUICK_HANDOFF.md	5069	7d4eaa017a6f0a0769fd34dc6d0891d5596a73243ce765595548bc4d9171e528	unreviewed
history/sources/次单调论文研究/分类集研究/RLEB_LT_operator_space_research_asset_v1/RLEB_LT_operator_space_research_asset_v1/00_START_HERE/READING_ROUTES.md	3803	ed466d01f7c4e85d8de2e864df92b069d5b1ef89a0f82353e57f4d0a4315579d	unreviewed
history/sources/次单调论文研究/分类集研究/RLEB_LT_operator_space_research_asset_v1/RLEB_LT_operator_space_research_asset_v1/01_CANONICAL_HANDOFF/README.md	759	86cdf3733a72e6fe92f1e046e528cedfbe694a4a5d8ed1ffe81b2bc8cfd9bd03	unreviewed
history/sources/次单调论文研究/分类集研究/RLEB_LT_operator_space_research_asset_v1/RLEB_LT_operator_space_research_asset_v1/01_CANONICAL_HANDOFF/mathematician_handoff/01_full_handoff_draft.md	48529	f0b1fb1fc63b6ef75a372c323c3c64a67375a8a68d25bf85c3bde7bc7edc81fe	unreviewed
history/sources/次单调论文研究/分类集研究/RLEB_LT_operator_space_research_asset_v1/RLEB_LT_operator_space_research_asset_v1/01_CANONICAL_HANDOFF/mathematician_handoff/02_ideal_problem_formulation.md	30031	b8dcb0f2ea4b0ba6dd922baca70ca868cd5e9a3a79a2974024ab5c8fbed735b2	unreviewed
history/sources/次单调论文研究/分类集研究/RLEB_LT_operator_space_research_asset_v1/RLEB_LT_operator_space_research_asset_v1/01_CANONICAL_HANDOFF/mathematician_handoff/03_obstruction_taxonomy.md	29652	4c8d5e6eaa7439a8bfcc74d50eb4aecb7b62ce861dee532bbfc7cb162f0b3cd0	unreviewed
history/sources/次单调论文研究/分类集研究/RLEB_LT_operator_space_research_asset_v1/RLEB_LT_operator_space_research_asset_v1/01_CANONICAL_HANDOFF/mathematician_handoff/04_research_ideas.md	29353	e7b9c8cbf217681e4264fb09206165d88013b4d01008d2a0db5122865848e88e	unreviewed
history/sources/次单调论文研究/分类集研究/RLEB_LT_operator_space_research_asset_v1/RLEB_LT_operator_space_research_asset_v1/01_CANONICAL_HANDOFF/mathematician_handoff/05_priorart_boundary.md	20546	b90aa9a5e16f959838f898ebc47c82f906b0df01ad2088a30cc0e268f7b3ab02	unreviewed
history/sources/次单调论文研究/分类集研究/RLEB_LT_operator_space_research_asset_v1/RLEB_LT_operator_space_research_asset_v1/01_CANONICAL_HANDOFF/mathematician_handoff/06_math_audit.md	16408	1b012971efcc55f3930c7b52ad08115ca75b3a03c00446f4d56da875c08c6be2	unreviewed
history/sources/次单调论文研究/分类集研究/RLEB_LT_operator_space_research_asset_v1/RLEB_LT_operator_space_research_asset_v1/01_CANONICAL_HANDOFF/mathematician_handoff/07_final_handoff.md	50031	f6f85eec0cfcc33af05f8f52b6c75c91ebcccda551b6f1a5935a50356eff2318	unreviewed
history/sources/次单调论文研究/分类集研究/RLEB_LT_operator_space_research_asset_v1/RLEB_LT_operator_space_research_asset_v1/01_CANONICAL_HANDOFF/mathematician_handoff/README.md	2012	ecfaeec64e81c8a46bd35d477522f7fb79e7b29555b4db4416f22b841e2bd9f4	unreviewed
history/sources/次单调论文研究/分类集研究/RLEB_LT_operator_space_research_asset_v1/RLEB_LT_operator_space_research_asset_v1/02_NEUTRAL_PPA_SYSTEM/README.md	641	88ab0026d7a19d00b53df2b1b17a65270ca4efb573445ceb449daaac4f3a29b4	unreviewed
history/sources/次单调论文研究/分类集研究/RLEB_LT_operator_space_research_asset_v1/RLEB_LT_operator_space_research_asset_v1/02_NEUTRAL_PPA_SYSTEM/ppa_system_team/01_ambient_axioms.md	34657	f0982eeed8be5ed3de85e066f5af26dceb49b62666667e57631a9d50d9155d94	unreviewed
history/sources/次单调论文研究/分类集研究/RLEB_LT_operator_space_research_asset_v1/RLEB_LT_operator_space_research_asset_v1/02_NEUTRAL_PPA_SYSTEM/ppa_system_team/02_convergence_topology.md	30350	cafca990730e1a99a92d2bca9fcc886552b558a32352dcb4344b930f7721d623	unreviewed
history/sources/次单调论文研究/分类集研究/RLEB_LT_operator_space_research_asset_v1/RLEB_LT_operator_space_research_asset_v1/02_NEUTRAL_PPA_SYSTEM/ppa_system_team/03_certificate_embeddings.md	38568	33cdcd8a5beac4d89eb6f2e5193dee5795ecffbf005d2cad5634614d5fefbc45	unreviewed
history/sources/次单调论文研究/分类集研究/RLEB_LT_operator_space_research_asset_v1/RLEB_LT_operator_space_research_asset_v1/02_NEUTRAL_PPA_SYSTEM/ppa_system_team/04_priorart.md	23685	3522af2a2822a718ed43b56510c4dd66ea991b92319f81a435eb81ce36e0f722	unreviewed
history/sources/次单调论文研究/分类集研究/RLEB_LT_operator_space_research_asset_v1/RLEB_LT_operator_space_research_asset_v1/02_NEUTRAL_PPA_SYSTEM/ppa_system_team/05_stress_test.md	27341	c50fb979b056fbe7b2714ff3a6aa7f87318c84b47aab8c84fb31f660678aadcd	unreviewed
history/sources/次单调论文研究/分类集研究/RLEB_LT_operator_space_research_asset_v1/RLEB_LT_operator_space_research_asset_v1/02_NEUTRAL_PPA_SYSTEM/ppa_system_team/06_resolvent_family.md	26985	b208eb02125812d5140ce7bf6500ac4911587586907fc79a058feee0f4aea6e7	unreviewed
history/sources/次单调论文研究/分类集研究/RLEB_LT_operator_space_research_asset_v1/RLEB_LT_operator_space_research_asset_v1/02_NEUTRAL_PPA_SYSTEM/ppa_system_team/07_embedding_math_audit.md	13174	64a267712cfd0478f1bbebd7e222d15980141ca5d41ff80546e407062f4d6984	unreviewed
history/sources/次单调论文研究/分类集研究/RLEB_LT_operator_space_research_asset_v1/RLEB_LT_operator_space_research_asset_v1/02_NEUTRAL_PPA_SYSTEM/ppa_system_team/08_architecture_audit.md	23453	c87eec9f0f4f8d6cdc4cef6d0369715c9fec5ac4c468a323cd0a3a5c50e5a908	unreviewed
history/sources/次单调论文研究/分类集研究/RLEB_LT_operator_space_research_asset_v1/RLEB_LT_operator_space_research_asset_v1/02_NEUTRAL_PPA_SYSTEM/ppa_system_team/09_value_audit.md	20049	f1c791bbb4a14c1bb12982e465feb4629922c3ebfb6e31317213362b3bb45ab5	unreviewed
history/sources/次单调论文研究/分类集研究/RLEB_LT_operator_space_research_asset_v1/RLEB_LT_operator_space_research_asset_v1/02_NEUTRAL_PPA_SYSTEM/ppa_system_team/10_final_blueprint.md	40636	dc8afc27bd008224235dcdb1d485a8bc51dfe23023092f34f2da04f772a71da7	unreviewed
history/sources/次单调论文研究/分类集研究/RLEB_LT_operator_space_research_asset_v1/RLEB_LT_operator_space_research_asset_v1/03_CLASSIFICATION_STAGE/README.md	691	423935f2bce077bcc32982a9adbc296ca58878066d82592034e28695e1ec726d	unreviewed
history/sources/次单调论文研究/分类集研究/RLEB_LT_operator_space_research_asset_v1/RLEB_LT_operator_space_research_asset_v1/03_CLASSIFICATION_STAGE/ppa_classification_team/01_frozen_denominator.md	26965	cc04ff416b36b034c58e76e970c2aaaedb953fa4d3ba6da112556ca82e3a0e2e	unreviewed
history/sources/次单调论文研究/分类集研究/RLEB_LT_operator_space_research_asset_v1/RLEB_LT_operator_space_research_asset_v1/03_CLASSIFICATION_STAGE/ppa_classification_team/02_structural_deformation.md	18031	c449caf84db373c682c5e14dbf434a27a89951d5d79c7c5fb1b84e60cf677f8f	unreviewed
history/sources/次单调论文研究/分类集研究/RLEB_LT_operator_space_research_asset_v1/RLEB_LT_operator_space_research_asset_v1/03_CLASSIFICATION_STAGE/ppa_classification_team/03_object_category.md	21255	c709c6aa84e66a820cc318b6a14ec63db724b335c917fe789027007a7eae5780	unreviewed
history/sources/次单调论文研究/分类集研究/RLEB_LT_operator_space_research_asset_v1/RLEB_LT_operator_space_research_asset_v1/03_CLASSIFICATION_STAGE/ppa_classification_team/04_step_spectrum.md	33302	d21333c9727de3c51194f2977f95c76c4f02e7d213aa9a8209f7c62c632f3503	unreviewed
history/sources/次单调论文研究/分类集研究/RLEB_LT_operator_space_research_asset_v1/RLEB_LT_operator_space_research_asset_v1/03_CLASSIFICATION_STAGE/ppa_classification_team/05_obstruction_audit.md	25413	9260ae5bd39acbbeb36c46594fea57f6a46fed36a779270cd4f3a37485410c93	unreviewed
history/sources/次单调论文研究/分类集研究/RLEB_LT_operator_space_research_asset_v1/RLEB_LT_operator_space_research_asset_v1/03_CLASSIFICATION_STAGE/ppa_classification_team/06_priorart_tools.md	17197	575b5d616b54a5e7bfc01984b5e9c8c1c6e3143bb2c3688b94335eaa5f4ed0ba	unreviewed
history/sources/次单调论文研究/分类集研究/RLEB_LT_operator_space_research_asset_v1/RLEB_LT_operator_space_research_asset_v1/03_CLASSIFICATION_STAGE/ppa_classification_team/07_stage_synthesis.md	14130	ba894d3dee5fabcdc29a312cf01f5383d53d7dbdda9028c511f185c8d164f906	unreviewed
history/sources/次单调论文研究/分类集研究/RLEB_LT_operator_space_research_asset_v1/RLEB_LT_operator_space_research_asset_v1/04_AUDITS_AND_PRIOR_ART/ASSET_SCOPE_AUDIT.md	18599	21a9d759caa5ba57eb8fce41d443488c8d3a0f48c8a853518b2e5f14dd328720	unreviewed
history/sources/次单调论文研究/分类集研究/RLEB_LT_operator_space_research_asset_v1/RLEB_LT_operator_space_research_asset_v1/04_AUDITS_AND_PRIOR_ART/CLAIM_BOUNDARY_REGISTER.md	2279	be65bd6b61b75c0b1d12b450a6add8b1cc82f8572348cad63c2102af2272d4fa	unreviewed
history/sources/次单调论文研究/分类集研究/RLEB_LT_operator_space_research_asset_v1/RLEB_LT_operator_space_research_asset_v1/04_AUDITS_AND_PRIOR_ART/PRIOR_ART_MAP.md	5709	91272d0212af907ffe5acb41e4c756bf99112d326c7d93a2e40aa81f8c6c9e77	unreviewed
history/sources/次单调论文研究/分类集研究/RLEB_LT_operator_space_research_asset_v1/RLEB_LT_operator_space_research_asset_v1/04_AUDITS_AND_PRIOR_ART/README.md	2736	888b27156e9f639be9b395dd7c99129b67e9375b5eeb4b82e0fe7c8b72afa624	unreviewed
history/sources/次单调论文研究/分类集研究/RLEB_LT_operator_space_research_asset_v1/RLEB_LT_operator_space_research_asset_v1/05_EARLIER_EXPLORATIONS/README.md	1195	fcfe16d2d526bdede59486d70b2a8aeabed18bac7af6198bfeff3a1b37a3f0f8	unreviewed
history/sources/次单调论文研究/分类集研究/RLEB_LT_operator_space_research_asset_v1/RLEB_LT_operator_space_research_asset_v1/05_EARLIER_EXPLORATIONS/comparison_space_team/01_exact_translation.md	24467	d04c1e247028e9753e5ae5dbadfbec97bc49d5b33a0ebd7fedba8c3607842199	unreviewed
history/sources/次单调论文研究/分类集研究/RLEB_LT_operator_space_research_asset_v1/RLEB_LT_operator_space_research_asset_v1/05_EARLIER_EXPLORATIONS/comparison_space_team/02_monotone_category_literature.md	19020	3ce415de625ff6f54b6644333414eab678db7a66ad5c14b76b308b9588514e10	unreviewed
history/sources/次单调论文研究/分类集研究/RLEB_LT_operator_space_research_asset_v1/RLEB_LT_operator_space_research_asset_v1/05_EARLIER_EXPLORATIONS/comparison_space_team/03_holder_lipschitz_category.md	22210	c25ce4813d5736614017488f81fbba301899626c8a50193bd00c20415520e853	unreviewed
history/sources/次单调论文研究/分类集研究/RLEB_LT_operator_space_research_asset_v1/RLEB_LT_operator_space_research_asset_v1/05_EARLIER_EXPLORATIONS/comparison_space_team/04_comparison_space_architecture.md	35301	30bcca15af33d136410480bad100be70cc601d71320a5724ce17382fa5b8f7c4	unreviewed
history/sources/次单调论文研究/分类集研究/RLEB_LT_operator_space_research_asset_v1/RLEB_LT_operator_space_research_asset_v1/05_EARLIER_EXPLORATIONS/comparison_space_team/05_meagreness_feasibility.md	28976	7af6cca2fd7386c63855ce55be3b1f6d027455ec5e3633a681f76d57fa4cd403	unreviewed
history/sources/次单调论文研究/分类集研究/RLEB_LT_operator_space_research_asset_v1/RLEB_LT_operator_space_research_asset_v1/05_EARLIER_EXPLORATIONS/comparison_space_team/06_math_audit.md	23154	0928b8fbf62d7bdb03a513e3275ab6da954cc7297cbff8a4a15ab5f2b18e306f	unreviewed
history/sources/次单调论文研究/分类集研究/RLEB_LT_operator_space_research_asset_v1/RLEB_LT_operator_space_research_asset_v1/05_EARLIER_EXPLORATIONS/comparison_space_team/07_priorart_value_audit.md	21590	f9c3b723a3d38b78fb01ac38dea8f1b18d196d311937f1621556cde7f7c9f16b	unreviewed
history/sources/次单调论文研究/分类集研究/RLEB_LT_operator_space_research_asset_v1/RLEB_LT_operator_space_research_asset_v1/05_EARLIER_EXPLORATIONS/comparison_space_team/08_naturalness_audit.md	17891	16ab74132f82061ad0dc4eca2a1748e8ec0a0b57d5bb46867b8f2c4784efc04e	unreviewed
history/sources/次单调论文研究/分类集研究/RLEB_LT_operator_space_research_asset_v1/RLEB_LT_operator_space_research_asset_v1/05_EARLIER_EXPLORATIONS/comparison_space_team/09_final_synthesis.md	29130	c869432fd78e5d3d2ab5e4956952dce8ebd9d78992412dd3f465f902844e00f3	unreviewed
history/sources/次单调论文研究/分类集研究/RLEB_LT_operator_space_research_asset_v1/RLEB_LT_operator_space_research_asset_v1/05_EARLIER_EXPLORATIONS/genericity_team/01_operator_space.md	19236	bce3be433cd2fdb04c96b03e5405b07e7cb55b2a6f443606c0645af561e95ee7	unreviewed
history/sources/次单调论文研究/分类集研究/RLEB_LT_operator_space_research_asset_v1/RLEB_LT_operator_space_research_asset_v1/05_EARLIER_EXPLORATIONS/genericity_team/02_baire_literature.md	11946	1bbd6787f44eb65723efd67bf2062928b854de4c961b57e9066b53b6cb8f6b04	unreviewed
history/sources/次单调论文研究/分类集研究/RLEB_LT_operator_space_research_asset_v1/RLEB_LT_operator_space_research_asset_v1/05_EARLIER_EXPLORATIONS/genericity_team/03_prevalence_measure.md	19255	51f139fa4a8130406ceb3a1e3b099ff50734b703424b9b5f62bac55f09e74182	unreviewed
history/sources/次单调论文研究/分类集研究/RLEB_LT_operator_space_research_asset_v1/RLEB_LT_operator_space_research_asset_v1/05_EARLIER_EXPLORATIONS/genericity_team/04_semialgebraic_families.md	16208	20fd63e23b72183572313b68c3cb2e0fe080901a7253f5fe6c97aa3c860f7a56	unreviewed
history/sources/次单调论文研究/分类集研究/RLEB_LT_operator_space_research_asset_v1/RLEB_LT_operator_space_research_asset_v1/05_EARLIER_EXPLORATIONS/genericity_team/05_rleb_robustness.md	16404	77f6c96b0cf45ed1a81d5e8112000da2803007f67de91f99d21e8b947eaa2d50	unreviewed
history/sources/次单调论文研究/分类集研究/RLEB_LT_operator_space_research_asset_v1/RLEB_LT_operator_space_research_asset_v1/05_EARLIER_EXPLORATIONS/genericity_team/06_math_stress.md	17424	e42a08eed296cc160449c1180689922f7a2f0d28f7626e0a4d3786e6d69e6412	unreviewed
history/sources/次单调论文研究/分类集研究/RLEB_LT_operator_space_research_asset_v1/RLEB_LT_operator_space_research_asset_v1/05_EARLIER_EXPLORATIONS/genericity_team/07_value_priorart.md	19881	c5b51b8639efe636c980fcfff19c11d4d077e576e5a9645eb9a1f92bfd9fdbcc	unreviewed
history/sources/次单调论文研究/分类集研究/RLEB_LT_operator_space_research_asset_v1/RLEB_LT_operator_space_research_asset_v1/05_EARLIER_EXPLORATIONS/genericity_team/08_final_synthesis.md	28766	5d2feb5f4634490e0e38c2d6621382f7b0ad7971e261e49cdc2684dadca2b972	unreviewed
history/sources/次单调论文研究/分类集研究/RLEB_LT_operator_space_research_asset_v1/RLEB_LT_operator_space_research_asset_v1/05_EARLIER_EXPLORATIONS/initial_value_stability_team/01_terminology_map.md	13822	895e745db4286a19ce6957f439fe7a02599d301d5a055eddc2a4dbc98ea09193	unreviewed
history/sources/次单调论文研究/分类集研究/RLEB_LT_operator_space_research_asset_v1/RLEB_LT_operator_space_research_asset_v1/05_EARLIER_EXPLORATIONS/initial_value_stability_team/02_fixedpoint_retraction.md	14733	aa79bcfe37c6285bb98e7b25c9460c72086c02146abc5af08558255fdd970238	unreviewed
history/sources/次单调论文研究/分类集研究/RLEB_LT_operator_space_research_asset_v1/RLEB_LT_operator_space_research_asset_v1/05_EARLIER_EXPLORATIONS/initial_value_stability_team/03_hypomonotone_proxregular.md	20267	9fd461dced6343ccdb441d6ee4f618a5c96b40fdc2e0b9f09da0130a4d034142	unreviewed
history/sources/次单调论文研究/分类集研究/RLEB_LT_operator_space_research_asset_v1/RLEB_LT_operator_space_research_asset_v1/05_EARLIER_EXPLORATIONS/initial_value_stability_team/04_asymptotic_phase.md	12442	6ab250ae061f5dd4e001db841088c1d24afe4d546fbd3b97387a35d57a1e889d	unreviewed
history/sources/次单调论文研究/分类集研究/RLEB_LT_operator_space_research_asset_v1/RLEB_LT_operator_space_research_asset_v1/05_EARLIER_EXPLORATIONS/initial_value_stability_team/05_partial_smoothness.md	16476	496ee41d1fa38845c26a0522c8cee64dd33d3af23530cfc49a7cc9086f5bacf4	unreviewed
history/sources/次单调论文研究/分类集研究/RLEB_LT_operator_space_research_asset_v1/RLEB_LT_operator_space_research_asset_v1/05_EARLIER_EXPLORATIONS/initial_value_stability_team/06_synthesis.md	25779	837e01e2a6178983bebbeb14d7d0039cdad9f5e41b84f20ee3c75efa9fcd5fbf	unreviewed
history/sources/次单调论文研究/分类集研究/RLEB_LT_operator_space_research_asset_v1/RLEB_LT_operator_space_research_asset_v1/05_EARLIER_EXPLORATIONS/initial_value_stability_team/07_synthesis_stress.md	15333	ce5b6bade6085d3c48ee13a55e0196d4bb19747a6893f0df7a31c743e83d9b9c	unreviewed
history/sources/次单调论文研究/分类集研究/RLEB_LT_operator_space_research_asset_v1/RLEB_LT_operator_space_research_asset_v1/05_EARLIER_EXPLORATIONS/initial_value_stability_team/08_synthesis_closure.md	1310	26f83a079164868badc685de5dad2381f04646acac050ee479e604796fcabc86	unreviewed
history/sources/次单调论文研究/分类集研究/RLEB_LT_operator_space_research_asset_v1/RLEB_LT_operator_space_research_asset_v1/06_RELATED_MANUSCRIPT_ASSETS/README.md	2681	7309520e3a4bd7f908e9e5e466fa7d9edee701adcf15876343bf51977c3a79b5	unreviewed
history/sources/次单调论文研究/分类集研究/RLEB_LT_operator_space_research_asset_v1/RLEB_LT_operator_space_research_asset_v1/06_RELATED_MANUSCRIPT_ASSETS/solution_selection_final_audit.md	51789	eb546c4601cdcb6fe738d85d19ddc3db3a5e0ac9801ff63d8abbb876f3f4e2e0	unreviewed
history/sources/次单调论文研究/分类集研究/RLEB_LT_operator_space_research_asset_v1/RLEB_LT_operator_space_research_asset_v1/06_RELATED_MANUSCRIPT_ASSETS/solution_selection_revised_v1_delivery.zip	556883	cae4a31c80b5c29c21af3444a66e6a4de007cfac24db21ffd5a5f261fbb037f6	unreviewed
history/sources/次单调论文研究/分类集研究/RLEB_LT_operator_space_research_asset_v1/RLEB_LT_operator_space_research_asset_v1/06_RELATED_MANUSCRIPT_ASSETS/source_inputs/RLEB_PPA_submission_assets_2026-09-18.zip	391824	a377f9dd6a66f9281b1b98089c311b81923e908e541093768bfa9e9d1fe03871	unreviewed
history/sources/次单调论文研究/分类集研究/RLEB_LT_operator_space_research_asset_v1/RLEB_LT_operator_space_research_asset_v1/CHANGELOG.md	1256	14625d908bc66cc8a3bb5669e39e151c57062291a2e4d87263886121b5c7c9f3	unreviewed
history/sources/次单调论文研究/分类集研究/RLEB_LT_operator_space_research_asset_v1/RLEB_LT_operator_space_research_asset_v1/FILE_INDEX.md	13457	7b942ba812f58c2f168ab2085a0eb9ce2f426008a91926c420d8c9a2926cd2cf	unreviewed
history/sources/次单调论文研究/分类集研究/RLEB_LT_operator_space_research_asset_v1/RLEB_LT_operator_space_research_asset_v1/FILE_REGISTER.json	29167	7993a4cf51f56eebb50d0283f57e612ff44f2805de87a044cbeb6bc065067a33	unreviewed
history/sources/次单调论文研究/分类集研究/RLEB_LT_operator_space_research_asset_v1/RLEB_LT_operator_space_research_asset_v1/MANIFEST.sha256	9114	ac7796fe58301e3c1eb94b816ec7812c737642977bc26591b03875c4dce78f37	unreviewed
history/sources/次单调论文研究/分类集研究/RLEB_LT_operator_space_research_asset_v1/RLEB_LT_operator_space_research_asset_v1/OPEN_PROBLEM.md	4825	dce883e7e1e6f3ebeee68f92f233c3c533afd60e006428131bb1b30a02438d8a	unreviewed
history/sources/次单调论文研究/分类集研究/RLEB_LT_operator_space_research_asset_v1/RLEB_LT_operator_space_research_asset_v1/PROVENANCE.md	23655	520effc9fc69cb3c14397bbae49153e1e8bb00748bf163c7575b3279b7a56ce5	unreviewed
history/sources/次单调论文研究/分类集研究/RLEB_LT_operator_space_research_asset_v1/RLEB_LT_operator_space_research_asset_v1/README.md	6690	e61c7bb9a625b2a2622eb1ab8dc589b62939c2785cdf0747f08fa22c35dff4f0	unreviewed
history/sources/次单调论文研究/分类集研究/RLEB_LT_operator_space_research_asset_v1/RLEB_LT_operator_space_research_asset_v1/STATUS.md	5552	f96f01990e94dd9d8f1a0c949507e4462c8bb8fe73df7b76960ff8d0e8cbe89c	unreviewed
history/sources/次单调论文研究/分类集研究/RLEB_research_asset_distilled_2026-09-21_v0.9.zip	26522	400fb93a27b6b06db50793641fbc2f69c9089903ee6f4b6939bec8b3cf9270a5	unreviewed
history/sources/次单调论文研究/基本定义和背景.txt	34312	45432bf76b45d28c0f130d21a85f02ec217f246bbf7e06e6f9fa394ef150e716	unreviewed
history/sources/次单调论文研究/最新成果/2026_09_25_siopt_combined_candidate.pdf	483003	f515dad127cfeef38a85b7fa39aae31fe7cb644b73fead0b00878cfb26908453	unreviewed
history/sources/次单调论文研究/最新成果/Holder_RL_Formal_Manuscript.pdf	460907	abecd2595a9731ed17c963ed7d1b7c442cbcc027a6237d4d9bb7c347f5927c8b	unreviewed
history/sources/次单调论文研究/最新成果/Holder_RL_Formal_Manuscript.tex	71218	1c7c870d1468a565792aa44b98c95b60031fd7e586c46d1f175f824dd2e92deb	unreviewed
history/sources/次单调论文研究/最新成果/Holder_RL_Pedagogical_Companion_CN.pdf	676435	eee6d7ac4f9a0bac0493b90cdd776283d8ec7cefe72a3a1b59061817d01388d6	unreviewed
history/sources/次单调论文研究/正式后的研究/Codex_independent_audit.md	4258	33414e95e98cd446221b3daeb9684d2592408cdfacef0ac5f520c4d431065705	unreviewed
history/sources/次单调论文研究/正式后的研究/RLEB_solution_selection_2026-09-18.zip	19782	54350c47dd90e352afdb08123fd689a3737ef3441806f2a7a930c12eb9eaf1f4	unreviewed
history/sources/次单调论文研究/正式后的研究/research_note.md	23267	42cd0a2a7bbf91e105f37f450b239d1b839fa67159a079f5b880acf2710934b7	unreviewed
