source_member	bytes	sha256	byte_identical_expanded_sources	semantic_disposition
history/sources/次单调论文研究/RLEB_投稿扩展版_完整源码_2026-09-19.zip!/RLEB_投稿扩展版_2026-09-19/README_编译与内容说明.md	2970	2159d526ad0cc1df7fbad0fbfc5931ce2b0a556a59e4986fb39c0220728b3222		unreviewed
history/sources/次单调论文研究/RLEB_投稿扩展版_完整源码_2026-09-19.zip!/RLEB_投稿扩展版_2026-09-19/main.bbl	2935	dcd1b7c41cd0e7471d301f96380929a764292f34bce0f2e942d611d1992f3952		unreviewed
history/sources/次单调论文研究/RLEB_投稿扩展版_完整源码_2026-09-19.zip!/RLEB_投稿扩展版_2026-09-19/figures/author_u841d_pdf15.pdf	2905	713f3aab7a6713b78ef1f287312de246428a2fef0f0441aba3aeba622bcf564b		unreviewed
history/sources/次单调论文研究/RLEB_投稿扩展版_完整源码_2026-09-19.zip!/RLEB_投稿扩展版_2026-09-19/figures/author_u83e0_pdf15.pdf	3530	ea1424526fb7a65ca929c7b99b9c7c045ac5fe6c4833e82fc30d41d2d5b56e93		unreviewed
history/sources/次单调论文研究/RLEB_投稿扩展版_完整源码_2026-09-19.zip!/RLEB_投稿扩展版_2026-09-19/投稿前审计与剩余问题.md	2616	5aecce3727ef9a54695571d64771b1d0d5791c12e878f0a98594ce34d3a68f54		unreviewed
history/sources/次单调论文研究/RLEB_投稿扩展版_完整源码_2026-09-19.zip!/RLEB_投稿扩展版_2026-09-19/locked_content_ledger.yaml	2611	948013ea717504b86a367ed3e0ca1fd4249c5bc6244b4faf60ca8147c22efb17		unreviewed
history/sources/次单调论文研究/RLEB_投稿扩展版_完整源码_2026-09-19.zip!/RLEB_投稿扩展版_2026-09-19/RLEB_投稿扩展版_菠萝.pdf	413799	c7e3b130b1a5e9e6a88a584a2fe5ae1e5ef94cd156499db12ddd1da27abb8330		unreviewed
history/sources/次单调论文研究/RLEB_投稿扩展版_完整源码_2026-09-19.zip!/RLEB_投稿扩展版_2026-09-19/references.bib	11831	7b95d6d95689c13debe66e57f4155422937179febaef5deddef84c0ff510efbe		unreviewed
history/sources/次单调论文研究/RLEB_投稿扩展版_完整源码_2026-09-19.zip!/RLEB_投稿扩展版_2026-09-19/manuscript_state.json	13409	a027ed914f060cce51317c16a2748f6e09641abb82d3b2da783c6a0e3809a2b2		unreviewed
history/sources/次单调论文研究/RLEB_投稿扩展版_完整源码_2026-09-19.zip!/RLEB_投稿扩展版_2026-09-19/sections/conclusion.tex	3771	3064482ee76b17e2e336a908e792e71e3b5b849c6f9294fe61615b8325d7e817		unreviewed
history/sources/次单调论文研究/RLEB_投稿扩展版_完整源码_2026-09-19.zip!/RLEB_投稿扩展版_2026-09-19/sections/frontmatter.tex	10821	44ac19277792d46df780c8ad64e3403d74608be99ce5afbd66c51d6997038b78		unreviewed
history/sources/次单调论文研究/RLEB_投稿扩展版_完整源码_2026-09-19.zip!/RLEB_投稿扩展版_2026-09-19/sections/native_schur_verifier.tex	3395	ff060d0f1000cca7686f59cdee22dda1685b9b984338f960fea8ead21832912c		unreviewed
history/sources/次单调论文研究/RLEB_投稿扩展版_完整源码_2026-09-19.zip!/RLEB_投稿扩展版_2026-09-19/sections/verification_example.tex	9775	6e243b5844c23fa14277dc3eb9f03ad8231d7fa2312072c45690124656ce5b08		unreviewed
history/sources/次单调论文研究/RLEB_投稿扩展版_完整源码_2026-09-19.zip!/RLEB_投稿扩展版_2026-09-19/sections/extensions_moduli_structure.tex	19900	dfacf9d8705c35b025ed55a6b22a3db12c4495a989a56b1cb8c003dcbea20dfb		unreviewed
history/sources/次单调论文研究/RLEB_投稿扩展版_完整源码_2026-09-19.zip!/RLEB_投稿扩展版_2026-09-19/sections/appendix_signed_schur.tex	17156	9927b4006234fa5f435d831a8583c426311906ba8288a60894516f97cea829d2		unreviewed
history/sources/次单调论文研究/RLEB_投稿扩展版_完整源码_2026-09-19.zip!/RLEB_投稿扩展版_2026-09-19/sections/theorem_spine.tex	16939	75b374b08d64114b9b7a6d153e7258df89490db067ec79e9590c599a1c08677c		unreviewed
history/sources/次单调论文研究/RLEB_投稿扩展版_完整源码_2026-09-19.zip!/RLEB_投稿扩展版_2026-09-19/sections/related_work.tex	10596	92897af2a8c6c7822f0230c9688dafdbab5e5715a7739ba968965ea4357e6a8b		unreviewed
history/sources/次单调论文研究/RLEB_投稿扩展版_完整源码_2026-09-19.zip!/RLEB_投稿扩展版_2026-09-19/main.tex	1177	187b38a3053b2f16faf82e17e8fb2299f81021fd36eb657fd7e213ff25c65f3f		unreviewed
history/sources/次单调论文研究/RL_CONIC_CRSC_MSCQ_Boluo_v04_source.zip!/main.tex	60352	4da7f81e1907a866f656eb2ab4da98e1efc2f156c5370c89016f2cba3c7a9af3	history/sources/历史总包_2026-09-14/菠萝_RL与广义次正则研究资产_2026-09-14_v2_真实超边图/02_锥优化_CRSC_MSCQ/02_可编译源文件/main.tex	unreviewed
history/sources/次单调论文研究/RL_CONIC_CRSC_MSCQ_Boluo_v04_source.zip!/references.bib	5050	14cf0474d90a34fa9c3aa4b89bf409446aca78975d31925823861fd1d4533ef5	history/sources/历史总包_2026-09-14/菠萝_RL与广义次正则研究资产_2026-09-14_v2_真实超边图/02_锥优化_CRSC_MSCQ/02_可编译源文件/references.bib	unreviewed
history/sources/次单调论文研究/RL_CONIC_CRSC_MSCQ_Boluo_v04_source.zip!/main.bbl	5112	75cc4d3dd2cbc30c58722f5929c16e4edaf19c47773162ea533ff4e3d6a9ca18	history/sources/历史总包_2026-09-14/菠萝_RL与广义次正则研究资产_2026-09-14_v2_真实超边图/02_锥优化_CRSC_MSCQ/02_可编译源文件/main.bbl	unreviewed
history/sources/次单调论文研究/RL_CONIC_CRSC_MSCQ_Boluo_v04_source.zip!/build.sh	1130	757c605db6fe0d74ae6b9bf5ac02fda2bd48bc173f3d0fa114d6c9b36b41bc4d	history/sources/历史总包_2026-09-14/菠萝_RL与广义次正则研究资产_2026-09-14_v2_真实超边图/02_锥优化_CRSC_MSCQ/02_可编译源文件/build.sh	unreviewed
history/sources/次单调论文研究/RL_CONIC_CRSC_MSCQ_Boluo_v04_source.zip!/README.md	3593	14b4fc8132f99e8b47136dff8a4ffe622a23359d31b5c25427f399c76284b720	history/sources/历史总包_2026-09-14/菠萝_RL与广义次正则研究资产_2026-09-14_v2_真实超边图/02_锥优化_CRSC_MSCQ/02_可编译源文件/原始构建与数学范围说明.md	unreviewed
history/sources/次单调论文研究/RL_CONIC_CRSC_MSCQ_Boluo_v04_source.zip!/DRAFT_LEDGER.md	16589	bc8099c34a9402685c9b7decdc08c0089a96720b31117d4769617d36f6820777	history/sources/历史总包_2026-09-14/菠萝_RL与广义次正则研究资产_2026-09-14_v2_真实超边图/02_锥优化_CRSC_MSCQ/02_可编译源文件/论文证据范围与未闭合门槛台账.md	unreviewed
history/sources/次单调论文研究/RL_CONIC_CRSC_MSCQ_Boluo_v04_source.zip!/BUILD_REPORT.md	23117	2b468477e4199db8beb39c22b4e2f2ec9fee95ccf75ff951bbae2b7d1bd943ad	history/sources/历史总包_2026-09-14/菠萝_RL与广义次正则研究资产_2026-09-14_v2_真实超边图/02_锥优化_CRSC_MSCQ/02_可编译源文件/构建报告与版本核对_v04.md	unreviewed
history/sources/次单调论文研究/RL_CONIC_CRSC_MSCQ_Boluo_v04_source.zip!/expert-result.yaml	6934	d2e105e4238757fc73de4e8bd3241c7962eb439db768cd9eba2363d879d4badd		unreviewed
history/sources/次单调论文研究/RL_CONIC_CRSC_MSCQ_Boluo_v04_source.zip!/author-cjk.ttf	1300	d6aef8f34ecff3ad54d910d5c324187cb20c629417291aa3a232ae7fc4c66ab5	history/sources/历史总包_2026-09-14/菠萝_RL与广义次正则研究资产_2026-09-14_v2_真实超边图/02_锥优化_CRSC_MSCQ/02_可编译源文件/author-cjk.ttf	unreviewed
history/sources/次单调论文研究/RL_CONIC_CRSC_MSCQ_Boluo_v04_source.zip!/author-cjk.enc	2335	61ea965bb94ec304c76eda1e1528320f62914f31cf9db1ec0ae096b16cf95e04	history/sources/历史总包_2026-09-14/菠萝_RL与广义次正则研究资产_2026-09-14_v2_真实超边图/02_锥优化_CRSC_MSCQ/02_可编译源文件/author-cjk.enc	unreviewed
history/sources/次单调论文研究/RL_CONIC_CRSC_MSCQ_Boluo_v04_source.zip!/author-cjk.tfm	236	37b9b5e90901b5801752f43349a2a8c7e89ce0999e7756ccdd265cce30c88752	history/sources/历史总包_2026-09-14/菠萝_RL与广义次正则研究资产_2026-09-14_v2_真实超边图/02_锥优化_CRSC_MSCQ/02_可编译源文件/author-cjk.tfm	unreviewed
history/sources/次单调论文研究/RL_CONIC_CRSC_MSCQ_Boluo_v04_source.zip!/build_author_font.py	1483	370dd0420fbf6927f5657b982926e613024bf3fe18916fb2f637e33e7a2579e0	history/sources/历史总包_2026-09-14/菠萝_RL与广义次正则研究资产_2026-09-14_v2_真实超边图/02_锥优化_CRSC_MSCQ/02_可编译源文件/build_author_font.py	unreviewed
history/sources/次单调论文研究/RL_CONIC_CRSC_MSCQ_Boluo_v04_source.zip!/FONT_SOURCE.md	1438	f1c8a973c94191fe80fd0c043fa97d09495cc7b0a0f8ea431673dc9492743c8d	history/sources/历史总包_2026-09-14/菠萝_RL与广义次正则研究资产_2026-09-14_v2_真实超边图/02_锥优化_CRSC_MSCQ/02_可编译源文件/中文作者字体来源与再生成说明.md	unreviewed
history/sources/次单调论文研究/RL_PPA_generalized_subregularity_Boluo_source.zip!/RL_PPA_generalized_subregularity_Boluo.tex	105066	8d0565a57c6580f9ddf7264560bde5a07215af1238033efdc11bb5fe71db56e8	history/sources/历史总包_2026-09-14/菠萝_RL与广义次正则研究资产_2026-09-14_v2_真实超边图/01_RL_PPA核心理论/01_论文主稿/RL与广义次正则_当前论文源.tex	unreviewed
history/sources/次单调论文研究/RL_PPA_generalized_subregularity_Boluo_source.zip!/author_boluo.png	28517	31443d3720ddc30e4e63342afd177119e2813f9b4d45652153b58963a5b2aaf1	history/sources/历史总包_2026-09-14/菠萝_RL与广义次正则研究资产_2026-09-14_v2_真实超边图/01_RL_PPA核心理论/01_论文主稿/author_boluo.png	unreviewed
history/sources/次单调论文研究/RL_T4_CODEX_HANDOFF_2026-09-09.zip!/ATTACK_C11_COMPOSITE_GENERALIZED_SUBREGULARITY.md	23812	d9f9e5c53c41d827a7fd25250fbd5cbee3c3f2d08c41d245dc9b8f552b084619	history/sources/历史总包_2026-09-14/菠萝_RL与广义次正则研究资产_2026-09-14_v2_真实超边图/01_RL_PPA核心理论/03_判别方法与理论升级/C11复合次正则_定量模块与未解边界.md	unreviewed
history/sources/次单调论文研究/RL_T4_CODEX_HANDOFF_2026-09-09.zip!/PROMPT_FOR_NEW_CODEX.md	6716	fd99602f138628bdcd4c81f0360d072973cc334d35a788e55f4ea3f35d752a29		unreviewed
history/sources/次单调论文研究/RL_T4_CODEX_HANDOFF_2026-09-09.zip!/RL_FLAGSHIP_UPGRADE_ARCHITECTURE.md	27195	c346477dc8ed1f372e94adafbc98f5d39249fbcce9a94654f9e014d8d1560c09	history/sources/历史总包_2026-09-14/菠萝_RL与广义次正则研究资产_2026-09-14_v2_真实超边图/01_RL_PPA核心理论/03_判别方法与理论升级/RL旗舰升级_架构与待攻关接口.md	unreviewed
history/sources/次单调论文研究/RL_T4_CODEX_HANDOFF_2026-09-09.zip!/RL_PPA_generalized_subregularity_Boluo.pdf	329898	e0289b1f9e76fddd174986a009fbaf2db1ba3b51476689d517a22fd0b4c2aaae	history/sources/历史总包_2026-09-14/菠萝_RL与广义次正则研究资产_2026-09-14_v2_真实超边图/01_RL_PPA核心理论/01_论文主稿/RL与广义次正则_当前排版论文.pdf	unreviewed
history/sources/次单调论文研究/RL_T4_CODEX_HANDOFF_2026-09-09.zip!/RL_PPA_generalized_subregularity_Boluo.tex	105066	8d0565a57c6580f9ddf7264560bde5a07215af1238033efdc11bb5fe71db56e8	history/sources/历史总包_2026-09-14/菠萝_RL与广义次正则研究资产_2026-09-14_v2_真实超边图/01_RL_PPA核心理论/01_论文主稿/RL与广义次正则_当前论文源.tex	unreviewed
history/sources/次单调论文研究/RL_T4_CODEX_HANDOFF_2026-09-09.zip!/verify_c11_composite.py	1292	c5324260c85b9f8c28ac5e0c30f3ae79520488efd3203d3a3ee45ecd8c052247	history/sources/历史总包_2026-09-14/菠萝_RL与广义次正则研究资产_2026-09-14_v2_真实超边图/01_RL_PPA核心理论/06_验证程序/验证_C11复合次正则.py	unreviewed
history/sources/次单调论文研究/RL_monotonicity_regularity_research_checkpoint_2026-09-01.zip!/research/seesaw_synthesis.md	32612	63656eefb0b3f29ff717949c6055c28c338b5a5d4adbda749fdfb343dc283440		unreviewed
history/sources/次单调论文研究/RL_monotonicity_regularity_research_checkpoint_2026-09-01.zip!/research/rl_novelty_and_publication_assessment.md	10446	d754e382984b548d6b57406f9eda41fcff85640749f24e8a66dbe403bba38a61	history/sources/次单调论文研究/RL_foundations_freeze_2026-09-01/research/rl_novelty_and_publication_assessment.md	unreviewed
history/sources/次单调论文研究/RL_monotonicity_regularity_research_checkpoint_2026-09-01.zip!/research/project_state.yaml	1773	ff95caeff9d747e926884bf01a2920312f080afd331e63ab62819248df68e413		unreviewed
history/sources/次单调论文研究/RL_monotonicity_regularity_research_checkpoint_2026-09-01.zip!/research/gap_examples.md	101310	313fc12594684ca73a3b5ff6cb278f46c44908bd6d7e3efee991e023cae47959		unreviewed
history/sources/次单调论文研究/RL_monotonicity_regularity_research_checkpoint_2026-09-01.zip!/research/example_properties.md	113916	d7efd065d553757c7fd761469ed7c73977caea0ef4eed60494d58190a975fcce		unreviewed
history/sources/次单调论文研究/RL_monotonicity_regularity_research_checkpoint_2026-09-01.zip!/research/theory_atlas.md	64520	aafd276ed95788bc80072fce9482c3ea03d1e6a7f1c5f2a0d2687cc1a0918b2b	history/sources/次单调论文研究/theory_atlas.md	unreviewed
history/sources/次单调论文研究/RL_monotonicity_regularity_research_checkpoint_2026-09-01.zip!/research/expert_tasks.yaml	6461	43c38fe4306a150e90fb234c56ac1084387a16ffecef1f6a1efcca18eb1e6202		unreviewed
history/sources/次单调论文研究/RL_monotonicity_regularity_research_checkpoint_2026-09-01.zip!/work/a_rl_position.md	29820	38b4c04a1a3b43fac6b3834e7fcb0f53af8bb312a3dac50038fab5f0be43bd11		unreviewed
history/sources/次单调论文研究/RL_monotonicity_regularity_research_checkpoint_2026-09-01.zip!/work/synthesis_audit.md	10938	d0e35651d9c1c9c7c3b3717b197fd25def3c9dbf0026e14614d51e0bba1785b1		unreviewed
history/sources/次单调论文研究/RL_monotonicity_regularity_research_checkpoint_2026-09-01.zip!/work/rl_publication_calibrator.md	16992	b232099052ed926fda99cad50d870d43e87c80db3fb8b0fbeea686d688d47a8e		unreviewed
history/sources/次单调论文研究/RL_monotonicity_regularity_research_checkpoint_2026-09-01.zip!/work/c_gx001_013.md	43607	ef674dace92726fa2ec815d6f1d05db075f0d4b8d2bdeae44e34a13a8d3fbe2e		unreviewed
history/sources/次单调论文研究/RL_monotonicity_regularity_research_checkpoint_2026-09-01.zip!/work/c_gx066_077.md	45861	e67b4a09a1d2fb9fcd4c2681f831d740a12989e7a731d884944f4ef1074a7105		unreviewed
history/sources/次单调论文研究/RL_monotonicity_regularity_research_checkpoint_2026-09-01.zip!/work/rl_proof_referee.md	19936	be8d8a67b8e6c3af56f9e6fadec8d16bb9feb20a8612015ade01850e2cb779ee		unreviewed
history/sources/次单调论文研究/RL_monotonicity_regularity_research_checkpoint_2026-09-01.zip!/work/a_algorithm_evidence.md	43304	9b71113aa02633145fa8e60d1bc65b3b841281bab406266f0776cde235a0bf30		unreviewed
history/sources/次单调论文研究/RL_monotonicity_regularity_research_checkpoint_2026-09-01.zip!/work/c_gx040_052.md	34241	beb1665d09373f25e842aa55528997e4933968d7403c3d088b7a213326034b49		unreviewed
history/sources/次单调论文研究/RL_monotonicity_regularity_research_checkpoint_2026-09-01.zip!/work/b_source_verification.md	18570	c21adc5af7b2575db034b9df2035031033a5cd0826efbcf57cddb03a3cef6290		unreviewed
history/sources/次单调论文研究/RL_monotonicity_regularity_research_checkpoint_2026-09-01.zip!/work/a_regularity.md	32803	aabb82aa85752708a129d3450a70fbd5bc765a7d69d675b1dbc6dfb3dbed3a6c		unreviewed
history/sources/次单调论文研究/RL_monotonicity_regularity_research_checkpoint_2026-09-01.zip!/work/rl_exact_prior_art.md	52901	9fadbad9038f63c2d7a30931c1f5da04f9c7e40f3bafb6a38fd30b54e1adabc9		unreviewed
history/sources/次单调论文研究/RL_monotonicity_regularity_research_checkpoint_2026-09-01.zip!/work/example_entry_schema.md	1694	c6155cd18e303d57821c896c64e396f1b99e8ab4e43538018806c43824ea9c3a		unreviewed
history/sources/次单调论文研究/RL_monotonicity_regularity_research_checkpoint_2026-09-01.zip!/work/b_catalog_audit.md	26398	b0663a0845b896a537a52424dfeaf0e2fddab6df06dec38946f541256c994e8a		unreviewed
history/sources/次单调论文研究/RL_monotonicity_regularity_research_checkpoint_2026-09-01.zip!/work/c_gx027_039.md	30003	a56078d12c44690b29e8a66aabaa609f161ce794a53cde0b25c4d40d1b90a530		unreviewed
history/sources/次单调论文研究/RL_monotonicity_regularity_research_checkpoint_2026-09-01.zip!/work/rl_nearest_deepread.md	48471	fd14dc7e32e125d2c40f3a75c06e0c50d17520040bc03c88a5440dcfca58eccb		unreviewed
history/sources/次单调论文研究/RL_monotonicity_regularity_research_checkpoint_2026-09-01.zip!/work/rl_alias_landscape.md	42032	28337ad7c9521711f705f249b2c8f477d2cdb4604ce5ed30566cf126e1d64dbb		unreviewed
history/sources/次单调论文研究/RL_monotonicity_regularity_research_checkpoint_2026-09-01.zip!/work/b_setvalued_geometry.md	44042	d6638d2d282666e7354bb1f12d23698007c3e6fb0c45c22e4baa4f7079106781		unreviewed
history/sources/次单调论文研究/RL_monotonicity_regularity_research_checkpoint_2026-09-01.zip!/work/c_phase_cloud.md	42905	5124430eab3041d0aaab531b824e01682a83963c8d533f74ec69e6ca2bda0ca2		unreviewed
history/sources/次单调论文研究/RL_monotonicity_regularity_research_checkpoint_2026-09-01.zip!/work/rl_publication_calibrator_journal_ledger.csv	1372	d9e92c92c63c40c6a7c2119f4287c02fab1d35e7cc0fea568082bf52bd17631b		unreviewed
history/sources/次单调论文研究/RL_monotonicity_regularity_research_checkpoint_2026-09-01.zip!/work/c_consistency_audit.md	26700	44942cb65a7ae675d669fda4de90757630130be3987f6f5eef26d8cf6594290f		unreviewed
history/sources/次单调论文研究/RL_monotonicity_regularity_research_checkpoint_2026-09-01.zip!/work/b_linear_cayley.md	45968	d1d6be33ede0c5925b1c89a4cc50769016130cf67e83bb93e27115820c893e1f		unreviewed
history/sources/次单调论文研究/RL_monotonicity_regularity_research_checkpoint_2026-09-01.zip!/work/c_gx053_065.md	40606	55df53d130f510c873e2a9d4c4afec9b32eb1930811ad458348088ed452748f4		unreviewed
history/sources/次单调论文研究/RL_monotonicity_regularity_research_checkpoint_2026-09-01.zip!/work/b_monotonicity_gaps.md	39247	1074a9faab269dd0140ba75016a7096ef82c85fedc815492e1d782fc56be5a5d		unreviewed
history/sources/次单调论文研究/RL_monotonicity_regularity_research_checkpoint_2026-09-01.zip!/work/rl_publication_calibrator_result.yaml	1602	261e9afd45f9bc620336dd4e2ddcfdafb2fad284ed8bf98ca0c261c28fca133f		unreviewed
history/sources/次单调论文研究/RL_monotonicity_regularity_research_checkpoint_2026-09-01.zip!/work/a_relation_audit.md	22678	d024494c6ef4267ae4f45a47a2d1f818cf83497fa9c9b392423b416b08d24b9d		unreviewed
history/sources/次单调论文研究/RL_monotonicity_regularity_research_checkpoint_2026-09-01.zip!/work/b_algorithm_anchored.md	32887	7fd887ffc6f2778cb20cee308cc3c93bb50ef74907737a2eb28077e5f3753e64		unreviewed
history/sources/次单调论文研究/RL_monotonicity_regularity_research_checkpoint_2026-09-01.zip!/work/b_scalar_nonlinear.md	40703	6b269207a07d708f82c6eaa3b63b19549eedff355678699411bd367b779089b6		unreviewed
history/sources/次单调论文研究/RL_monotonicity_regularity_research_checkpoint_2026-09-01.zip!/work/rl_genuine_exponent.md	22110	1d5b18aaf0df851700321ad47c7f265d6bb94e51ddc04ffb386db47cf777c299		unreviewed
history/sources/次单调论文研究/RL_monotonicity_regularity_research_checkpoint_2026-09-01.zip!/work/root_math_audit.md	4318	4cbf14e79a3892e46fcd25ba8c004f16a93331b8db19b463d33756541bc5331d		unreviewed
history/sources/次单调论文研究/RL_monotonicity_regularity_research_checkpoint_2026-09-01.zip!/work/a_monotonicity.md	37911	ca1a8009975c27fd3d93aeeb97e93f348f87acdeb5db10e55e531197ffe74490		unreviewed
history/sources/次单调论文研究/RL_monotonicity_regularity_research_checkpoint_2026-09-01.zip!/work/a_terminology_sources.md	25977	59134babdc90a810facab14d0fd21d372b867d4ab6e7ecc3df6fa0180a551b68		unreviewed
history/sources/次单调论文研究/RL_monotonicity_regularity_research_checkpoint_2026-09-01.zip!/work/a_consistency_audit.md	18203	4165cba7ba8e917c96d5285bef36c5f0a0fa0e9afc984d61aad694b3a9f34fbd		unreviewed
history/sources/次单调论文研究/RL_monotonicity_regularity_research_checkpoint_2026-09-01.zip!/work/c_gx014_026.md	44206	725f3c33e3a64032509a3b9f0955ff03cbfdc58c783a2e3d16d801c0e8f8c398		unreviewed
history/sources/次单调论文研究/RL_monotonicity_regularity_research_checkpoint_2026-09-01.zip!/upload/01-RL_Submonotonicity-.md	10379	4087cef5e959f75cbf7c7cd3e5348293370640ec8084d03ea18846355a58cc41	history/sources/次单调论文研究/RL_Submonotonicity初稿.md | history/sources/次单调论文研究/RL_foundations_freeze_2026-09-01/upload/01-RL_Submonotonicity-.md	unreviewed
history/sources/次单调论文研究/RL_novelty_boundary_checkpoint_2026-09-01.zip!/research/RL_foundations.md	48594	0adf8ca1593148bebce576e9659f3da50e61a77880c0b311cbcc35d0dcbb4ebd	history/sources/次单调论文研究/RL_foundations.md | history/sources/次单调论文研究/RL_foundations_freeze_2026-09-01/research/RL_foundations.md	unreviewed
history/sources/次单调论文研究/RL_novelty_boundary_checkpoint_2026-09-01.zip!/research/RL_foundations_freeze_manifest.md	4509	8742aba985e1f6a5c6eabaa7500ea7eb62d395f11eafd918719d7245a34f1ee1	history/sources/次单调论文研究/RL_foundations_freeze_2026-09-01/research/RL_foundations_freeze_manifest.md	unreviewed
history/sources/次单调论文研究/RL_novelty_boundary_checkpoint_2026-09-01.zip!/research/RL_novelty_boundary.md	19226	f23e6ddc8c21ed0ba2cb5c87ce65ca528179f0620feb272d52896e01f24a0e7f		unreviewed
history/sources/次单调论文研究/RL_novelty_boundary_checkpoint_2026-09-01.zip!/research/project_state.yaml	3946	74b0161987a2b0a2997f50bab13f0aaacedafa04713396ab9a6fb3c91417c725		unreviewed
history/sources/次单调论文研究/RL_novelty_boundary_checkpoint_2026-09-01.zip!/research/expert_tasks.yaml	18025	be5b828066f03616d2181029f6afcf867b5aedc868e01bf752e3a87dd0e22598		unreviewed
history/sources/次单调论文研究/RL_novelty_boundary_checkpoint_2026-09-01.zip!/work/novelty_wang_search.md	26229	033a611df67008a3c747a55ad62a2de156e7d6139159753acaaaa9bec513a73e		unreviewed
history/sources/次单调论文研究/RL_novelty_boundary_checkpoint_2026-09-01.zip!/work/novelty_wang_deepread.md	27394	1f15893a567e6a43184943847e8c216f866be3296d12613017a9e3f27927ed9e		unreviewed
history/sources/次单调论文研究/RL_novelty_boundary_checkpoint_2026-09-01.zip!/work/novelty_mv_search.md	30028	2c7746d06e6f2223d39545ee61ba5633011ce492d48cea9504726c246d86c500		unreviewed
history/sources/次单调论文研究/RL_novelty_boundary_checkpoint_2026-09-01.zip!/work/novelty_mv_deepread.md	24875	da67d4b9ecc1fc71fc1419610b076f22d744fa94d2f91bc36613df810cd485ff		unreviewed
history/sources/次单调论文研究/RL_novelty_boundary_checkpoint_2026-09-01.zip!/work/novelty_luque.md	31266	75e000d1faac796d0408a098e811ad1bb3f3b67045674ea34e34b13ed5154874		unreviewed
history/sources/次单调论文研究/RL_novelty_boundary_checkpoint_2026-09-01.zip!/work/novelty_luque_compare.md	27577	6940d97d7564ef2705ebc86b6f8b7578cbbb0347bcd26acf5c0fc1d97a8ba0f8		unreviewed
history/sources/次单调论文研究/RL_novelty_boundary_checkpoint_2026-09-01.zip!/work/rl_novelty_freeze_referee.md	26179	1e2d75365c04cc366defa41851a13941f399d92697000ebf4d0c7e4babe65876		unreviewed
history/sources/次单调论文研究/RL_novelty_boundary_checkpoint_2026-09-01.zip!/work/rl_foundations_structure_prior_art.md	31880	b7baa792e351a2b78a90ca3c73681cdd4bb4a4a7d8e3fe603dbc83b76d408ec4	history/sources/次单调论文研究/RL_foundations_freeze_2026-09-01/work/rl_foundations_structure_prior_art.md	unreviewed
history/sources/次单调论文研究/RL_novelty_boundary_checkpoint_2026-09-01.zip!/work/rl_foundations_structure_claim_safe_matrix.md	8133	ac2ed090bd4f7adad9b081a72ef7cc0c3ad278dc2b59597870bbf75332f4384e	history/sources/次单调论文研究/RL_foundations_freeze_2026-09-01/work/rl_foundations_structure_claim_safe_matrix.md	unreviewed
history/sources/次单调论文研究/RL_novelty_boundary_checkpoint_2026-09-01.zip!/work/rl_alias_landscape.md	42032	28337ad7c9521711f705f249b2c8f477d2cdb4604ce5ed30566cf126e1d64dbb		unreviewed
history/sources/次单调论文研究/RL_novelty_boundary_checkpoint_2026-09-01.zip!/work/rl_exact_prior_art.md	52901	9fadbad9038f63c2d7a30931c1f5da04f9c7e40f3bafb6a38fd30b54e1adabc9		unreviewed
history/sources/次单调论文研究/monotonicity_regularity_research_2026-09-01.zip!/research/seesaw_synthesis.md	32612	63656eefb0b3f29ff717949c6055c28c338b5a5d4adbda749fdfb343dc283440		unreviewed
history/sources/次单调论文研究/monotonicity_regularity_research_2026-09-01.zip!/research/project_state.yaml	951	fa0c42347cb99aee91319cd1baa68e5c7413efec29aecc17b91fd4e6b413f2c6		unreviewed
history/sources/次单调论文研究/monotonicity_regularity_research_2026-09-01.zip!/research/gap_examples.md	101310	313fc12594684ca73a3b5ff6cb278f46c44908bd6d7e3efee991e023cae47959		unreviewed
history/sources/次单调论文研究/monotonicity_regularity_research_2026-09-01.zip!/research/example_properties.md	113916	d7efd065d553757c7fd761469ed7c73977caea0ef4eed60494d58190a975fcce		unreviewed
history/sources/次单调论文研究/monotonicity_regularity_research_2026-09-01.zip!/research/theory_atlas.md	64520	aafd276ed95788bc80072fce9482c3ea03d1e6a7f1c5f2a0d2687cc1a0918b2b	history/sources/次单调论文研究/theory_atlas.md	unreviewed
history/sources/次单调论文研究/monotonicity_regularity_research_2026-09-01.zip!/research/expert_tasks.yaml	2247	a670c5917f99347ea14865d47368de7f4ccfaaec325c85da1d811835b334e1f5		unreviewed
history/sources/次单调论文研究/monotonicity_regularity_research_2026-09-01.zip!/work/a_rl_position.md	29820	38b4c04a1a3b43fac6b3834e7fcb0f53af8bb312a3dac50038fab5f0be43bd11		unreviewed
history/sources/次单调论文研究/monotonicity_regularity_research_2026-09-01.zip!/work/synthesis_audit.md	10938	d0e35651d9c1c9c7c3b3717b197fd25def3c9dbf0026e14614d51e0bba1785b1		unreviewed
history/sources/次单调论文研究/monotonicity_regularity_research_2026-09-01.zip!/work/c_gx001_013.md	43607	ef674dace92726fa2ec815d6f1d05db075f0d4b8d2bdeae44e34a13a8d3fbe2e		unreviewed
history/sources/次单调论文研究/monotonicity_regularity_research_2026-09-01.zip!/work/c_gx066_077.md	45861	e67b4a09a1d2fb9fcd4c2681f831d740a12989e7a731d884944f4ef1074a7105		unreviewed
history/sources/次单调论文研究/monotonicity_regularity_research_2026-09-01.zip!/work/a_algorithm_evidence.md	43304	9b71113aa02633145fa8e60d1bc65b3b841281bab406266f0776cde235a0bf30		unreviewed
history/sources/次单调论文研究/monotonicity_regularity_research_2026-09-01.zip!/work/c_gx040_052.md	34241	beb1665d09373f25e842aa55528997e4933968d7403c3d088b7a213326034b49		unreviewed
history/sources/次单调论文研究/monotonicity_regularity_research_2026-09-01.zip!/work/b_source_verification.md	18570	c21adc5af7b2575db034b9df2035031033a5cd0826efbcf57cddb03a3cef6290		unreviewed
history/sources/次单调论文研究/monotonicity_regularity_research_2026-09-01.zip!/work/a_regularity.md	32803	aabb82aa85752708a129d3450a70fbd5bc765a7d69d675b1dbc6dfb3dbed3a6c		unreviewed
history/sources/次单调论文研究/monotonicity_regularity_research_2026-09-01.zip!/work/example_entry_schema.md	1694	c6155cd18e303d57821c896c64e396f1b99e8ab4e43538018806c43824ea9c3a		unreviewed
history/sources/次单调论文研究/monotonicity_regularity_research_2026-09-01.zip!/work/b_catalog_audit.md	26398	b0663a0845b896a537a52424dfeaf0e2fddab6df06dec38946f541256c994e8a		unreviewed
history/sources/次单调论文研究/monotonicity_regularity_research_2026-09-01.zip!/work/c_gx027_039.md	30003	a56078d12c44690b29e8a66aabaa609f161ce794a53cde0b25c4d40d1b90a530		unreviewed
history/sources/次单调论文研究/monotonicity_regularity_research_2026-09-01.zip!/work/b_setvalued_geometry.md	44042	d6638d2d282666e7354bb1f12d23698007c3e6fb0c45c22e4baa4f7079106781		unreviewed
history/sources/次单调论文研究/monotonicity_regularity_research_2026-09-01.zip!/work/c_phase_cloud.md	42905	5124430eab3041d0aaab531b824e01682a83963c8d533f74ec69e6ca2bda0ca2		unreviewed
history/sources/次单调论文研究/monotonicity_regularity_research_2026-09-01.zip!/work/c_consistency_audit.md	26700	44942cb65a7ae675d669fda4de90757630130be3987f6f5eef26d8cf6594290f		unreviewed
history/sources/次单调论文研究/monotonicity_regularity_research_2026-09-01.zip!/work/b_linear_cayley.md	45968	d1d6be33ede0c5925b1c89a4cc50769016130cf67e83bb93e27115820c893e1f		unreviewed
history/sources/次单调论文研究/monotonicity_regularity_research_2026-09-01.zip!/work/c_gx053_065.md	40606	55df53d130f510c873e2a9d4c4afec9b32eb1930811ad458348088ed452748f4		unreviewed
history/sources/次单调论文研究/monotonicity_regularity_research_2026-09-01.zip!/work/b_monotonicity_gaps.md	39247	1074a9faab269dd0140ba75016a7096ef82c85fedc815492e1d782fc56be5a5d		unreviewed
history/sources/次单调论文研究/monotonicity_regularity_research_2026-09-01.zip!/work/a_relation_audit.md	22678	d024494c6ef4267ae4f45a47a2d1f818cf83497fa9c9b392423b416b08d24b9d		unreviewed
history/sources/次单调论文研究/monotonicity_regularity_research_2026-09-01.zip!/work/b_algorithm_anchored.md	32887	7fd887ffc6f2778cb20cee308cc3c93bb50ef74907737a2eb28077e5f3753e64		unreviewed
history/sources/次单调论文研究/monotonicity_regularity_research_2026-09-01.zip!/work/b_scalar_nonlinear.md	40703	6b269207a07d708f82c6eaa3b63b19549eedff355678699411bd367b779089b6		unreviewed
history/sources/次单调论文研究/monotonicity_regularity_research_2026-09-01.zip!/work/root_math_audit.md	4318	4cbf14e79a3892e46fcd25ba8c004f16a93331b8db19b463d33756541bc5331d		unreviewed
history/sources/次单调论文研究/monotonicity_regularity_research_2026-09-01.zip!/work/a_monotonicity.md	37911	ca1a8009975c27fd3d93aeeb97e93f348f87acdeb5db10e55e531197ffe74490		unreviewed
history/sources/次单调论文研究/monotonicity_regularity_research_2026-09-01.zip!/work/a_terminology_sources.md	25977	59134babdc90a810facab14d0fd21d372b867d4ab6e7ecc3df6fa0180a551b68		unreviewed
history/sources/次单调论文研究/monotonicity_regularity_research_2026-09-01.zip!/work/a_consistency_audit.md	18203	4165cba7ba8e917c96d5285bef36c5f0a0fa0e9afc984d61aad694b3a9f34fbd		unreviewed
history/sources/次单调论文研究/monotonicity_regularity_research_2026-09-01.zip!/work/c_gx014_026.md	44206	725f3c33e3a64032509a3b9f0955ff03cbfdc58c783a2e3d16d801c0e8f8c398		unreviewed
history/sources/次单调论文研究/monotonicity_regularity_research_2026-09-01.zip!/upload/01-RL_Submonotonicity-.md	10379	4087cef5e959f75cbf7c7cd3e5348293370640ec8084d03ea18846355a58cc41	history/sources/次单调论文研究/RL_Submonotonicity初稿.md | history/sources/次单调论文研究/RL_foundations_freeze_2026-09-01/upload/01-RL_Submonotonicity-.md	unreviewed
history/sources/次单调论文研究/分类集研究/RLEB_LT_operator_space_research_asset_v1/RLEB_LT_operator_space_research_asset_v1/06_RELATED_MANUSCRIPT_ASSETS/solution_selection_revised_v1_delivery.zip!/research_note.md	44875	91ad4b0948a21443fc557b5ea579e692650399504e735223d72347ba86bea1b8		unreviewed
history/sources/次单调论文研究/分类集研究/RLEB_LT_operator_space_research_asset_v1/RLEB_LT_operator_space_research_asset_v1/06_RELATED_MANUSCRIPT_ASSETS/solution_selection_revised_v1_delivery.zip!/solution_selection_revised.tex	53696	b0c750a8235ecfe2c1959f5b6da37bc2b539afe0f7ace618c26243ea33ee2a56		unreviewed
history/sources/次单调论文研究/分类集研究/RLEB_LT_operator_space_research_asset_v1/RLEB_LT_operator_space_research_asset_v1/06_RELATED_MANUSCRIPT_ASSETS/solution_selection_revised_v1_delivery.zip!/output/pdf/solution_selection_revised.pdf	480934	0bd11b6c3e8c246842151a0190928b0bc02c3f1662405d0d0771c4687d418c03		unreviewed
history/sources/次单调论文研究/分类集研究/RLEB_LT_operator_space_research_asset_v1/RLEB_LT_operator_space_research_asset_v1/06_RELATED_MANUSCRIPT_ASSETS/solution_selection_revised_v1_delivery.zip!/response_to_audit.md	10037	97c0ef5911840df5784b481fa69bf66f3bfc8fece2f130581546493720240328		unreviewed
history/sources/次单调论文研究/分类集研究/RLEB_LT_operator_space_research_asset_v1/RLEB_LT_operator_space_research_asset_v1/06_RELATED_MANUSCRIPT_ASSETS/solution_selection_revised_v1_delivery.zip!/change_log.md	3071	2d0f48315339f69e0761789d95459c6c39cd5b74f190fa671963cb04a2419652		unreviewed
history/sources/次单调论文研究/分类集研究/RLEB_LT_operator_space_research_asset_v1/RLEB_LT_operator_space_research_asset_v1/06_RELATED_MANUSCRIPT_ASSETS/solution_selection_revised_v1_delivery.zip!/build_report.md	3943	43e7a7bf5ddb52bfda219780fba6bea7c7a174ba194f80513f1a54a436d6cb73		unreviewed
history/sources/次单调论文研究/分类集研究/RLEB_LT_operator_space_research_asset_v1/RLEB_LT_operator_space_research_asset_v1/06_RELATED_MANUSCRIPT_ASSETS/solution_selection_revised_v1_delivery.zip!/SOURCE_MAP.md	2710	ff4e6d9cab32fbaf4efb37585e6ab624e71a0f64f123dfbaea1c29a52527d30b		unreviewed
history/sources/次单调论文研究/分类集研究/RLEB_LT_operator_space_research_asset_v1/RLEB_LT_operator_space_research_asset_v1/06_RELATED_MANUSCRIPT_ASSETS/solution_selection_revised_v1_delivery.zip!/revision_math_audit.md	13323	5c2c7c50e5437c57765f3dbf7c1d23a4e6417c41e4718b4c161d819d1e6768aa		unreviewed
history/sources/次单调论文研究/分类集研究/RLEB_LT_operator_space_research_asset_v1/RLEB_LT_operator_space_research_asset_v1/06_RELATED_MANUSCRIPT_ASSETS/solution_selection_revised_v1_delivery.zip!/revision_math_closure.md	3088	1e0e774d41d42bd426ac7d1d1d7cdac8bb4a19ab87f0095e20c7674cfdc3e6c7		unreviewed
history/sources/次单调论文研究/分类集研究/RLEB_LT_operator_space_research_asset_v1/RLEB_LT_operator_space_research_asset_v1/06_RELATED_MANUSCRIPT_ASSETS/solution_selection_revised_v1_delivery.zip!/revision_priority_audit.md	13205	8a72ec457b97b8ed1672e9c595399a7c9cd63ae84cd3d22e655deadecf0c11e4		unreviewed
history/sources/次单调论文研究/分类集研究/RLEB_LT_operator_space_research_asset_v1/RLEB_LT_operator_space_research_asset_v1/06_RELATED_MANUSCRIPT_ASSETS/solution_selection_revised_v1_delivery.zip!/revision_priority_closure.md	2530	1bcff5ce8a54968f47e5212f33c65a56347c95923509c8e0cafcade9763ee695		unreviewed
history/sources/次单调论文研究/分类集研究/RLEB_LT_operator_space_research_asset_v1/RLEB_LT_operator_space_research_asset_v1/06_RELATED_MANUSCRIPT_ASSETS/solution_selection_revised_v1_delivery.zip!/final_package_QA.md	10195	acb05c217e4348b35c28525b19ade1d035d3429fdd8bcbeae893326125fead40		unreviewed
history/sources/次单调论文研究/分类集研究/RLEB_LT_operator_space_research_asset_v1/RLEB_LT_operator_space_research_asset_v1/06_RELATED_MANUSCRIPT_ASSETS/solution_selection_revised_v1_delivery.zip!/manuscript_template.tex	1092	2f42cee332dc33af58242eadf098f688171ac0f0fa77e1b23f1b1c8af1d0d1ed		unreviewed
history/sources/次单调论文研究/分类集研究/RLEB_LT_operator_space_research_asset_v1/RLEB_LT_operator_space_research_asset_v1/06_RELATED_MANUSCRIPT_ASSETS/solution_selection_revised_v1_delivery.zip!/prepare_pdf.lua	623	997acc536f006ff4c3c3a42bb9db5ca2218f6c9fbb50a126f81cf18a895bdabe		unreviewed
history/sources/次单调论文研究/分类集研究/RLEB_LT_operator_space_research_asset_v1/RLEB_LT_operator_space_research_asset_v1/06_RELATED_MANUSCRIPT_ASSETS/solution_selection_revised_v1_delivery.zip!/build.sh	1382	d0feb66773115951deb29fd6716384e9e1e000f60b288b4ff0d1269da71a0879		unreviewed
history/sources/次单调论文研究/分类集研究/RLEB_LT_operator_space_research_asset_v1/RLEB_LT_operator_space_research_asset_v1/06_RELATED_MANUSCRIPT_ASSETS/source_inputs/RLEB_PPA_submission_assets_2026-09-18.zip!/RLEB_PPA_投稿资产_2026-09-18/references.bib	9642	c864cf64476a25066a51420dd3711d5d5c51b4baa7156420b11a8fd5c2d40f2d		unreviewed
history/sources/次单调论文研究/分类集研究/RLEB_LT_operator_space_research_asset_v1/RLEB_LT_operator_space_research_asset_v1/06_RELATED_MANUSCRIPT_ASSETS/source_inputs/RLEB_PPA_submission_assets_2026-09-18.zip!/RLEB_PPA_投稿资产_2026-09-18/main.tex	1132	e3cccca9a20e8c859c75b5cd4bcf0699745c98124546186f1b70d14485a3e44c		unreviewed
history/sources/次单调论文研究/分类集研究/RLEB_LT_operator_space_research_asset_v1/RLEB_LT_operator_space_research_asset_v1/06_RELATED_MANUSCRIPT_ASSETS/source_inputs/RLEB_PPA_submission_assets_2026-09-18.zip!/RLEB_PPA_投稿资产_2026-09-18/审校验收记录.yaml	1991	3f0f7388f6f8309ea49a11e403245556490c595a6a6a61950ea21a9b94f6f1c1		unreviewed
history/sources/次单调论文研究/分类集研究/RLEB_LT_operator_space_research_asset_v1/RLEB_LT_operator_space_research_asset_v1/06_RELATED_MANUSCRIPT_ASSETS/source_inputs/RLEB_PPA_submission_assets_2026-09-18.zip!/RLEB_PPA_投稿资产_2026-09-18/locked_content_ledger.yaml	2038	2403787634d6dcb27273fa189de23171999d2d45210f5b2b75cc2a0a3c4eb976		unreviewed
history/sources/次单调论文研究/分类集研究/RLEB_LT_operator_space_research_asset_v1/RLEB_LT_operator_space_research_asset_v1/06_RELATED_MANUSCRIPT_ASSETS/source_inputs/RLEB_PPA_submission_assets_2026-09-18.zip!/RLEB_PPA_投稿资产_2026-09-18/README_投稿包说明.md	2013	60d17abfc6e4140b4db6c8b3c70b9547b1a59cbd90e1a9859bf0b0dda96fc671		unreviewed
history/sources/次单调论文研究/分类集研究/RLEB_LT_operator_space_research_asset_v1/RLEB_LT_operator_space_research_asset_v1/06_RELATED_MANUSCRIPT_ASSETS/source_inputs/RLEB_PPA_submission_assets_2026-09-18.zip!/RLEB_PPA_投稿资产_2026-09-18/数学语义核对与剩余问题.md	2834	7dc1b8dce101c0e726cd3915436d7004413097f1907656415951f51d570a5694		unreviewed
history/sources/次单调论文研究/分类集研究/RLEB_LT_operator_space_research_asset_v1/RLEB_LT_operator_space_research_asset_v1/06_RELATED_MANUSCRIPT_ASSETS/source_inputs/RLEB_PPA_submission_assets_2026-09-18.zip!/RLEB_PPA_投稿资产_2026-09-18/RLEB_PPA_投稿稿_菠萝.pdf	351429	c054470b0e17064e8f6fc04ce40916578a7ff519f5e4c7a8111b68fa33ecdd51		unreviewed
history/sources/次单调论文研究/分类集研究/RLEB_LT_operator_space_research_asset_v1/RLEB_LT_operator_space_research_asset_v1/06_RELATED_MANUSCRIPT_ASSETS/source_inputs/RLEB_PPA_submission_assets_2026-09-18.zip!/RLEB_PPA_投稿资产_2026-09-18/manuscript_state.json	11245	581dfac2b334430b3e360b183b2862c5542d3e5b90cf16f89b52294edebbf82b		unreviewed
history/sources/次单调论文研究/分类集研究/RLEB_LT_operator_space_research_asset_v1/RLEB_LT_operator_space_research_asset_v1/06_RELATED_MANUSCRIPT_ASSETS/source_inputs/RLEB_PPA_submission_assets_2026-09-18.zip!/RLEB_PPA_投稿资产_2026-09-18/sections/theorem_spine.tex	16939	75b374b08d64114b9b7a6d153e7258df89490db067ec79e9590c599a1c08677c		unreviewed
history/sources/次单调论文研究/分类集研究/RLEB_LT_operator_space_research_asset_v1/RLEB_LT_operator_space_research_asset_v1/06_RELATED_MANUSCRIPT_ASSETS/source_inputs/RLEB_PPA_submission_assets_2026-09-18.zip!/RLEB_PPA_投稿资产_2026-09-18/sections/native_schur_verifier.tex	3395	ff060d0f1000cca7686f59cdee22dda1685b9b984338f960fea8ead21832912c		unreviewed
history/sources/次单调论文研究/分类集研究/RLEB_LT_operator_space_research_asset_v1/RLEB_LT_operator_space_research_asset_v1/06_RELATED_MANUSCRIPT_ASSETS/source_inputs/RLEB_PPA_submission_assets_2026-09-18.zip!/RLEB_PPA_投稿资产_2026-09-18/sections/frontmatter.tex	9821	d4a79c810372153a52a518b6d195c6ccbb2bacc3eca057714de7d3e4a65eee56		unreviewed
history/sources/次单调论文研究/分类集研究/RLEB_LT_operator_space_research_asset_v1/RLEB_LT_operator_space_research_asset_v1/06_RELATED_MANUSCRIPT_ASSETS/source_inputs/RLEB_PPA_submission_assets_2026-09-18.zip!/RLEB_PPA_投稿资产_2026-09-18/sections/related_work.tex	9263	bf42c72661d6503592ef110aa52b0d75f072008f73f84b1f653e11643e24f402		unreviewed
history/sources/次单调论文研究/分类集研究/RLEB_LT_operator_space_research_asset_v1/RLEB_LT_operator_space_research_asset_v1/06_RELATED_MANUSCRIPT_ASSETS/source_inputs/RLEB_PPA_submission_assets_2026-09-18.zip!/RLEB_PPA_投稿资产_2026-09-18/sections/appendix_signed_schur.tex	17156	9927b4006234fa5f435d831a8583c426311906ba8288a60894516f97cea829d2		unreviewed
history/sources/次单调论文研究/分类集研究/RLEB_LT_operator_space_research_asset_v1/RLEB_LT_operator_space_research_asset_v1/06_RELATED_MANUSCRIPT_ASSETS/source_inputs/RLEB_PPA_submission_assets_2026-09-18.zip!/RLEB_PPA_投稿资产_2026-09-18/sections/verification_example.tex	9775	6e243b5844c23fa14277dc3eb9f03ad8231d7fa2312072c45690124656ce5b08		unreviewed
history/sources/次单调论文研究/分类集研究/RLEB_LT_operator_space_research_asset_v1/RLEB_LT_operator_space_research_asset_v1/06_RELATED_MANUSCRIPT_ASSETS/source_inputs/RLEB_PPA_submission_assets_2026-09-18.zip!/RLEB_PPA_投稿资产_2026-09-18/sections/conclusion.tex	2499	6d6db8e8ab744b51c977f703b9f886b797c24d6fc231e1194bc7b24ec19a9c76		unreviewed
history/sources/次单调论文研究/分类集研究/RLEB_LT_operator_space_research_asset_v1/RLEB_LT_operator_space_research_asset_v1/06_RELATED_MANUSCRIPT_ASSETS/source_inputs/RLEB_PPA_submission_assets_2026-09-18.zip!/RLEB_PPA_投稿资产_2026-09-18/figures/author_u841d_pdf15.pdf	2905	713f3aab7a6713b78ef1f287312de246428a2fef0f0441aba3aeba622bcf564b		unreviewed
history/sources/次单调论文研究/分类集研究/RLEB_LT_operator_space_research_asset_v1/RLEB_LT_operator_space_research_asset_v1/06_RELATED_MANUSCRIPT_ASSETS/source_inputs/RLEB_PPA_submission_assets_2026-09-18.zip!/RLEB_PPA_投稿资产_2026-09-18/figures/author_u83e0_pdf15.pdf	3530	ea1424526fb7a65ca929c7b99b9c7c045ac5fe6c4833e82fc30d41d2d5b56e93		unreviewed
history/sources/次单调论文研究/分类集研究/RLEB_research_asset_distilled_2026-09-21_v0.9.zip!/04_OPEN_GATES.md	2922	148ad8c67be9d3c7bf9dd99f6109133bcd0397a8bee853caa8a38070591bb02f	history/sources/提纯总账_2026-09-21_v0.9/04_OPEN_GATES.md	unreviewed
history/sources/次单调论文研究/分类集研究/RLEB_research_asset_distilled_2026-09-21_v0.9.zip!/CHANGELOG.md	923	86fbd3b8e6cd3512d3ecc88497fb400876efe01c62ac6a4be0883e9d19201671	history/sources/提纯总账_2026-09-21_v0.9/CHANGELOG.md	unreviewed
history/sources/次单调论文研究/分类集研究/RLEB_research_asset_distilled_2026-09-21_v0.9.zip!/README.md	3896	805ae8e89979908ae5cbf9278d37810720b5de599507a61f7ea78da8479fc1f4	history/sources/提纯总账_2026-09-21_v0.9/README.md	unreviewed
history/sources/次单调论文研究/分类集研究/RLEB_research_asset_distilled_2026-09-21_v0.9.zip!/01_CURRENT_MAP.md	3185	d711feb369548644080ad9e31972b0ccf4546c3eedbefdea1510ebadc3e7a4c1	history/sources/提纯总账_2026-09-21_v0.9/01_CURRENT_MAP.md	unreviewed
history/sources/次单调论文研究/分类集研究/RLEB_research_asset_distilled_2026-09-21_v0.9.zip!/MANIFEST.sha256	863	bbea7bf35f8c7b08f9dce6fe108230f2981f68e131c3f3c1423b14e744c9394c	history/sources/提纯总账_2026-09-21_v0.9/MANIFEST.sha256	unreviewed
history/sources/次单调论文研究/分类集研究/RLEB_research_asset_distilled_2026-09-21_v0.9.zip!/05_INTERNAL_INDEX.md	8266	fae610aa65ddd68c6e42c06a32ffbf79e504ba4de108ae16b54604a26fc02ec3	history/sources/提纯总账_2026-09-21_v0.9/05_INTERNAL_INDEX.md	unreviewed
history/sources/次单调论文研究/分类集研究/RLEB_research_asset_distilled_2026-09-21_v0.9.zip!/07_NEXT_SYSTEM_BRIEF.md	2386	59dfd727ad4f683f25cee6bec290a47c1c82d4ff6140a8802c79494206577c10	history/sources/提纯总账_2026-09-21_v0.9/07_NEXT_SYSTEM_BRIEF.md	unreviewed
history/sources/次单调论文研究/分类集研究/RLEB_research_asset_distilled_2026-09-21_v0.9.zip!/06_EXTERNAL_PRIOR_ART_INDEX.md	5794	a8a6cf718bbb21168fe39a4dcca86e3d599f2b98345c22c367a7b1b36414ad45	history/sources/提纯总账_2026-09-21_v0.9/06_EXTERNAL_PRIOR_ART_INDEX.md	unreviewed
history/sources/次单调论文研究/分类集研究/RLEB_research_asset_distilled_2026-09-21_v0.9.zip!/03_NO_GO_LEDGER.md	6929	4a4e076f368fb406ace2f41067b0b43474e6a448bacba24689b14a67f6260707	history/sources/提纯总账_2026-09-21_v0.9/03_NO_GO_LEDGER.md	unreviewed
history/sources/次单调论文研究/分类集研究/RLEB_research_asset_distilled_2026-09-21_v0.9.zip!/02_VERIFIED_CORE.md	7423	a71a65b0392419fa1c9fc6ae2258668d82ac544b78de58d23f2e70c294bf6461	history/sources/提纯总账_2026-09-21_v0.9/02_VERIFIED_CORE.md	unreviewed
history/sources/次单调论文研究/分类集研究/RLEB_research_asset_distilled_2026-09-21_v0.9.zip!/08_SOURCE_AND_CLAIM_POLICY.md	2122	49891b21906339fbdc5ea0f39c72bdfab04f26b6744303693d8fcd71d4343ba9	history/sources/提纯总账_2026-09-21_v0.9/08_SOURCE_AND_CLAIM_POLICY.md	unreviewed
history/sources/次单调论文研究/正式后的研究/RLEB_solution_selection_2026-09-18.zip!/RLEB_solution_selection_2026-09-18/Codex_independent_audit.md	4258	33414e95e98cd446221b3daeb9684d2592408cdfacef0ac5f520c4d431065705	history/sources/次单调论文研究/正式后的研究/Codex_independent_audit.md	unreviewed
history/sources/次单调论文研究/正式后的研究/RLEB_solution_selection_2026-09-18.zip!/RLEB_solution_selection_2026-09-18/README.md	1083	3c625e2ec399afa4800e17ea275b10aa192dab9ffe341d8c64404088bdbd1757		unreviewed
history/sources/次单调论文研究/正式后的研究/RLEB_solution_selection_2026-09-18.zip!/RLEB_solution_selection_2026-09-18/research_note.md	23267	42cd0a2a7bbf91e105f37f450b239d1b839fa67159a079f5b880acf2710934b7	history/sources/次单调论文研究/正式后的研究/research_note.md	unreviewed
history/sources/次单调论文研究/正式后的研究/RLEB_solution_selection_2026-09-18.zip!/RLEB_solution_selection_2026-09-18/results/geometric_phase.csv	562	d005a7c53de7993f0aafe705752999b5156cd247406e063c2466d25e5dab5735		unreviewed
history/sources/次单调论文研究/正式后的研究/RLEB_solution_selection_2026-09-18.zip!/RLEB_solution_selection_2026-09-18/results/quadratic_phase.csv	635	ffc1be7eff83c774d7367c6419b854d65dff6281b185902c6af2e44b0cff8df9		unreviewed
history/sources/次单调论文研究/正式后的研究/RLEB_solution_selection_2026-09-18.zip!/RLEB_solution_selection_2026-09-18/results/verification_results.json	4198	b9ed4af5035432b7dbd0edf49326b7ab5421b89757f6eb214ccfd76f618c9590		unreviewed
history/sources/次单调论文研究/正式后的研究/RLEB_solution_selection_2026-09-18.zip!/RLEB_solution_selection_2026-09-18/verify_research.py	8190	3344b5059c62af5672c37e2d3136cb3e1a33dd326e013d5422b4b2e6227ef05c		unreviewed
