中文相对路径,原始路径,资产类别,用途,证据状态,是否权威版本,SHA256
00_从这里开始/README_本目录说明.md,GENERATED:整理层_2026-09-14,导航,整理层说明；不是数学正文,REFERENCE,否,36b3de108c218376d201078f2fe12d60b2474de02b30ce9f4adc487e0752938e
00_从这里开始/README_研究资产导航.md,GENERATED:整理层_2026-09-14,导航,整理层说明；不是数学正文,REFERENCE,否,fd68b54b79e9afc755829e9e11df3cee6dc0f294e78e6fe5891168f8baafd4c1
00_从这里开始/SHA256文件校验清单.txt,GENERATED:整理层_2026-09-14,校验清单,整理层说明；不是数学正文,REFERENCE,否,清单不散列自身；由外层ZIP覆盖
00_从这里开始/manifest.json,GENERATED:整理层_2026-09-14,机器清单,整理层说明；不是数学正文,REFERENCE,否,见SHA256文件校验清单.txt
00_从这里开始/当前成果与可信度.yaml,GENERATED:整理层_2026-09-14,状态总账,整理层说明；不是数学正文,REFERENCE,否,a17e367fe94c88edb7d97cc87443fca2fea52cf42b2b66677687b3ddfd2b9846
00_从这里开始/打包筛选说明.md,GENERATED:整理层_2026-09-14,导航,整理层说明；不是数学正文,REFERENCE,否,06f210e7fcc7dd0810019a81f39a7c3a3a508fafe1b8744388d0a5955ecd2411
00_从这里开始/文件来源与中文名称对照.csv,GENERATED:整理层_2026-09-14,来源对照,整理层说明；不是数学正文,REFERENCE,否,见SHA256文件校验清单.txt
00_从这里开始/研究资产总览与超边图.html,GENERATED:整理层_2026-09-14,离线交互导航,整理层说明；不是数学正文,REFERENCE,否,9f60debf32430e49c7a20642802a65f578d94a5b3736e66e974a64cc8b8591a5
00_从这里开始/纳入与排除台账.csv,GENERATED:整理层_2026-09-14,筛选台账,整理层说明；不是数学正文,REFERENCE,否,8717065f1e87eb08dabb2a28424869fa16a5d064a78a03122050980088b99e58
00_从这里开始/给未来Codex和PRO的使用说明.md,GENERATED:整理层_2026-09-14,导航,整理层说明；不是数学正文,REFERENCE,否,72e19ba740ede30b894aa3941f131f2818558c800665b0b2868c483d3d84b90f
00_从这里开始/资产关系数据.json,GENERATED:整理层_2026-09-14,关系数据,整理层说明；不是数学正文,REFERENCE,否,ac748888c5cdea2dd8b5ba6daa7ad254b4feedfd1e4241a7ef001fc449264046
01_RL_PPA核心理论/01_论文主稿/RL与广义次正则_当前排版论文.pdf,output/pdf/RL_PPA_generalized_subregularity_Boluo.pdf,主稿,当前可阅读论文，配合审计使用,PENDING,是（仅此表示入口）,e0289b1f9e76fddd174986a009fbaf2db1ba3b51476689d517a22fd0b4c2aaae
01_RL_PPA核心理论/01_论文主稿/RL与广义次正则_当前论文源.tex,output/pdf/RL_PPA_generalized_subregularity_Boluo.tex,源文件,当前 PDF 对应 TeX；XeLaTeX 构建,PENDING,是（仅此表示入口）,8d0565a57c6580f9ddf7264560bde5a07215af1238033efdc11bb5fe71db56e8
01_RL_PPA核心理论/01_论文主稿/RL核心数学合稿_T5_2026-09-07.md,upload/01-RL_PPA_T5_core_manuscript_2026-09-07.md,主稿,最终敌对审稿引用行号的原始合稿,PENDING,是（仅此表示入口）,8bc3d4906f9d28ca349aad1df068eb8d5f9272d65bb731346f0949f63b9975e9
01_RL_PPA核心理论/01_论文主稿/author_boluo.png,output/pdf/author_boluo.png,构建依赖,作者中文署名图，TeX 硬编码依赖,REFERENCE,是（仅此表示入口）,31443d3720ddc30e4e63342afd177119e2813f9b4d45652153b58963a5b2aaf1
01_RL_PPA核心理论/02_核心推导/RL与次正则_原始主推导.md,main_derivations.md,定义与推导,原始概念与推导起点,PENDING,否,88beb6be932bae4f9c4af78c864b5b1dc8814e4cc86ff4bc13c28d03e7337369
01_RL_PPA核心理论/02_核心推导/核心定理链_补位终审与完整量词.md,t4_theorem_rescue.md,证明,允许转移、coverage、半径与有限长定理链,PENDING,否,0aada547bb4fddba1abb121e0cff03e5af55e491bc49eab6d3c6816bb91bddac
01_RL_PPA核心理论/02_核心推导/独立证书组合_第二阶段根推导.md,phase2_root_derivations.md,定义与推导,两侧独立证书及统一一步接口,PENDING,否,291c5b79461230d89e9ad33edbec875ff630afea213817bc9d2b99ef6caba433
01_RL_PPA核心理论/03_判别方法与理论升级/C11复合次正则_定量模块与未解边界.md,output/ATTACK_C11_COMPOSITE_GENERALIZED_SUBREGULARITY.md,理论升级,同目标复合验证器、非幂 gauge 与二阶目标,PENDING,否,d9f9e5c53c41d827a7fd25250fbd5cbee3c3f2d08c41d245dc9b8f552b084619
01_RL_PPA核心理论/03_判别方法与理论升级/RL旗舰升级_架构与待攻关接口.md,output/RL_FLAGSHIP_UPGRADE_ARCHITECTURE.md,任务架构,从成熟接口到旗舰缺口的架构,PENDING,否,c346477dc8ed1f372e94adafbc98f5d39249fbcce9a94654f9e014d8d1560c09
01_RL_PPA核心理论/03_判别方法与理论升级/多步路径与有限捕获_RL研究札记_2026-09-09.md,output/MULTISTEP_PATHWISE_RL_RESEARCH_NOTE_2026-09-09.md,理论升级,合法路径语言、块端点及中间步预算,PENDING,否,74d9a2b464aba8d9b585b7c30e61b8faca8eab78b23da7f634cac04c5a18b4b4
01_RL_PPA核心理论/03_判别方法与理论升级/独立接口_对抗综合与作用域.md,phase2_adversarial_synthesis.md,理论升级,两侧独立验证的合法组合地图,PENDING,否,b9c3beb06b4835bb08b30ae0bef5524c2ceeee06beef5bb2a1ac37dfbcf3b4f7
01_RL_PPA核心理论/04_证明审计与敌对审稿/定理量词与精确性_独立数学审计_T4.md,t4_proof_audit.md,审计,独立检查量词、预算、半径和最佳指数,PENDING,否,11638100ad65607b8a22bb141e8b8dc15a5c93c4e9a3c6389078341bd8d9231a
01_RL_PPA核心理论/04_证明审计与敌对审稿/总体敌对审稿_修复清单与PRO导入许可_T5F.md,T5_AUDIT_F_REFEREE.md,审计,当前可信度和导入限制的首要审计入口,PENDING,是（仅此表示入口）,c8051e2b5c6b8aba640bdda54dc873b33476c7c99d4719e854a4cadada67945e
01_RL_PPA核心理论/04_证明审计与敌对审稿/最终合稿_代数与定理差异复核_T5A.md,T5_AUDIT_A_FINAL_MANUSCRIPT_DELTA.md,审计,真实合稿的代数复核与差异,PENDING,否,4ad5e7214b9c61beb04d0e4b1af1c8c95cd5a44aefe535e1066e1b15b1bacb78
01_RL_PPA核心理论/04_证明审计与敌对审稿/最终合稿_实例常数与反例重审_T5E.md,T5_AUDIT_E_MERGED_RECHECK.md,审计,实例、最佳指数、正常直接证明、反向例重审,PENDING,否,20002ded0e0acfa115c3303b040f00399695f29a3573f06480d49f216529f428
01_RL_PPA核心理论/04_证明审计与敌对审稿/核心论证框架_敌对审稿_T4.md,t4_reviewer_redteam.md,审计,框架与贡献红队,PENDING,否,5c0c211ef0907efb5ace5e3783f69b99574f4ef450ffe112ea1ab469d1b7833e
01_RL_PPA核心理论/04_证明审计与敌对审稿/理论谱系与贡献边界_文献论证_T4.md,t4_literature_argument.md,文献证据,比较框架与来源范围,PENDING,否,e5b73c1aa83ce6266895e5912263843acc1c7e45829999af01da0876c50e049e
01_RL_PPA核心理论/05_实例与反例/指定竞争证书_分离与退化幸存者.md,phase2_competitor_separation.md,反例,限定测试的比较与反例,PENDING,否,5f79dcee04a16fce8bc4993c7058399d4c7d1842121efc4c00de328511beeed9
01_RL_PPA核心理论/05_实例与反例/支撑函数与法锥_自然类推导.md,phase2_natural_classes.md,例子,自然类与非孤立解集实例,PENDING,否,abe082412883506ab76bdcc2b653f7971ecacb82205dd7cbe632186c84e8c2c9
01_RL_PPA核心理论/06_验证程序/验证_C11复合次正则.py,output/verify_c11_composite.py,程序,复合模块公式数值检查,NOT_EXECUTED,否,c5324260c85b9f8c28ac5e0c30f3ae79520488efd3203d3a3ee45ecd8c052247
01_RL_PPA核心理论/06_验证程序/验证_RL合稿实例与常数.py,T5_AUDIT_E_checks.py,程序,实例与常数复核脚本,NOT_EXECUTED,否,3a3dab8045bf30d722fab12d2c135f0b641b9ddcbb3d6fa8ffc029d6af587981
01_RL_PPA核心理论/README_本目录说明.md,GENERATED:整理层_2026-09-14,导航,整理层说明；不是数学正文,REFERENCE,否,afda6878ddf4ab06fc83154a260f4ffe454b89a2491a1b5297fb674da66c4bd1
02_锥优化_CRSC_MSCQ/01_论文主稿/冻结最小面CRSC与MSCQ_当前论文_v04.pdf,output/conic_paper/latex_v01/main.pdf,主稿,当前最成熟锥论文 PDF,PROVED,是（仅此表示入口）,273086ca09fbc68cbb0ee2eb59313994dc86b434281dcc8ff777618edc52b6c3
02_锥优化_CRSC_MSCQ/02_可编译源文件/author-cjk.enc,output/conic_paper/latex_v01/author-cjk.enc,构建依赖,作者字体 TeX 编码,REFERENCE,是（仅此表示入口）,61ea965bb94ec304c76eda1e1528320f62914f31cf9db1ec0ae096b16cf95e04
02_锥优化_CRSC_MSCQ/02_可编译源文件/author-cjk.tfm,output/conic_paper/latex_v01/author-cjk.tfm,构建依赖,作者字体 TeX metrics,REFERENCE,是（仅此表示入口）,37b9b5e90901b5801752f43349a2a8c7e89ce0999e7756ccdd265cce30c88752
02_锥优化_CRSC_MSCQ/02_可编译源文件/author-cjk.ttf,output/conic_paper/latex_v01/author-cjk.ttf,构建依赖,中文作者 TrueType 字体子集,REFERENCE,是（仅此表示入口）,d6aef8f34ecff3ad54d910d5c324187cb20c629417291aa3a232ae7fc4c66ab5
02_锥优化_CRSC_MSCQ/02_可编译源文件/build.sh,output/conic_paper/latex_v01/build.sh,构建依赖,原生产环境构建脚本,REFERENCE,是（仅此表示入口）,757c605db6fe0d74ae6b9bf5ac02fda2bd48bc173f3d0fa114d6c9b36b41bc4d
02_锥优化_CRSC_MSCQ/02_可编译源文件/build_author_font.py,output/conic_paper/latex_v01/build_author_font.py,程序,可选作者字体再生成；非普通编译前提,NOT_EXECUTED,是（仅此表示入口）,370dd0420fbf6927f5657b982926e613024bf3fe18916fb2f637e33e7a2579e0
02_锥优化_CRSC_MSCQ/02_可编译源文件/main.bbl,output/conic_paper/latex_v01/main.bbl,构建依赖,已生成书目，便于离线复现,REFERENCE,是（仅此表示入口）,75cc4d3dd2cbc30c58722f5929c16e4edaf19c47773162ea533ff4e3d6a9ca18
02_锥优化_CRSC_MSCQ/02_可编译源文件/main.tex,output/conic_paper/latex_v01/main.tex,源文件,主稿源文件,REFERENCE,是（仅此表示入口）,4da7f81e1907a866f656eb2ab4da98e1efc2f156c5370c89016f2cba3c7a9af3
02_锥优化_CRSC_MSCQ/02_可编译源文件/references.bib,output/conic_paper/latex_v01/references.bib,文献证据,13 条书目记录；含正式版与作者稿分列,REFERENCE,是（仅此表示入口）,14cf0474d90a34fa9c3aa4b89bf409446aca78975d31925823861fd1d4533ef5
02_锥优化_CRSC_MSCQ/02_可编译源文件/中文作者字体来源与再生成说明.md,output/conic_paper/latex_v01/FONT_SOURCE.md,构建说明,中文作者字体来源与再生成说明,REFERENCE,是（仅此表示入口）,f1c8a973c94191fe80fd0c043fa97d09495cc7b0a0f8ea431673dc9492743c8d
02_锥优化_CRSC_MSCQ/02_可编译源文件/原始构建与数学范围说明.md,output/conic_paper/latex_v01/README.md,构建说明,原始构建与数学范围说明,REFERENCE,是（仅此表示入口）,14b4fc8132f99e8b47136dff8a4ffe622a23359d31b5c25427f399c76284b720
02_锥优化_CRSC_MSCQ/02_可编译源文件/构建报告与版本核对_v04.md,output/conic_paper/latex_v01/BUILD_REPORT.md,构建说明,构建报告与版本核对_v04,REFERENCE,是（仅此表示入口）,2b468477e4199db8beb39c22b4e2f2ec9fee95ccf75ff951bbae2b7d1bd943ad
02_锥优化_CRSC_MSCQ/02_可编译源文件/论文证据范围与未闭合门槛台账.md,output/conic_paper/latex_v01/DRAFT_LEDGER.md,文献证据,论文证据范围与未闭合门槛台账,REFERENCE,是（仅此表示入口）,bc8099c34a9402685c9b7decdc08c0089a96720b31117d4769617d36f6820777
02_锥优化_CRSC_MSCQ/03_核心证明审计/冻结CRSC_秩夹逼与MSCQ核心证明审计.md,output/conic_paper/CORE_PROOF_AUDIT.md,审计,冻结CRSC_秩夹逼与MSCQ核心证明审计,PROVED,否,e163ade04e7c5e3a82f6d44ed0034809ef519650ffc3758d1c95fc6de65d3280
02_锥优化_CRSC_MSCQ/03_核心证明审计/耦合SOC与PSD_正例及显式常数审计.md,output/conic_paper/EXAMPLES_AND_CONSTANTS_AUDIT.md,例子,耦合SOC与PSD_正例及显式常数审计,PROVED,否,f5a35d8bbbea1ecf8509f7475169cbca130697ce1d992968d205e780cbb93e12
02_锥优化_CRSC_MSCQ/03_核心证明审计/锥论文_最终论证架构与依赖链.md,output/conic_paper/T4_argument_architecture.md,定义与推导,锥论文_最终论证架构与依赖链,PENDING,否,5622b9ac9381e1df99cb042e7b210e19d2ace230800cc87c989271981b562ac3
02_锥优化_CRSC_MSCQ/04_边界反例与优先权/CRSC与MSCQ_优先权及正式版证据矩阵.md,output/conic_paper/PRIORITY_EVIDENCE_MATRIX.md,文献证据,CRSC与MSCQ_优先权及正式版证据矩阵,PENDING,否,29940cbcb539028e84fc01bfc23d06b7ae84fa67b473056edb0f60a9fa846ab2
02_锥优化_CRSC_MSCQ/04_边界反例与优先权/Nice非Amenable锥_边界反例与必要性审计.md,output/conic_paper/BOUNDARY_COUNTEREXAMPLE_AUDIT.md,反例,Nice非Amenable锥_边界反例与必要性审计,OBSTRUCTED,否,9fab8462655691771a570c04e940503d4015bfa5e57b75aff42cede08709ee9b
02_锥优化_CRSC_MSCQ/05_验证程序/验证_SOC与PSD实例常数.py,output/conic_paper/verify_examples_constants.py,程序,验证_SOC与PSD实例常数,NOT_EXECUTED,否,667f22012eb86427e7817c13e6b7b8160549b46a3ca0d118502cf6f95f126fda
02_锥优化_CRSC_MSCQ/README_本目录说明.md,GENERATED:整理层_2026-09-14,导航,整理层说明；不是数学正文,REFERENCE,否,80a8cb8bc8ed60765de279b08a488fbc6ab1e7645df48f68079284961fd79b45
03_随机与Markov理论/01_随机RL主线/质量稀释与矩匹配_随机提升独立审计.md,output/AUDIT_STOCHASTIC_MASS_DILUTION_AND_MATCHING.md,审计,质量稀释与矩匹配_随机提升独立审计,OBSTRUCTED,否,ce8a410e86ef07eb111dcd28b6cf92c25f6738194c91059993d4e1e1212a69d9
03_随机与Markov理论/01_随机RL主线/随机RL_合法耦合接口与提升障碍.md,output/STOCHASTIC_RL_THEORY_ATTACK.md,定义与推导,随机RL_合法耦合接口与提升障碍,PENDING,否,94b4d0df4016189ad90bb0c6b301f23d097666da3d44db0074b22ddadc569f50
03_随机与Markov理论/02_有限状态分类/有限状态_精确零集与线性误差界等价.md,output/MARKOV_FINITE_STATE_EXACT_ZERO_LINEAR_EB.md,证明,有限状态_精确零集与线性误差界等价,PROVED,否,0608f742257d34447292b83025bd40ea4768bd5f3972cd7cb224b9375669bf00
03_随机与Markov理论/02_有限状态分类/有限状态分类与惰性四循环_精确独立审计.md,output/AUDIT_MARKOV_FINITE_STATE_LAZY4.md,审计,有限状态分类与惰性四循环_精确独立审计,PROVED,否,fd3c3f75b9b7bf94b978c933fbae3e2a69467eaecf6fffaaa8451b49e3cd612b
03_随机与Markov理论/03_无限状态障碍/有限与无限状态_反例及正则性障碍独立审计.md,output/AUDIT_MARKOV_COUNTEREXAMPLE.md,反例,有限与无限状态_反例及正则性障碍独立审计,OBSTRUCTED,否,3416727429588eb73b811b20fe45b49b4d2a2eef795190888fc602ee24281aa2
03_随机与Markov理论/04_相关性与随机表示/条件残差修复_独立敌对审计与高斯锐常数.md,output/AUDIT_MARKOV_CONDITIONAL_REPAIR.md,审计,条件残差修复_独立敌对审计与高斯锐常数,PENDING,否,1d02926016b2e79e210d578303de4e80427999f99a33ab4840b1d9c68effe6eb
03_随机与Markov理论/04_相关性与随机表示/条件残差修复_相关性与块刷新定理.md,output/ATTACK_MARKOV_CONDITIONAL_REPAIR.md,证明,条件残差修复_相关性与块刷新定理,PENDING,否,91f7a071db2d62e1b8ab965e6cb13d1d0568f582b72eb4bc47dc0b6e22357072
03_随机与Markov理论/04_相关性与随机表示/相关性感知_随机近端正类与分支缺陷障碍.md,output/ATTACK_RANDOM_PROXIMAL_CORRELATION_AWARE.md,证明,相关性感知_随机近端正类与分支缺陷障碍,ALREADY_COVERED,否,e56084aba8c568fbbb4493e22afb2c4bbdea120a9f59aef88f6615601f56f4cb
03_随机与Markov理论/04_相关性与随机表示/非乘积随机近端_吸收选择与非不变极限障碍.md,output/ATTACK_NATIVE_NONPRODUCT_RANDOM_PROXIMAL.md,反例,非乘积随机近端_吸收选择与非不变极限障碍,OBSTRUCTED,否,f45947f55a8e36b80e80d90cd31e425fcd869393957d828e7574f6140dd4c3f2
03_随机与Markov理论/05_新颖性及期刊门槛/Markov研究_全球新颖性压力测试与旧机制扣除.md,output/MARKOV_GLOBAL_NOVELTY_AUDIT.md,文献证据,Markov研究_全球新颖性压力测试与旧机制扣除,PENDING,否,47684c88ebee712a63ff6268c849f92c2ecf80a467a48990ac14fcba457a48b3
03_随机与Markov理论/05_新颖性及期刊门槛/有限Markov分类_论文整合与期刊门槛重评.md,output/JOURNAL_REEVALUATION_FINITE_MARKOV_CLASSIFICATION.md,审计,有限Markov分类_论文整合与期刊门槛重评,PENDING,否,4dca9d637e64dea431814d12b126f220e7ef4d70aeca536aad053a42a8e5701f
03_随机与Markov理论/06_验证程序/验证_四状态反例精确证书.py,output/audit_markov_counterexample_exact.py,程序,与相应证明直接关联的计算检查,NOT_EXECUTED,否,c0b512fbccbe2e7d40e0721fb3c41521900d622605309a4f211b42f6392a2151
03_随机与Markov理论/06_验证程序/验证_惰性四循环精确有理数.py,output/audit_markov_finite_state_lazy4_exact.py,程序,与相应证明直接关联的计算检查,NOT_EXECUTED,否,280e57a432bae380d5737b6ead99063902b0448258cdda2d1ab3b7ba7ba65f4e
03_随机与Markov理论/06_验证程序/验证_投影与可数紧致扩展.py,output/audit_markov_extensions_exact.py,程序,与相应证明直接关联的计算检查,NOT_EXECUTED,否,edce45b071adba32b6616c8fe94da452c0b20b9c433f5bc7e66759001fd2a740
03_随机与Markov理论/06_验证程序/验证_有限状态OT严格性.py,output/verify_finite_state_ot_strictness.py,程序,与相应证明直接关联的计算检查,NOT_EXECUTED,否,413918ccd90961c7a332b2f5edd19dbb2b6078efda476e065465c18b7591a659
03_随机与Markov理论/06_验证程序/验证_条件残差修复独立复核.py,output/verify_markov_conditional_repair_independent.py,程序,与相应证明直接关联的计算检查,NOT_EXECUTED,否,0885b8e0e10060e9c47bc24b7327c18d58c3a3a0eb7d9a627846a4d50e33fc02
03_随机与Markov理论/06_验证程序/验证_随机近端相关性与常数.py,output/verify_random_proximal_correlation_aware.py,程序,与相应证明直接关联的计算检查,NOT_EXECUTED,否,87dbfa24f9191d5f11e3372a50e4bd014c9e1e1eac72ccfc23f63047abf097e0
03_随机与Markov理论/06_验证程序/验证_非乘积近端与吸收障碍.py,output/verify_native_nonproduct_random_proximal.py,程序,与相应证明直接关联的计算检查,NOT_EXECUTED,否,1b1ee7af6e7ae35f9c35c5fbc7409365957eefa20fe0d4cfe16df92494f9c55d
03_随机与Markov理论/README_本目录说明.md,GENERATED:整理层_2026-09-14,导航,整理层说明；不是数学正文,REFERENCE,否,4e7c63321a1e8b5b41a0e85c094d7b95abfc14b7cf69f0a9d7d1fe1984dbe81b
04_公开问题与未来攻关/01_原始公开问题/正则性公开问题_用户原始材料.md,upload/01-OPEN_PROBLEMS_REGULARITY.md,原始材料,保留原始问题与来源，不承诺当前仍开放,REFERENCE,否,3e0c9aca101d5165f7cd4f0e2db7824933a77e4a2aaf1ec5d61769c752d2471c
04_公开问题与未来攻关/01_原始公开问题/结构化算子公开问题_用户原始材料.md,upload/01-OPEN_PROBLEMS_STRUCTURED_OPERATORS.md,原始材料,保留原始问题与 verifier 能力边界,REFERENCE,否,646ab1a29819c8b6a96dff9508082e1e264632226241a1efe7c1366d555fad3b
04_公开问题与未来攻关/02_筛选与红队结论/公开问题攻关_可复用定理与失败边界_2026-09-09.md,output/PPA_RL_OPEN_PROBLEMS_ATTACK_REPORT_2026-09-09.md,任务计划,残差转移、warped、multiweak 和整轨道边界,PENDING,否,58a3f2f1dc4fcdd93c1b5f7e633c6ebc6ed5274c26cf29ac7fc485929c8beb9e
04_公开问题与未来攻关/02_筛选与红队结论/公开问题终局红队_历史筛选与停止条件.md,output/FINAL_REDTEAM_TOP_PROBLEMS.md,任务计划,保留有用排雷；旧优先级不作为今日任务顺序,SUPERSEDED,否,91cd826a594c49873e0c97a78ebe22888a1eb44d487a8351e3db243a4f6b5360
04_公开问题与未来攻关/03_旗舰问题任务书/Codex旗舰攻关_历史任务书与验收标准_2026-09-09.md,output/CODEX_FLAGSHIP_NEXT_ATTACKS_2026-09-09.md,任务计划,内容可复用，但排序由后续一个月计划更新,SUPERSEDED,否,ecaec4f83c8381a4bc448ee1946141eeba2d950bbd2af8cabf15f1f066a5435e
04_公开问题与未来攻关/04_一个月研究计划/三主线人机协作_30天研究计划_2026-09-10.md,output/RL_RESEARCH_30_DAY_HUMAN_CODEX_PLAN_2026-09-10.md,任务计划,最新可用研究计划；历史日期不自动平移，未将混沌侦察算成果,PENDING,是（仅此表示入口）,30621d0196488d01a748d6bba89c5f62b031791c7f92b49308a514e0d548bda5
04_公开问题与未来攻关/README_本目录说明.md,GENERATED:整理层_2026-09-14,导航,整理层说明；不是数学正文,REFERENCE,否,75085483a92f0a020038de588fe712856602f7475aeb01dbda434e175bbadf08
05_文献证据与来源快照/01_关键原始论文/Frankowska_1989_逆映射原始论文.pdf,frankowska_1989_inverse.pdf,原始文献,已在工作区的关键原始 PDF,REFERENCE,是（仅此表示入口）,a1d05d419913cd9bdb463ca868f705960c96598c5be582fb58908b55111c2892
05_文献证据与来源快照/02_文献检索记录/广义次正则_2024至2026文献审计.md,m3_generalized_2024_2026_audit.md,文献证据,广义次正则近期文献审计快照,REFERENCE,否,376316e389eaa1efe2e41008a9669b75c92c4fc9b2ec33978a1b4d2efe089884
05_文献证据与来源快照/02_文献检索记录/广义次正则_2024至2026查询日志.json,m3_generalized_2024_2026_query_log.json,检索日志,保留可追溯检索串与来源,REFERENCE,否,c167084e323955f8e6d302113533bdbb7145ccd8b464668b38c028c5793c7e22
05_文献证据与来源快照/03_用户提供的原始材料/历史项目状态_不可作为当前验收.yaml,project_state.yaml,原始材料,记录历史 accepted 与当前保守状态的冲突,SUPERSEDED,否,159a12fa7659ddaba07346c57b7ffa568df0a25d8e3ddc343bf697de099b452d
05_文献证据与来源快照/README_本目录说明.md,GENERATED:整理层_2026-09-14,导航,整理层说明；不是数学正文,REFERENCE,否,49ed752a056539945c1448e4a166f3c39b65136956524ab9e1e46b0068bdb156
06_关键失败与研究边界/README_本目录说明.md,GENERATED:整理层_2026-09-14,导航,整理层说明；不是数学正文,REFERENCE,否,6cf540aec808bdb6bf566641552216c56ab075a8f0ed74ae2ec76cd0f953ae4d
06_关键失败与研究边界/不应再次重复的失败路线.md,GENERATED:整理层_2026-09-14,边界摘要,整理层说明；不是数学正文,REFERENCE,否,8b41e464e028ca617b1fecc19540b437360d9f68115dce5a0d29172c4b42e091
06_关键失败与研究边界/尚未证明的候选命题.md,GENERATED:整理层_2026-09-14,边界摘要,整理层说明；不是数学正文,REFERENCE,否,ad3a2fc2add2f29ae7043f2bed6fbaad22d7d0b0ab89aa5db655e8261e78459b
06_关键失败与研究边界/已证明的不可能性与障碍.md,GENERATED:整理层_2026-09-14,边界摘要,整理层说明；不是数学正文,REFERENCE,否,745ac8f31d3828e676848cb3ad32f5a78d36515970f146cdaedd0bb764cd7d7b
06_关键失败与研究边界/被旧理论覆盖或支配的结果.md,GENERATED:整理层_2026-09-14,边界摘要,整理层说明；不是数学正文,REFERENCE,否,48fadae27a09841d4bdadbe6b0f0ab31882c40b71bf528026bb9207e2fd0c07c
