原始相对路径,字节数,SHA256,纳入决定,理由,包内代表路径
RL_PPA_T4_argument_framework_2026-09-07.md,24399,2126b18633abd825efdcf9c9e34860a7f0a68f5952b747ca784c475ffe790e2b,EXCLUDED,中间代理 / 旧排序 / 旁支冗余；当前综合、最终审计及边界摘要优先,
T5_AUDIT_A_ALGEBRA.md,25967,2d42877515d999259df2b2448a93cd1567692555ccb4b7b7064a63c7dceaa9f5,EXCLUDED,中间代理 / 旧排序 / 旁支冗余；当前综合、最终审计及边界摘要优先,
T5_AUDIT_A_FINAL_MANUSCRIPT_DELTA.md,9775,4ad5e7214b9c61beb04d0e4b1af1c8c95cd5a44aefe535e1066e1b15b1bacb78,INCLUDED,当前核心原件；字节复制,01_RL_PPA核心理论/04_证明审计与敌对审稿/最终合稿_代数与定理差异复核_T5A.md
T5_AUDIT_B_FINAL_DELTA.md,8676,040bfc4c111c40868f65713aa88e0d882a04f5b18faa76af067a1bb644a6c581,EXCLUDED,中间代理 / 旧排序 / 旁支冗余；当前综合、最终审计及边界摘要优先,
T5_AUDIT_B_ORBIT.md,24933,1e8e149ab19357d46687eb6865a1f3943e53c9996583fdfe7dbe9038a88d3217,EXCLUDED,中间代理 / 旧排序 / 旁支冗余；当前综合、最终审计及边界摘要优先,
T5_AUDIT_C_MULTIVALUED_M1.md,33580,86812a2ca69b138db4f5bfd501886b64e4c4bcdc311c60b51a6619fbdbd984d2,EXCLUDED,中间代理 / 旧排序 / 旁支冗余；当前综合、最终审计及边界摘要优先,
T5_AUDIT_D_FINAL_DELTA.md,9082,633bbd495e9646a671cd91e44a63210e4e3bf33f6eba982a2f3f0c79029a67fa,EXCLUDED,中间代理 / 旧排序 / 旁支冗余；当前综合、最终审计及边界摘要优先,
T5_AUDIT_D_REGULARITY.md,18747,ff2503f5ecf29dc11c1c1a0ae0ff732766a599d7c2eb931f9445078bc06b4a2a,EXCLUDED,中间代理 / 旧排序 / 旁支冗余；当前综合、最终审计及边界摘要优先,
T5_AUDIT_E_EXAMPLES.md,25039,0f99930f337e15f9c45803f122a889c100b92dc67226367f1808573ad26d88a1,EXCLUDED,中间代理 / 旧排序 / 旁支冗余；当前综合、最终审计及边界摘要优先,
T5_AUDIT_E_MERGED_RECHECK.md,13828,20002ded0e0acfa115c3303b040f00399695f29a3573f06480d49f216529f428,INCLUDED,当前核心原件；字节复制,01_RL_PPA核心理论/04_证明审计与敌对审稿/最终合稿_实例常数与反例重审_T5E.md
T5_AUDIT_E_checks.py,3179,3a3dab8045bf30d722fab12d2c135f0b641b9ddcbb3d6fa8ffc029d6af587981,INCLUDED,当前核心原件；字节复制,01_RL_PPA核心理论/06_验证程序/验证_RL合稿实例与常数.py
T5_AUDIT_F_REFEREE.md,40264,c8051e2b5c6b8aba640bdda54dc873b33476c7c99d4719e854a4cadada67945e,INCLUDED,当前核心原件；字节复制,01_RL_PPA核心理论/04_证明审计与敌对审稿/总体敌对审稿_修复清单与PRO导入许可_T5F.md
agent_inverse_holder.md,35026,50df983c84afb8f56b9830f908b06fac55047d77538d19f8c375715c2c8059b6,EXCLUDED,中间代理 / 旧排序 / 旁支冗余；当前综合、最终审计及边界摘要优先,
agent_math_audit.md,38674,e641710fefea3bbc2af9c4f5d63b5b1a395ef8d74a963c83b17ad931e8b10cc4,EXCLUDED,中间代理 / 旧排序 / 旁支冗余；当前综合、最终审计及边界摘要优先,
agent_monotonicity.md,40283,18858fe20262f486e13be4a1be1888ea7a3a3ed076f3e8fcb0ecd9f38940b8f2,EXCLUDED,中间代理 / 旧排序 / 旁支冗余；当前综合、最终审计及边界摘要优先,
agent_nonlinear_crossbranch.md,45910,d2c61edcaa906551704973f1b957f94819e2e64b345981154cad71dfc9c150fd,EXCLUDED,中间代理 / 旧排序 / 旁支冗余；当前综合、最终审计及边界摘要优先,
agent_ppa_competitors.md,45720,f746c08efbc25370575d7d6a6926ba91b4248341d2da76507550f6d35bb5f105,EXCLUDED,中间代理 / 旧排序 / 旁支冗余；当前综合、最终审计及边界摘要优先,
agent_subregularity.md,45926,da61737fa3bc46c00e15f96e362b0c4f4e1c9eecd2829756c73a5dda9794a50b,EXCLUDED,中间代理 / 旧排序 / 旁支冗余；当前综合、最终审计及边界摘要优先,
audit_C1_b3.md,22410,564786d44897e7d60d48e11548185abdc3f76bdb6168c7377530c8a95db013cf,EXCLUDED,中间代理 / 旧排序 / 旁支冗余；当前综合、最终审计及边界摘要优先,
audit_C2_prox.md,14878,4d1de62fa7aee6084a2c0e6fabfbc21b966d575c9c5d0560ec8cdc4f0fa93927,EXCLUDED,中间代理 / 旧排序 / 旁支冗余；当前综合、最终审计及边界摘要优先,
audit_C3_pair.md,17744,000ef0ffdcdcbbf2c0c5cd73ea7ca39c6e0367804c1d6eadf782db570d9581e4,EXCLUDED,中间代理 / 旧排序 / 旁支冗余；当前综合、最终审计及边界摘要优先,
audit_C4_b4.md,13557,d266766e6cb09e606a6c0353620f8ba0bd6cfc5b42e3dd9b3a5d568e68736c72,EXCLUDED,中间代理 / 旧排序 / 旁支冗余；当前综合、最终审计及边界摘要优先,
audit_C5_b5.md,21146,889c680c5f779dcfe2a75c944d8f6b719eafceccea41fa22e5ff6719831f0ba6,EXCLUDED,中间代理 / 旧排序 / 旁支冗余；当前综合、最终审计及边界摘要优先,
audit_C6_inexact_novelty.md,26218,9fb5194c2578627925093489a8fc1060f40c3247de14a093578fcd52550b4edb,EXCLUDED,中间代理 / 旧排序 / 旁支冗余；当前综合、最终审计及边界摘要优先,
audit_C7_dualrho_novelty.md,29642,f60e1356fc2e4b22831da0d949b0b551e99ab94a0b81a0a8d37ddae121d95427,EXCLUDED,中间代理 / 旧排序 / 旁支冗余；当前综合、最终审计及边界摘要优先,
audit_D1_pair_nogo.md,19674,c2dd5a726efe1684ecac18bc4860639d95f1ce54febe4cd0f938f0c6c3ae8280,EXCLUDED,中间代理 / 旧排序 / 旁支冗余；当前综合、最终审计及边界摘要优先,
frankowska_1989_inverse.pdf,1580010,a1d05d419913cd9bdb463ca868f705960c96598c5be582fb58908b55111c2892,INCLUDED,当前核心原件；字节复制,05_文献证据与来源快照/01_关键原始论文/Frankowska_1989_逆映射原始论文.pdf
frankowska_page-15.png,178221,d2ef74c7de94792fd725da495da3f362eb8c970b2bb44c392673d95563c758cd,EXCLUDED,QA / 截图 / 中间图像；非必要构建依赖,
frankowska_page-16.png,180570,a790e18ea90ba14ce5a1346adaa4daa7d16a9908f05536e7ac23b6f39740943e,EXCLUDED,QA / 截图 / 中间图像；非必要构建依赖,
frankowska_quincampoix_2012_publisher.html,315532,33a7ce661610120793e4411374d942d54825e8340972559f821759f07ed9298a,EXCLUDED,中间代理 / 旧排序 / 旁支冗余；当前综合、最终审计及边界摘要优先,
general_amenable_audit_gate.yaml,817,f0fba0834ca3ba9d4445160c27044c38db0d1cd6d22a042346ad30222a58d2ef,EXCLUDED,中间代理 / 旧排序 / 旁支冗余；当前综合、最终审计及边界摘要优先,
general_amenable_audit_journal_ledger.csv,977,4a3228cc34fc85ef488593888bab4ace96736e88e9617b14b95c69411572b383,EXCLUDED,中间代理 / 旧排序 / 旁支冗余；当前综合、最终审计及边界摘要优先,
journal_recommendation_gate_2026-09-07.yaml,890,f8bb1dab5015514af8fc23fd0b7b327a87ddbc10dff59dc4b0145344bfe481de,EXCLUDED,中间代理 / 旧排序 / 旁支冗余；当前综合、最终审计及边界摘要优先,
journal_scope_ledger_2026-09-07.csv,2010,5cb313c8efe3cf0cadcca88b8fa320a618de369445eb79a0b6baec150459024e,EXCLUDED,中间代理 / 旧排序 / 旁支冗余；当前综合、最终审计及边界摘要优先,
m3_generalized_2024_2026_audit.md,18811,376316e389eaa1efe2e41008a9669b75c92c4fc9b2ec33978a1b4d2efe089884,INCLUDED,当前核心原件；字节复制,05_文献证据与来源快照/02_文献检索记录/广义次正则_2024至2026文献审计.md
m3_generalized_2024_2026_query_log.json,16305,c167084e323955f8e6d302113533bdbb7145ccd8b464668b38c028c5793c7e22,INCLUDED,当前核心原件；字节复制,05_文献证据与来源快照/02_文献检索记录/广义次正则_2024至2026查询日志.json
main_derivations.md,8371,88beb6be932bae4f9c4af78c864b5b1dc8814e4cc86ff4bc13c28d03e7337369,INCLUDED,当前核心原件；字节复制,01_RL_PPA核心理论/02_核心推导/RL与次正则_原始主推导.md
open_A1_nonmonotone.md,24735,b08876baf7330ca6c6a8153b42c49459177da9fc6f847faa01de766509c0804f,EXCLUDED,中间代理 / 旧排序 / 旁支冗余；当前综合、最终审计及边界摘要优先,
open_A2_weak_minty.md,26559,d02fe789b3626035b40b1c7a57766653a4ddb407ec05c53c67612da9ebad2121,EXCLUDED,中间代理 / 旧排序 / 旁支冗余；当前综合、最终审计及边界摘要优先,
open_A3_semimonotone.md,23017,fe071b237167f91b2b0300e7aaf24655d34c88cce9894bfe78728eff9bb4e05d,EXCLUDED,中间代理 / 旧排序 / 旁支冗余；当前综合、最终审计及边界摘要优先,
open_A4_resolvent_geometry.md,21301,e31f0a57bc7bd28027c19c655b189b7cebb697eb55fd0cb2d522b0cb029edd09,EXCLUDED,中间代理 / 旧排序 / 旁支冗余；当前综合、最终审计及边界摘要优先,
open_A5_proxregular.md,28507,617cb91fa07377dd649eef02a6c9dbde66701c1577c516f2ed2414d7ea53b9d6,EXCLUDED,中间代理 / 旧排序 / 旁支冗余；当前综合、最终审计及边界摘要优先,
open_A6_partial_redteam.md,28436,9e28bee709804f1dde41a5c6642dd8842bc8e329ac10339152bc3158eef93968,EXCLUDED,中间代理 / 旧排序 / 旁支冗余；当前综合、最终审计及边界摘要优先,
output/ATTACK_ADAPTIVE_BREGMAN_FULL_SEQUENCE_CONJECTURE.md,19326,d0eb5ecaf73dbeeeb7762e4e5cf1aa34712da923ce929e63caef1d5f4962d23c,EXCLUDED,中间代理 / 旧排序 / 旁支冗余；当前综合、最终审计及边界摘要优先,
output/ATTACK_BREGMAN_BOUNDARY_OPEN_CONJECTURE.md,10281,48e6c09419e7658d4c61668470c734ad262624326107e275b2c0f89c192033be,EXCLUDED,中间代理 / 旧排序 / 旁支冗余；当前综合、最终审计及边界摘要优先,
output/ATTACK_C11_COMPOSITE_GENERALIZED_SUBREGULARITY.md,23812,d9f9e5c53c41d827a7fd25250fbd5cbee3c3f2d08c41d245dc9b8f552b084619,INCLUDED,当前核心原件；字节复制,01_RL_PPA核心理论/03_判别方法与理论升级/C11复合次正则_定量模块与未解边界.md
output/ATTACK_CDRS_CODERIVATIVE_VERIFIER.md,27989,e4ac5282b8f1d626f60aed7661a29a8ebd9627b742d6d185b09edda8abb7b149,EXCLUDED,中间代理 / 旧排序 / 旁支冗余；当前综合、最终审计及边界摘要优先,
output/ATTACK_CDRS_FINITE_ATLAS_THEOREM.md,32001,cdeac3a09b8c5d026a0bb97f02745aaca786d642585cb63cc2a9e41a673daa9f,EXCLUDED,中间代理 / 旧排序 / 旁支冗余；当前综合、最终审计及边界摘要优先,
output/ATTACK_CDRS_NATIVE_CONTACT_CALCULUS.md,31691,3d8ecaf56849f2b314639a973a7e8393dc21481ae5807363e9b888ddef4a0642,EXCLUDED,中间代理 / 旧排序 / 旁支冗余；当前综合、最终审计及边界摘要优先,
output/ATTACK_CDRS_NATURAL_MODEL.md,18025,fcdd91fab83f90d5a521238dbdeb7277a99ba53583bf7703ffde071549e41a96,EXCLUDED,中间代理 / 旧排序 / 旁支冗余；当前综合、最终审计及边界摘要优先,
output/ATTACK_INTENDED_ADAPTIVE_BREGMAN_CONJECTURE.md,19494,02b94c5f2e5dd24f2957d58d0bfaabe9541ccf58be26abe3f1d498280f618382,EXCLUDED,中间代理 / 旧排序 / 旁支冗余；当前综合、最终审计及边界摘要优先,
output/ATTACK_IRREDUCIBLE_MULTIWEAK.md,22156,af0eabb17aa50c416d3065f629b06885306f3218e10eb10eb561c4bfe05e34aa,EXCLUDED,中间代理 / 旧排序 / 旁支冗余；当前综合、最终审计及边界摘要优先,
output/ATTACK_MARKOV_CONDITIONAL_REPAIR.md,36652,91f7a071db2d62e1b8ab965e6cb13d1d0568f582b72eb4bc47dc0b6e22357072,INCLUDED,当前核心原件；字节复制,03_随机与Markov理论/04_相关性与随机表示/条件残差修复_相关性与块刷新定理.md
output/ATTACK_MARKOV_SUBREG_NECESSITY_CONJECTURE.md,38802,ba9cfe5103119ee1c48536ee7b80411aaf4634970bd1e290bd0d6d41a9de9ba4,EXCLUDED,中间代理 / 旧排序 / 旁支冗余；当前综合、最终审计及边界摘要优先,
output/ATTACK_MOMENTUM_DRS_CONJECTURE_5_7.md,16101,39b1b59c5c879aeec6e1256e20d0edc2020499038cc1eb0bea10382aa6d13d8a,EXCLUDED,中间代理 / 旧排序 / 旁支冗余；当前综合、最终审计及边界摘要优先,
output/ATTACK_MULTIVALUED_RANDOM_RL_APPLICATION.md,24544,f6d361e1ff0990e5e34aae4cbdb6e6cb7be76528d1a6dd8b46829f8a1bf39a02,EXCLUDED,中间代理 / 旧排序 / 旁支冗余；当前综合、最终审计及边界摘要优先,
output/ATTACK_MULTIWEAK_POSITIVE_DESIGN.md,29673,7a14da877ce2066e602b17ebcbe868041b9a363320351870dde0a0cfad13c326,EXCLUDED,中间代理 / 旧排序 / 旁支冗余；当前综合、最终审计及边界摘要优先,
output/ATTACK_NATIVE_NONPRODUCT_RANDOM_PROXIMAL.md,35599,f45947f55a8e36b80e80d90cd31e425fcd869393957d828e7574f6140dd4c3f2,INCLUDED,当前核心原件；字节复制,03_随机与Markov理论/04_相关性与随机表示/非乘积随机近端_吸收选择与非不变极限障碍.md
output/ATTACK_NONLINEAR_CONIC_CRCQ_MSCQ.md,25952,caeddcf054730f9f5834d8b838f169b84d74af2f1c90587beefc9ee613765afc,EXCLUDED,中间代理 / 旧排序 / 旁支冗余；当前综合、最终审计及边界摘要优先,
output/ATTACK_RANDOM_PROXIMAL_CORRELATION_AWARE.md,29078,e56084aba8c568fbbb4493e22afb2c4bbdea120a9f59aef88f6615601f56f4cb,INCLUDED,当前核心原件；字节复制,03_随机与Markov理论/04_相关性与随机表示/相关性感知_随机近端正类与分支缺陷障碍.md
output/AUDIT_ADAPTIVE_BREGMAN_BOUNDARY_REPAIR.md,12204,2e509b4c239993b8da9daa350472aade5179651509a9b3c5efaa59b131601d73,EXCLUDED,中间代理 / 旧排序 / 旁支冗余；当前综合、最终审计及边界摘要优先,
output/AUDIT_ADAPTIVE_BREGMAN_FULL_SEQUENCE.md,22640,855a8f6bcab691231692de1fd0ca14f5c2943d7ece61260fc83df7bbb26d9489,EXCLUDED,中间代理 / 旧排序 / 旁支冗余；当前综合、最终审计及边界摘要优先,
output/AUDIT_CDRS_FLAGSHIP.md,24370,ecf148d6b2b006c79866078233a4791e713e8a48676566a05a3476d833375c07,EXCLUDED,中间代理 / 旧排序 / 旁支冗余；当前综合、最终审计及边界摘要优先,
output/AUDIT_CDRS_NATIVE_CONTACT_CALCULUS.md,27749,cb96d160b6d4dddac064d30dba010ae724316a3746decd3c73ecec7a34598132,EXCLUDED,中间代理 / 旧排序 / 旁支冗余；当前综合、最终审计及边界摘要优先,
output/AUDIT_CRSC_MSCQ_SMOOTH_STRICT_CONES.md,21155,bdca8c28cda07c692910306782837ccac9b00880f5468178b627cb908b1adec1,EXCLUDED,中间代理 / 旧排序 / 旁支冗余；当前综合、最终审计及边界摘要优先,
output/AUDIT_MARKOV_CONDITIONAL_REPAIR.md,26904,1d02926016b2e79e210d578303de4e80427999f99a33ab4840b1d9c68effe6eb,INCLUDED,当前核心原件；字节复制,03_随机与Markov理论/04_相关性与随机表示/条件残差修复_独立敌对审计与高斯锐常数.md
output/AUDIT_MARKOV_COUNTEREXAMPLE.md,39648,3416727429588eb73b811b20fe45b49b4d2a2eef795190888fc602ee24281aa2,INCLUDED,当前核心原件；字节复制,03_随机与Markov理论/03_无限状态障碍/有限与无限状态_反例及正则性障碍独立审计.md
output/AUDIT_MARKOV_FINITE_STATE_LAZY4.md,19080,fd3c3f75b9b7bf94b978c933fbae3e2a69467eaecf6fffaaa8451b49e3cd612b,INCLUDED,当前核心原件；字节复制,03_随机与Markov理论/02_有限状态分类/有限状态分类与惰性四循环_精确独立审计.md
output/AUDIT_MARKOV_NOVELTY_AND_JOURNAL.md,20136,1cfbe8a9670be8b363e9640fdc0c24a6da2a770c69927fe2aee2c303cb83106f,EXCLUDED,中间代理 / 旧排序 / 旁支冗余；当前综合、最终审计及边界摘要优先,
output/AUDIT_MULTIWEAK_ADR_FLAGSHIP.md,17791,dd5f27afb05df50378b54c4028b938807509a7656e86cdbdfb81454cfa47f0ed,EXCLUDED,中间代理 / 旧排序 / 旁支冗余；当前综合、最终审计及边界摘要优先,
output/AUDIT_MULTIWEAK_POSITIVE_DESIGN.md,17514,d02c733e394dbadf035ecae3646faf471c03c607d9f348d8c7e7bd1e45bddbfc,EXCLUDED,中间代理 / 旧排序 / 旁支冗余；当前综合、最终审计及边界摘要优先,
output/AUDIT_NEGATIVE_RELAXATION_PRIOR_ART.md,9997,6ca666d633be4e534004cf2da014ba037434dab265d610abcbe2afce05a70716,EXCLUDED,中间代理 / 旧排序 / 旁支冗余；当前综合、最终审计及边界摘要优先,
output/AUDIT_SINGLE_SOC_CRCQ_MSCQ.md,20928,95434eb2eb211dc2b2f84c5874a9d8864b136e978698f82e142b05aa41694edf,EXCLUDED,中间代理 / 旧排序 / 旁支冗余；当前综合、最终审计及边界摘要优先,
output/AUDIT_STOCHASTIC_MASS_DILUTION_AND_MATCHING.md,23055,ce8a410e86ef07eb111dcd28b6cf92c25f6738194c91059993d4e1e1212a69d9,INCLUDED,当前核心原件；字节复制,03_随机与Markov理论/01_随机RL主线/质量稀释与矩匹配_随机提升独立审计.md
output/CODEX_FLAGSHIP_NEXT_ATTACKS_2026-09-09.md,3543,ecaec4f83c8381a4bc448ee1946141eeba2d950bbd2af8cabf15f1f066a5435e,INCLUDED,当前核心原件；字节复制,04_公开问题与未来攻关/03_旗舰问题任务书/Codex旗舰攻关_历史任务书与验收标准_2026-09-09.md
output/EXTENSION_CRSC_MSCQ_SMOOTH_STRICT_CONES.md,19914,81b80d502b5d85a54e3aef420781656f40654a71ca0195c692de2ce5b4970b4b,EXCLUDED,中间代理 / 旧排序 / 旁支冗余；当前综合、最终审计及边界摘要优先,
output/FINAL_REDTEAM_TOP_PROBLEMS.md,34017,91cd826a594c49873e0c97a78ebe22888a1eb44d487a8351e3db243a4f6b5360,INCLUDED,当前核心原件；字节复制,04_公开问题与未来攻关/02_筛选与红队结论/公开问题终局红队_历史筛选与停止条件.md
output/FLAGSHIP_INEXACT_RL_PPA_DOSSIER.md,32637,17d8d3796f0d467919c6ba9c8b1a684d5ebd84a51693fc66a8ffb5b75122a492,EXCLUDED,中间代理 / 旧排序 / 旁支冗余；当前综合、最终审计及边界摘要优先,
output/FLAGSHIP_MULTIVALUED_SELECTION_DOSSIER.md,27754,2608aa3ebf38fb0df807aa45f5a596a18864a4f3b86e6105ae27285694d678f1,EXCLUDED,中间代理 / 旧排序 / 旁支冗余；当前综合、最终审计及边界摘要优先,
output/FLAGSHIP_MULTIWEAK_ADR_DOSSIER.md,24615,b252022ece5e57b7cfb17a0bdda36b1ea1f40cce47373904f437b93e43a2bad2,EXCLUDED,中间代理 / 旧排序 / 旁支冗余；当前综合、最终审计及边界摘要优先,
output/FLAGSHIP_SPLITTING_LOCAL_EB_DOSSIER.md,32766,b59c836dca8305cec28c36f4afba66b85ad135571161b98ee9e628fd1d03d43f,EXCLUDED,中间代理 / 旧排序 / 旁支冗余；当前综合、最终审计及边界摘要优先,
output/FLAGSHIP_WARPED_DEGENERATE_DOSSIER.md,28942,563378222000781480225145079573019c7c2dbc53497384c7f706affcf3031e,EXCLUDED,中间代理 / 旧排序 / 旁支冗余；当前综合、最终审计及边界摘要优先,
output/FRESH_HIGH_VALUE_OPEN_PROBLEMS.md,21680,4af77896f821006e76daaec9217b19f4ab71cb5906dc519ff812a592713f7bc5,EXCLUDED,中间代理 / 旧排序 / 旁支冗余；当前综合、最终审计及边界摘要优先,
output/HIGH_VALUE_PUBLIC_PROBLEM_SCOUT_ROUND2.md,14518,cc04fb72f8810d935f71a161d0b145b6ff1dbfd61ab242017b017e8db51e1448,EXCLUDED,中间代理 / 旧排序 / 旁支冗余；当前综合、最终审计及边界摘要优先,
output/HOSTILE_TOP3_RL_PPA_OPEN_PROBLEMS.md,29807,8a6c82de51ab15b0d291648fe916c341604aa734c262869aed4027827c26a65f,EXCLUDED,中间代理 / 旧排序 / 旁支冗余；当前综合、最终审计及边界摘要优先,
output/INEXACT_RL_PPA_ATTACK_2026-09-09.md,20495,7cbdf01f6570c10eb265bbc46361e441583a3be3f9b6f7e15fda3c64c09489e1,EXCLUDED,中间代理 / 旧排序 / 旁支冗余；当前综合、最终审计及边界摘要优先,
output/JOURNAL_BAR_REDTEAM_MARKOV_RL.md,25330,ec046de0934f0ea54e94781792731d8e47d51f71ddd8e6a4402c61e5f2c6233f,EXCLUDED,中间代理 / 旧排序 / 旁支冗余；当前综合、最终审计及边界摘要优先,
output/JOURNAL_PRIORITY_AUDIT_SMOOTH_STRICT_CONES.md,22540,8f6bff9d5b32eba36763c7e61acdca739713a28261d6144e2b36fff392d42a1e,EXCLUDED,中间代理 / 旧排序 / 旁支冗余；当前综合、最终审计及边界摘要优先,
output/JOURNAL_REDTEAM_SINGLE_SOC_CRCQ_MSCQ.md,18732,6eac3ee0ef7b8e61d74f7245ca326aab58761b5725945eda656e85df3e137894,EXCLUDED,中间代理 / 旧排序 / 旁支冗余；当前综合、最终审计及边界摘要优先,
output/JOURNAL_REEVALUATION_FINITE_MARKOV_CLASSIFICATION.md,19773,4dca9d637e64dea431814d12b126f220e7ef4d70aeca536aad053a42a8e5701f,INCLUDED,当前核心原件；字节复制,03_随机与Markov理论/05_新颖性及期刊门槛/有限Markov分类_论文整合与期刊门槛重评.md
output/MARKOV_FINITE_STATE_EXACT_ZERO_LINEAR_EB.md,36616,0608f742257d34447292b83025bd40ea4768bd5f3972cd7cb224b9375669bf00,INCLUDED,当前核心原件；字节复制,03_随机与Markov理论/02_有限状态分类/有限状态_精确零集与线性误差界等价.md
output/MARKOV_GLOBAL_NOVELTY_AUDIT.md,32772,47684c88ebee712a63ff6268c849f92c2ecf80a467a48990ac14fcba457a48b3,INCLUDED,当前核心原件；字节复制,03_随机与Markov理论/05_新颖性及期刊门槛/Markov研究_全球新颖性压力测试与旧机制扣除.md
output/MULTISTEP_PATHWISE_RL_RESEARCH_NOTE_2026-09-09.md,24309,74d9a2b464aba8d9b585b7c30e61b8faca8eab78b23da7f634cac04c5a18b4b4,INCLUDED,当前核心原件；字节复制,01_RL_PPA核心理论/03_判别方法与理论升级/多步路径与有限捕获_RL研究札记_2026-09-09.md
output/PORTFOLIO_FINAL_UPDATE_AFTER_AMENABLE_THEOREM.md,12846,6745b539b11d60f239f3e1b40828facf9810eed491ad1c07ff95f02da8d78b6a,EXCLUDED,中间代理 / 旧排序 / 旁支冗余；当前综合、最终审计及边界摘要优先,
output/PORTFOLIO_REDTEAM_RL_PPA_FLAGSHIPS.md,20266,e2d405cd63f6cc568afa71e783ca3a1d5d72819df2f9d79bbbe6defc36481ef0,EXCLUDED,中间代理 / 旧排序 / 旁支冗余；当前综合、最终审计及边界摘要优先,
output/PPA_RL_OPEN_PROBLEMS_ATTACK_REPORT_2026-09-09.md,21549,58a3f2f1dc4fcdd93c1b5f7e633c6ebc6ed5274c26cf29ac7fc485929c8beb9e,INCLUDED,当前核心原件；字节复制,04_公开问题与未来攻关/02_筛选与红队结论/公开问题攻关_可复用定理与失败边界_2026-09-09.md
output/RL_FLAGSHIP_UPGRADE_ARCHITECTURE.md,27195,c346477dc8ed1f372e94adafbc98f5d39249fbcce9a94654f9e014d8d1560c09,INCLUDED,当前核心原件；字节复制,01_RL_PPA核心理论/03_判别方法与理论升级/RL旗舰升级_架构与待攻关接口.md
output/RL_PPA_FLAGSHIP_PROGRAM_AND_CODEX_ATTACKS_2026-09-09.md,19758,fc0f090be438b2628fb98d272d018d0d4afb251c12c971881fa43720a318ba23,EXCLUDED,中间代理 / 旧排序 / 旁支冗余；当前综合、最终审计及边界摘要优先,
output/RL_PPA_THEORY_UPGRADES_PUBLIC_PROBLEMS_2026-09-09.md,14453,8be803dfab778ab1392b98ae06fd5ac79f87b3b6355d548deb245e54ee236c42,EXCLUDED,中间代理 / 旧排序 / 旁支冗余；当前综合、最终审计及边界摘要优先,
output/RL_RESEARCH_30_DAY_HUMAN_CODEX_PLAN_2026-09-10.md,18817,30621d0196488d01a748d6bba89c5f62b031791c7f92b49308a514e0d548bda5,INCLUDED,当前核心原件；字节复制,04_公开问题与未来攻关/04_一个月研究计划/三主线人机协作_30天研究计划_2026-09-10.md
output/RL_T4_CODEX_HANDOFF_2026-09-09.zip,383263,18ce69c6aded46b38b178d1bb70ea4ce0050bb0cbc0d4bde04f13521ec97047a,EXCLUDED,历史 handoff 包/内容；有效主稿、模块和脚本已独立保留,
output/RL_T4_CODEX_HANDOFF_2026-09-09/ATTACK_C11_COMPOSITE_GENERALIZED_SUBREGULARITY.md,23812,d9f9e5c53c41d827a7fd25250fbd5cbee3c3f2d08c41d245dc9b8f552b084619,EXCLUDED,相同内容哈希去重,01_RL_PPA核心理论/03_判别方法与理论升级/C11复合次正则_定量模块与未解边界.md
output/RL_T4_CODEX_HANDOFF_2026-09-09/PROMPT_FOR_NEW_CODEX.md,6716,fd99602f138628bdcd4c81f0360d072973cc334d35a788e55f4ea3f35d752a29,EXCLUDED,历史 handoff 包/内容；有效主稿、模块和脚本已独立保留,
output/RL_T4_CODEX_HANDOFF_2026-09-09/RL_FLAGSHIP_UPGRADE_ARCHITECTURE.md,27195,c346477dc8ed1f372e94adafbc98f5d39249fbcce9a94654f9e014d8d1560c09,EXCLUDED,相同内容哈希去重,01_RL_PPA核心理论/03_判别方法与理论升级/RL旗舰升级_架构与待攻关接口.md
output/RL_T4_CODEX_HANDOFF_2026-09-09/RL_PPA_generalized_subregularity_Boluo.pdf,329898,e0289b1f9e76fddd174986a009fbaf2db1ba3b51476689d517a22fd0b4c2aaae,EXCLUDED,相同内容哈希去重,01_RL_PPA核心理论/01_论文主稿/RL与广义次正则_当前排版论文.pdf
output/RL_T4_CODEX_HANDOFF_2026-09-09/RL_PPA_generalized_subregularity_Boluo.tex,105066,8d0565a57c6580f9ddf7264560bde5a07215af1238033efdc11bb5fe71db56e8,EXCLUDED,相同内容哈希去重,01_RL_PPA核心理论/01_论文主稿/RL与广义次正则_当前论文源.tex
output/RL_T4_CODEX_HANDOFF_2026-09-09/verify_c11_composite.py,1292,c5324260c85b9f8c28ac5e0c30f3ae79520488efd3203d3a3ee45ecd8c052247,EXCLUDED,相同内容哈希去重,01_RL_PPA核心理论/06_验证程序/验证_C11复合次正则.py
output/STOCHASTIC_RL_THEORY_ATTACK.md,27706,94b4d0df4016189ad90bb0c6b301f23d097666da3d44db0074b22ddadc569f50,INCLUDED,当前核心原件；字节复制,03_随机与Markov理论/01_随机RL主线/随机RL_合法耦合接口与提升障碍.md
output/WARPED_BREGMAN_DEGENERATE_RL_UPGRADE_2026-09-09.md,30170,08243cd5269615a82097fcacd7e353f2cadbfa643eff6c36eca1ce6a4bc542e5,EXCLUDED,中间代理 / 旧排序 / 旁支冗余；当前综合、最终审计及边界摘要优先,
output/__pycache__/pep_momentum_drs_cutting_plane.cpython-312.pyc,7456,7b0f6943fecdbda5d37d48040adc24a92ad00f2810ed587dd7d1d8a10156b933,EXCLUDED,Python 缓存；可再生,
output/__pycache__/verify_adaptive_bregman_attack.cpython-312.pyc,14695,1cd2fe1c5ae5aedaebaab306ce191fc31dd4c4a9f63bbdb236643d87feff4376,EXCLUDED,Python 缓存；可再生,
output/__pycache__/verify_finite_state_ot_strictness.cpython-312.pyc,7023,0a30ea03257b7dcd53c6f8f67694e3cca5061d948f93655d352b2f1d266de296,EXCLUDED,Python 缓存；可再生,
output/__pycache__/verify_intended_entropy_adaptive.cpython-312.pyc,11322,ed1a7708b40584e59b28c849b1e0dedf5f64745d4d4ecfd7ec2564a60a1bf276,EXCLUDED,Python 缓存；可再生,
output/__pycache__/verify_markov_conditional_repair.cpython-312.pyc,8682,029d4cddfe8d9331405a08980c3185c083e686653e9cf067cdc9d919359c188e,EXCLUDED,Python 缓存；可再生,
output/__pycache__/verify_momentum_drs_conjecture.cpython-312.pyc,17987,80cd12d7c24e482f4f502ee6384d0d949a0d946c36190b17c732327316b1a02f,EXCLUDED,Python 缓存；可再生,
output/audit_cdrs_native_contact.py,6288,b80400093fddbc269247a52333ba92eadb091cf88a6ff781867a52aee433188e,EXCLUDED,不属最终选定结论的必要脚本；保留对应核心独立验证器,
output/audit_markov_counterexample_exact.py,3703,c0b512fbccbe2e7d40e0721fb3c41521900d622605309a4f211b42f6392a2151,INCLUDED,当前核心原件；字节复制,03_随机与Markov理论/06_验证程序/验证_四状态反例精确证书.py
output/audit_markov_extensions_exact.py,3672,edce45b071adba32b6616c8fe94da452c0b20b9c433f5bc7e66759001fd2a740,INCLUDED,当前核心原件；字节复制,03_随机与Markov理论/06_验证程序/验证_投影与可数紧致扩展.py
output/audit_markov_finite_state_lazy4_exact.py,5512,280e57a432bae380d5737b6ead99063902b0448258cdda2d1ab3b7ba7ba65f4e,INCLUDED,当前核心原件；字节复制,03_随机与Markov理论/06_验证程序/验证_惰性四循环精确有理数.py
output/audit_multiweak_signed_independent.py,5274,306f62c616b78e9fdbf6e0bc4174df26fd0a774bad071f30099f0e5b48bf2777,EXCLUDED,不属最终选定结论的必要脚本；保留对应核心独立验证器,
output/conic_paper/BOUNDARY_COUNTEREXAMPLE_AUDIT.md,22278,9fab8462655691771a570c04e940503d4015bfa5e57b75aff42cede08709ee9b,INCLUDED,当前核心原件；字节复制,02_锥优化_CRSC_MSCQ/04_边界反例与优先权/Nice非Amenable锥_边界反例与必要性审计.md
output/conic_paper/CORE_PROOF_AUDIT.md,19685,e163ade04e7c5e3a82f6d44ed0034809ef519650ffc3758d1c95fc6de65d3280,INCLUDED,当前核心原件；字节复制,02_锥优化_CRSC_MSCQ/03_核心证明审计/冻结CRSC_秩夹逼与MSCQ核心证明审计.md
output/conic_paper/EXAMPLES_AND_CONSTANTS_AUDIT.md,21317,f5a35d8bbbea1ecf8509f7475169cbca130697ce1d992968d205e780cbb93e12,INCLUDED,当前核心原件；字节复制,02_锥优化_CRSC_MSCQ/03_核心证明审计/耦合SOC与PSD_正例及显式常数审计.md
output/conic_paper/FINAL_BOUNDARY_REDTEAM_V02.md,16797,c118d064f2fd3e3f3c51e60e730dc8f954f8c374f5c21a3fe46fd36d98926408,EXCLUDED,锥旧版红队；最终核心审计/构建报告及修复台账已吸收,
output/conic_paper/FINAL_CITATION_REDTEAM_V02.md,22305,a352c0e5663118801b25151e7bc3558bd8582011c3f1e72a23daa97ee228f0be,EXCLUDED,锥旧版红队；最终核心审计/构建报告及修复台账已吸收,
output/conic_paper/FINAL_COMMUNICATION_REDTEAM_V02.md,21727,0f4cbfaf33ce4ca75652c280294ad12f39c20a7d14d6431e6deba6716e106f87,EXCLUDED,锥旧版红队；最终核心审计/构建报告及修复台账已吸收,
output/conic_paper/FINAL_MATH_REDTEAM_V02.md,14667,7cbe4cb7c83ff5c528bb4e8fce3ad57e28d0442165e7d6154fd5b1690f35f177,EXCLUDED,锥旧版红队；最终核心审计/构建报告及修复台账已吸收,
output/conic_paper/PRIORITY_EVIDENCE_MATRIX.md,32688,29940cbcb539028e84fc01bfc23d06b7ae84fa67b473056edb0f60a9fa846ab2,INCLUDED,当前核心原件；字节复制,02_锥优化_CRSC_MSCQ/04_边界反例与优先权/CRSC与MSCQ_优先权及正式版证据矩阵.md
output/conic_paper/RL_CONIC_CRSC_MSCQ_Boluo_v02_source.zip,39909,d4305ea15563d52cb4e40d6befc61a264be25a38dfec708c7cb3dbecd54144d7,EXCLUDED,锥 v02/v03 旧源或旧审计包；当前源和最终审计已保留,
output/conic_paper/RL_CONIC_CRSC_MSCQ_Boluo_v03_audit_package.zip,101612,9e9af65e3275808ec36c394ed59a1a085ea4ba3228ed735229c51fff52dbf255,EXCLUDED,锥 v02/v03 旧源或旧审计包；当前源和最终审计已保留,
output/conic_paper/RL_CONIC_CRSC_MSCQ_Boluo_v03_source.zip,43967,83b218e42dbbb10f241bd565e77f87baa6eb84bb306ace7b20dd4f2d4b0c2d84,EXCLUDED,锥 v02/v03 旧源或旧审计包；当前源和最终审计已保留,
output/conic_paper/RL_CONIC_CRSC_MSCQ_Boluo_v04_source.zip,49603,31f55c7c52d8c77fcebb61657210a9991e872e49b547b57da7065047093f2aa2,EXCLUDED,源 ZIP 已按相同字节展开为唯一资产；见 manifest source_archives,
output/conic_paper/T4_argument_architecture.md,35526,5622b9ac9381e1df99cb042e7b210e19d2ace230800cc87c989271981b562ac3,INCLUDED,当前核心原件；字节复制,02_锥优化_CRSC_MSCQ/03_核心证明审计/锥论文_最终论证架构与依赖链.md
output/conic_paper/latex_v01/BUILD_REPORT.md,23117,2b468477e4199db8beb39c22b4e2f2ec9fee95ccf75ff951bbae2b7d1bd943ad,INCLUDED,当前核心原件；字节复制,02_锥优化_CRSC_MSCQ/02_可编译源文件/构建报告与版本核对_v04.md
output/conic_paper/latex_v01/DRAFT_LEDGER.md,16589,bc8099c34a9402685c9b7decdc08c0089a96720b31117d4769617d36f6820777,INCLUDED,当前核心原件；字节复制,02_锥优化_CRSC_MSCQ/02_可编译源文件/论文证据范围与未闭合门槛台账.md
output/conic_paper/latex_v01/FONT_SOURCE.md,1438,f1c8a973c94191fe80fd0c043fa97d09495cc7b0a0f8ea431673dc9492743c8d,INCLUDED,当前核心原件；字节复制,02_锥优化_CRSC_MSCQ/02_可编译源文件/中文作者字体来源与再生成说明.md
output/conic_paper/latex_v01/README.md,3593,14b4fc8132f99e8b47136dff8a4ffe622a23359d31b5c25427f399c76284b720,INCLUDED,当前核心原件；字节复制,02_锥优化_CRSC_MSCQ/02_可编译源文件/原始构建与数学范围说明.md
output/conic_paper/latex_v01/author-cjk.enc,2335,61ea965bb94ec304c76eda1e1528320f62914f31cf9db1ec0ae096b16cf95e04,INCLUDED,当前核心原件；字节复制,02_锥优化_CRSC_MSCQ/02_可编译源文件/author-cjk.enc
output/conic_paper/latex_v01/author-cjk.tfm,236,37b9b5e90901b5801752f43349a2a8c7e89ce0999e7756ccdd265cce30c88752,INCLUDED,当前核心原件；字节复制,02_锥优化_CRSC_MSCQ/02_可编译源文件/author-cjk.tfm
output/conic_paper/latex_v01/author-cjk.ttf,1300,d6aef8f34ecff3ad54d910d5c324187cb20c629417291aa3a232ae7fc4c66ab5,INCLUDED,当前核心原件；字节复制,02_锥优化_CRSC_MSCQ/02_可编译源文件/author-cjk.ttf
output/conic_paper/latex_v01/bibliography-build.log,154,b3552b209afefe2b318ba0da613c9dc260feb0943e19e80ffd05e6bb7eb165dc,EXCLUDED,LaTeX 临时与缓存产物,
output/conic_paper/latex_v01/build.sh,1130,757c605db6fe0d74ae6b9bf5ac02fda2bd48bc173f3d0fa114d6c9b36b41bc4d,INCLUDED,当前核心原件；字节复制,02_锥优化_CRSC_MSCQ/02_可编译源文件/build.sh
output/conic_paper/latex_v01/build_author_font.py,1483,370dd0420fbf6927f5657b982926e613024bf3fe18916fb2f637e33e7a2579e0,INCLUDED,当前核心原件；字节复制,02_锥优化_CRSC_MSCQ/02_可编译源文件/build_author_font.py
output/conic_paper/latex_v01/compile-pass-1.log,7060,ff71a5d99987e0faf6c16360776f5b772cc99d590caf1425244acf483b085b58,EXCLUDED,LaTeX 临时与缓存产物,
output/conic_paper/latex_v01/compile-pass-2.log,7060,ff71a5d99987e0faf6c16360776f5b772cc99d590caf1425244acf483b085b58,EXCLUDED,LaTeX 临时与缓存产物,
output/conic_paper/latex_v01/compile-pass-3.log,7060,ff71a5d99987e0faf6c16360776f5b772cc99d590caf1425244acf483b085b58,EXCLUDED,LaTeX 临时与缓存产物,
output/conic_paper/latex_v01/compile-pass-4.log,7060,ff71a5d99987e0faf6c16360776f5b772cc99d590caf1425244acf483b085b58,EXCLUDED,LaTeX 临时与缓存产物,
output/conic_paper/latex_v01/expert-result.yaml,6934,d2e105e4238757fc73de4e8bd3241c7962eb439db768cd9eba2363d879d4badd,EXCLUDED,中间代理 / 旧排序 / 旁支冗余；当前综合、最终审计及边界摘要优先,
output/conic_paper/latex_v01/main.aux,12652,74868bfaaad5374383c2a3eaa5e75a9261a4ebf8e782a9f8cdd1da90ec0c4d37,EXCLUDED,LaTeX 临时与缓存产物,
output/conic_paper/latex_v01/main.bbl,5112,75cc4d3dd2cbc30c58722f5929c16e4edaf19c47773162ea533ff4e3d6a9ca18,INCLUDED,当前核心原件；字节复制,02_锥优化_CRSC_MSCQ/02_可编译源文件/main.bbl
output/conic_paper/latex_v01/main.blg,906,e48ed1462e7dd2854e97c9cded6365d8507cfd3b9580df5fb55fd3eae1677a03,EXCLUDED,LaTeX 临时与缓存产物,
output/conic_paper/latex_v01/main.log,28034,9c10ae993d95be173bd63426aab7c43bfd4e86cdb061992e6ca7ab8a30dc8aa9,EXCLUDED,LaTeX 临时与缓存产物,
output/conic_paper/latex_v01/main.out,4976,371cecd5d185521f081f64c2c33f96c86238e6b7e78fd643154f88aedaa86c0f,EXCLUDED,LaTeX 临时与缓存产物,
output/conic_paper/latex_v01/main.pdf,433772,273086ca09fbc68cbb0ee2eb59313994dc86b434281dcc8ff777618edc52b6c3,INCLUDED,当前核心原件；字节复制,02_锥优化_CRSC_MSCQ/01_论文主稿/冻结最小面CRSC与MSCQ_当前论文_v04.pdf
output/conic_paper/latex_v01/main.tex,60352,4da7f81e1907a866f656eb2ab4da98e1efc2f156c5370c89016f2cba3c7a9af3,INCLUDED,当前核心原件；字节复制,02_锥优化_CRSC_MSCQ/02_可编译源文件/main.tex
output/conic_paper/latex_v01/qa/last-page-14.jpg,149237,607bfaad5abbcf920063b59ab0ef8925c801a0954d4c70062954a338352b96bd,EXCLUDED,QA / 截图 / 中间图像；非必要构建依赖,
output/conic_paper/latex_v01/qa/main-layout.txt,66717,21100f26e2d5507da892d8768c63c930a2df4d1b926d047e76621e776a60115d,EXCLUDED,QA / 截图 / 中间图像；非必要构建依赖,
output/conic_paper/latex_v01/qa/page-01.png,146925,92605de442b1b174b27e39c191b09d4edf6447cd6e1a7b071bf86a1cf63bb1b2,EXCLUDED,QA / 截图 / 中间图像；非必要构建依赖,
output/conic_paper/latex_v01/qa/page-02.png,232281,73fef6accd04663aaba420d50487c77c2097a87be60f101b730ba098e7554717,EXCLUDED,QA / 截图 / 中间图像；非必要构建依赖,
output/conic_paper/latex_v01/qa/page-03.png,165414,344be22bddf573d5767cf41d337f693f60062b9192856a8e067753b7d0cf8f99,EXCLUDED,QA / 截图 / 中间图像；非必要构建依赖,
output/conic_paper/latex_v01/qa/page-04.png,169115,95cc56e42fc40d8937c2fc2f2a15cdf397ae9936c77aeb0ad5d75286d791f1c7,EXCLUDED,QA / 截图 / 中间图像；非必要构建依赖,
output/conic_paper/latex_v01/qa/page-05.png,175958,69c6e71693d12b7e0715537828a23cf969cc9c0adee1dfa12ce21811c6ea48cc,EXCLUDED,QA / 截图 / 中间图像；非必要构建依赖,
output/conic_paper/latex_v01/qa/page-06.png,144498,1f044d45cf2fa6dbbafccf93ee3398c015054ba72efdb3f98238c732078996d7,EXCLUDED,QA / 截图 / 中间图像；非必要构建依赖,
output/conic_paper/latex_v01/qa/page-07.png,164174,1400c6eb01f016e0ebc35739bde21713d658a5ad84c9749375929e9b82730c71,EXCLUDED,QA / 截图 / 中间图像；非必要构建依赖,
output/conic_paper/latex_v01/qa/page-08.png,173146,bbddd4b03b553ac39b3fde87ca26d4618cad4af6ffdbd7c8dc6c761054d823d2,EXCLUDED,QA / 截图 / 中间图像；非必要构建依赖,
output/conic_paper/latex_v01/qa/page-09.png,194448,e3eeefca32a6cc0832208f0ebb332114570cd6dc10c659d2a3935e4b8d52929f,EXCLUDED,QA / 截图 / 中间图像；非必要构建依赖,
output/conic_paper/latex_v01/qa/page-10.png,195141,96275f2297f01b2c98635274a3a6c954769922313de1890806a8418b8596604e,EXCLUDED,QA / 截图 / 中间图像；非必要构建依赖,
output/conic_paper/latex_v01/qa/page-11.png,160350,96930ef73f1a3664a0b9b57793eeb6ec8a5bc5c6aa243fade5c12874e021390f,EXCLUDED,QA / 截图 / 中间图像；非必要构建依赖,
output/conic_paper/latex_v01/qa/page-12.png,132742,4f5c41330513f00f90ca7cdf828ba5d58d7aac7e3a2b6f68afd11b75f19245db,EXCLUDED,QA / 截图 / 中间图像；非必要构建依赖,
output/conic_paper/latex_v01/qa/page-13.png,146321,671450e9b249c3e8669250e0679f58cb014ad3e792eee432e48dc8b7975d095f,EXCLUDED,QA / 截图 / 中间图像；非必要构建依赖,
output/conic_paper/latex_v01/qa/page-14.png,32768,7cc39c954b30ece08f7c3db4cde780634422b33b538d39901afb701c7d8db3ad,EXCLUDED,QA / 截图 / 中间图像；非必要构建依赖,
output/conic_paper/latex_v01/qa/page-15.png,158199,e172f04677bc0973356031ba2948ce01b91db8ed6a96f02a819c25cd364ba152,EXCLUDED,QA / 截图 / 中间图像；非必要构建依赖,
output/conic_paper/latex_v01/qa/page-16.png,167047,04ecaf62aee8a3480e91e712ae4ccb0279d64c2544b75a67634a304b75ac3e3a,EXCLUDED,QA / 截图 / 中间图像；非必要构建依赖,
output/conic_paper/latex_v01/qa/page-17.png,148564,9c027cb8c33d3767f4c94e314b73e56295609b5771e9271f3ba3a49ffe60a104,EXCLUDED,QA / 截图 / 中间图像；非必要构建依赖,
output/conic_paper/latex_v01/qa/page-18.png,167998,b23432e51f66e1924c55c61a41296cdf9cc5afa4c1e30d206ef1ef4fb24b2658,EXCLUDED,QA / 截图 / 中间图像；非必要构建依赖,
output/conic_paper/latex_v01/qa/page-19.png,217907,e181db78866f5750015a211837a2476d88c96861e1d11a7ed1817fbc572808f9,EXCLUDED,QA / 截图 / 中间图像；非必要构建依赖,
output/conic_paper/latex_v01/qa/page-20.png,49926,360169eaa162c581abe640c42a39545ddf6c1e4ef23cbe8fc10f74890c634a8a,EXCLUDED,QA / 截图 / 中间图像；非必要构建依赖,
output/conic_paper/latex_v01/qa/v02-01.jpg,114226,e2e3137d9f4710497a9cdcec453eaf01031edf403a3a46e3bd75ae24e3edbcf2,EXCLUDED,QA / 截图 / 中间图像；非必要构建依赖,
output/conic_paper/latex_v01/qa/v02-02.jpg,152777,96ef3597528ed66fa8bff189ac2a875ac100ec123fa4a397a4f2ecbcd77ddbb2,EXCLUDED,QA / 截图 / 中间图像；非必要构建依赖,
output/conic_paper/latex_v01/qa/v02-03.jpg,128930,2e216fa56ca6453fe364b6bf65a43b97f08b884399bf63ed12d37dbefed8da67,EXCLUDED,QA / 截图 / 中间图像；非必要构建依赖,
output/conic_paper/latex_v01/qa/v02-04.jpg,110002,64d454c46428fd00afacbf9161ca7af0ae4b9b4cf7d8d7d64465916a0e6744a6,EXCLUDED,QA / 截图 / 中间图像；非必要构建依赖,
output/conic_paper/latex_v01/qa/v02-05.jpg,111403,6db1bf964086b30edbee024a57563cead156c42dc72396bf57a5b26cc50c762b,EXCLUDED,QA / 截图 / 中间图像；非必要构建依赖,
output/conic_paper/latex_v01/qa/v02-06.jpg,94712,d410fe0aeec44004b8e80d05661455e95326ac9a6a4b1ec73f098d43588de024,EXCLUDED,QA / 截图 / 中间图像；非必要构建依赖,
output/conic_paper/latex_v01/qa/v02-07.jpg,108471,0db1be02225dfdf4e598c987595f6b74ac26cfe832b64fbfbc1f05698068d406,EXCLUDED,QA / 截图 / 中间图像；非必要构建依赖,
output/conic_paper/latex_v01/qa/v02-08.jpg,110314,0bc58594ea99d738840de73b276fc23619809d57ed3adb43e5c5e14210f84647,EXCLUDED,QA / 截图 / 中间图像；非必要构建依赖,
output/conic_paper/latex_v01/qa/v02-09.jpg,143455,23a1667e79bff32f98979ddcc7d99fac3378025307fa05f1da6ee65a319c86d2,EXCLUDED,QA / 截图 / 中间图像；非必要构建依赖,
output/conic_paper/latex_v01/qa/v02-10.jpg,123014,563ec3ad2df622e0193dbeb5f8458a2a35d722c264346edbd59eac58e94f84a4,EXCLUDED,QA / 截图 / 中间图像；非必要构建依赖,
output/conic_paper/latex_v01/qa/v02-11.jpg,110760,dffea6ad380e07a58cfbec2dbca4f16866e7b0977fe7da20458b7d694d989119,EXCLUDED,QA / 截图 / 中间图像；非必要构建依赖,
output/conic_paper/latex_v01/qa/v02-12.jpg,95857,0abdace7961ff1f0830b525e22f37a1c3fbea19a206913cb41b711579615bcad,EXCLUDED,QA / 截图 / 中间图像；非必要构建依赖,
output/conic_paper/latex_v01/qa/v02-13.jpg,87006,85a689fd6e7dc53986de5c9d71af8fda9f69a3e0b820773a16f1285bd6a1b207,EXCLUDED,QA / 截图 / 中间图像；非必要构建依赖,
output/conic_paper/latex_v01/qa/v02-14.jpg,113815,a7bf81a4c8053942059cc5ea8cdfe4341a2a3a7fff3db63343b77403679cc97d,EXCLUDED,QA / 截图 / 中间图像；非必要构建依赖,
output/conic_paper/latex_v01/qa/v02-15.jpg,91671,fea0d622f3f7cf91fa7957aee61a9c0451256f583847f85722d394024d9c46a6,EXCLUDED,QA / 截图 / 中间图像；非必要构建依赖,
output/conic_paper/latex_v01/qa/v02-16.jpg,116840,26e48156bbae1a74599073a4832f1a1ccf8257a80f64cdfea0fc537eaa50388c,EXCLUDED,QA / 截图 / 中间图像；非必要构建依赖,
output/conic_paper/latex_v01/qa/v02-17.jpg,108585,9d4b570bafc8d72eb30b054de958de6af44f389cfc37c0a2ba74aaabfa9858a2,EXCLUDED,QA / 截图 / 中间图像；非必要构建依赖,
output/conic_paper/latex_v01/qa/v02-18.jpg,134534,be0cc828610168a3ad2dfd22f1f2fe874b210b1074ab25fea80fa2b9a6b38001,EXCLUDED,QA / 截图 / 中间图像；非必要构建依赖,
output/conic_paper/latex_v01/qa/v02-19.jpg,125346,c83356acb3ce20931fa369de37df96a6c85bfad708688bbe51026b787132d1ac,EXCLUDED,QA / 截图 / 中间图像；非必要构建依赖,
output/conic_paper/latex_v01/qa/v03-01.jpg,112228,fbf85cf43b4230389b5a57ee09d4bedc67f0b378b2df8b2641cf6583a00943f9,EXCLUDED,QA / 截图 / 中间图像；非必要构建依赖,
output/conic_paper/latex_v01/qa/v03-02.jpg,161114,ccf411e348c874d70a7fa18fd2b1cc7718c24b377596c59c71033f5d6400d6cf,EXCLUDED,QA / 截图 / 中间图像；非必要构建依赖,
output/conic_paper/latex_v01/qa/v03-03.jpg,121291,f34240be9a35dce2c06e508cd322830ec2ead6a7b63308fd4eecfa35c3ba01fd,EXCLUDED,QA / 截图 / 中间图像；非必要构建依赖,
output/conic_paper/latex_v01/qa/v03-04.jpg,111240,15b26142abf1fca84ba30277c448443eae8601f07e99a7e0a1261bfbab416c36,EXCLUDED,QA / 截图 / 中间图像；非必要构建依赖,
output/conic_paper/latex_v01/qa/v03-05.jpg,118978,8b862eb3954ccae3727ecd046d8238457a1cda83830bb4314c6d77e90ad6497d,EXCLUDED,QA / 截图 / 中间图像；非必要构建依赖,
output/conic_paper/latex_v01/qa/v03-06.jpg,91548,67cf4aa4b076f8f97590278e9ed092fec5f23f08aef5fb8ff913e31926604644,EXCLUDED,QA / 截图 / 中间图像；非必要构建依赖,
output/conic_paper/latex_v01/qa/v03-07.jpg,105570,67bbd26deea3b305c77626d552a7bb59c7ea00f285be57058f44968e38773d24,EXCLUDED,QA / 截图 / 中间图像；非必要构建依赖,
output/conic_paper/latex_v01/qa/v03-08.jpg,111138,c936d1a7bae7dddf3e22fdb9b886addfc2835d3b5b85d15cd0c277be3ac0f5b3,EXCLUDED,QA / 截图 / 中间图像；非必要构建依赖,
output/conic_paper/latex_v01/qa/v03-09.jpg,135167,232fb4a43e557403be4c27eed171639bb7d402c7ac250ec22dab067744e58509,EXCLUDED,QA / 截图 / 中间图像；非必要构建依赖,
output/conic_paper/latex_v01/qa/v03-10.jpg,133313,83f13e2604b2080fc47e78ff346ba04a6c1cdfa945ab54a7c8764f10d341b79c,EXCLUDED,QA / 截图 / 中间图像；非必要构建依赖,
output/conic_paper/latex_v01/qa/v03-11.jpg,109155,ff201bec410ccb077f1b8d614c822d45e669bd1d5e69e6e8bd0a261a9e6e2fbe,EXCLUDED,QA / 截图 / 中间图像；非必要构建依赖,
output/conic_paper/latex_v01/qa/v03-12.jpg,86101,45c043885beeab4624e182cd1ca50eadd3ab6dd3e2b981b734c9ba85d7f6330b,EXCLUDED,QA / 截图 / 中间图像；非必要构建依赖,
output/conic_paper/latex_v01/qa/v03-13.jpg,96834,406d9e1e888a41ee6f9d97f36f4bdda745d8b6b3c421b95b863a828451636c70,EXCLUDED,QA / 截图 / 中间图像；非必要构建依赖,
output/conic_paper/latex_v01/qa/v03-14.jpg,103250,b47e423998040c27d313964f7f008d0ff421a4aaa379e34b38ab3d9fc862f940,EXCLUDED,QA / 截图 / 中间图像；非必要构建依赖,
output/conic_paper/latex_v01/qa/v03-15.jpg,103150,78155b5405b22e00540775b118efa0d175bca8c18b5edae2adf6d4cfc7799218,EXCLUDED,QA / 截图 / 中间图像；非必要构建依赖,
output/conic_paper/latex_v01/qa/v03-16.jpg,114622,39175cb7d7dac7c10d7d13ceb3dcbb0ec822119bf78b2df66f8708237ab9e89c,EXCLUDED,QA / 截图 / 中间图像；非必要构建依赖,
output/conic_paper/latex_v01/qa/v03-17.jpg,102323,b881636c83943dbeb32cb1bc9c847a2ceebaf16b6d20a0f3538ae3555465bcb2,EXCLUDED,QA / 截图 / 中间图像；非必要构建依赖,
output/conic_paper/latex_v01/qa/v03-18.jpg,121950,b609f5d8e836ee8f15adda4517b19963de0a498e6aefa4defa1ee8029dd01ec9,EXCLUDED,QA / 截图 / 中间图像；非必要构建依赖,
output/conic_paper/latex_v01/qa/v03-19.jpg,144819,0fc39cfc29af9ba31665c9e7d3478a18f4815e87d6808b430e824937c3d01c21,EXCLUDED,QA / 截图 / 中间图像；非必要构建依赖,
output/conic_paper/latex_v01/qa/v03-20.jpg,39298,b6d4287d612dc2e5d4e429da395f747e3d30f7c192ca90a5ea7a94befe23679b,EXCLUDED,QA / 截图 / 中间图像；非必要构建依赖,
output/conic_paper/latex_v01/qa/v04-01.jpg,112388,118c47a3d016cf548d52f0f5e5bcf8fbbf96589d3a9a7c80f1f0da989776bfa2,EXCLUDED,QA / 截图 / 中间图像；非必要构建依赖,
output/conic_paper/latex_v01/qa/v04-02.jpg,161114,ccf411e348c874d70a7fa18fd2b1cc7718c24b377596c59c71033f5d6400d6cf,EXCLUDED,QA / 截图 / 中间图像；非必要构建依赖,
output/conic_paper/latex_v01/qa/v04-03.jpg,121291,f34240be9a35dce2c06e508cd322830ec2ead6a7b63308fd4eecfa35c3ba01fd,EXCLUDED,QA / 截图 / 中间图像；非必要构建依赖,
output/conic_paper/latex_v01/qa/v04-04.jpg,111240,15b26142abf1fca84ba30277c448443eae8601f07e99a7e0a1261bfbab416c36,EXCLUDED,QA / 截图 / 中间图像；非必要构建依赖,
output/conic_paper/latex_v01/qa/v04-05.jpg,118978,8b862eb3954ccae3727ecd046d8238457a1cda83830bb4314c6d77e90ad6497d,EXCLUDED,QA / 截图 / 中间图像；非必要构建依赖,
output/conic_paper/latex_v01/qa/v04-06.jpg,91548,67cf4aa4b076f8f97590278e9ed092fec5f23f08aef5fb8ff913e31926604644,EXCLUDED,QA / 截图 / 中间图像；非必要构建依赖,
output/conic_paper/latex_v01/qa/v04-07.jpg,105570,67bbd26deea3b305c77626d552a7bb59c7ea00f285be57058f44968e38773d24,EXCLUDED,QA / 截图 / 中间图像；非必要构建依赖,
output/conic_paper/latex_v01/qa/v04-08.jpg,111138,c936d1a7bae7dddf3e22fdb9b886addfc2835d3b5b85d15cd0c277be3ac0f5b3,EXCLUDED,QA / 截图 / 中间图像；非必要构建依赖,
output/conic_paper/latex_v01/qa/v04-09.jpg,135167,232fb4a43e557403be4c27eed171639bb7d402c7ac250ec22dab067744e58509,EXCLUDED,QA / 截图 / 中间图像；非必要构建依赖,
output/conic_paper/latex_v01/qa/v04-10.jpg,133313,83f13e2604b2080fc47e78ff346ba04a6c1cdfa945ab54a7c8764f10d341b79c,EXCLUDED,QA / 截图 / 中间图像；非必要构建依赖,
output/conic_paper/latex_v01/qa/v04-11.jpg,109155,ff201bec410ccb077f1b8d614c822d45e669bd1d5e69e6e8bd0a261a9e6e2fbe,EXCLUDED,QA / 截图 / 中间图像；非必要构建依赖,
output/conic_paper/latex_v01/qa/v04-12.jpg,86101,45c043885beeab4624e182cd1ca50eadd3ab6dd3e2b981b734c9ba85d7f6330b,EXCLUDED,QA / 截图 / 中间图像；非必要构建依赖,
output/conic_paper/latex_v01/qa/v04-13.jpg,96834,406d9e1e888a41ee6f9d97f36f4bdda745d8b6b3c421b95b863a828451636c70,EXCLUDED,QA / 截图 / 中间图像；非必要构建依赖,
output/conic_paper/latex_v01/qa/v04-14.jpg,103250,b47e423998040c27d313964f7f008d0ff421a4aaa379e34b38ab3d9fc862f940,EXCLUDED,QA / 截图 / 中间图像；非必要构建依赖,
output/conic_paper/latex_v01/qa/v04-15.jpg,103150,78155b5405b22e00540775b118efa0d175bca8c18b5edae2adf6d4cfc7799218,EXCLUDED,QA / 截图 / 中间图像；非必要构建依赖,
output/conic_paper/latex_v01/qa/v04-16.jpg,114622,39175cb7d7dac7c10d7d13ceb3dcbb0ec822119bf78b2df66f8708237ab9e89c,EXCLUDED,QA / 截图 / 中间图像；非必要构建依赖,
output/conic_paper/latex_v01/qa/v04-17.jpg,102323,b881636c83943dbeb32cb1bc9c847a2ceebaf16b6d20a0f3538ae3555465bcb2,EXCLUDED,QA / 截图 / 中间图像；非必要构建依赖,
output/conic_paper/latex_v01/qa/v04-18.jpg,121950,b609f5d8e836ee8f15adda4517b19963de0a498e6aefa4defa1ee8029dd01ec9,EXCLUDED,QA / 截图 / 中间图像；非必要构建依赖,
output/conic_paper/latex_v01/qa/v04-19.jpg,144819,0fc39cfc29af9ba31665c9e7d3478a18f4815e87d6808b430e824937c3d01c21,EXCLUDED,QA / 截图 / 中间图像；非必要构建依赖,
output/conic_paper/latex_v01/qa/v04-20.jpg,39298,b6d4287d612dc2e5d4e429da395f747e3d30f7c192ca90a5ea7a94befe23679b,EXCLUDED,QA / 截图 / 中间图像；非必要构建依赖,
output/conic_paper/latex_v01/references.bib,5050,14cf0474d90a34fa9c3aa4b89bf409446aca78975d31925823861fd1d4533ef5,INCLUDED,当前核心原件；字节复制,02_锥优化_CRSC_MSCQ/02_可编译源文件/references.bib
output/conic_paper/latex_v01/tex-cache/pdflatex.fmt,6800314,f0f6b4f27856a486ef1e34ad0caddbcfb5717cdb317fe9d3c0bc03f7b34645ed,EXCLUDED,LaTeX 临时与缓存产物,
output/conic_paper/latex_v01/tex-cache/pdflatex.log,63338,b4c7e3dad2941e0571a887f8fa10bb606736a49b1f63cc340f85dc3df53714c7,EXCLUDED,LaTeX 临时与缓存产物,
output/conic_paper/latex_v01/tex-cache/texsys.aux,18,2f3f0e531a166389c7848122034031ad5443b9741635e776b18d07feae4700b0,EXCLUDED,LaTeX 临时与缓存产物,
output/conic_paper/verify_examples_constants.py,3705,667f22012eb86427e7817c13e6b7b8160549b46a3ca0d118502cf6f95f126fda,INCLUDED,当前核心原件；字节复制,02_锥优化_CRSC_MSCQ/05_验证程序/验证_SOC与PSD实例常数.py
output/journal_bar_markov_gate_2026-09-09.yaml,873,1b08fdcf2d5461c310b162d7d6de3ed21272b00805d776405295fd60eab67437,EXCLUDED,中间代理 / 旧排序 / 旁支冗余；当前综合、最终审计及边界摘要优先,
output/journal_bar_markov_sources_2026-09-09.csv,1333,f9565470d14f37742b7cb9e531ab0f500fbd58268454dde17db73991af25233a,EXCLUDED,中间代理 / 旧排序 / 旁支冗余；当前综合、最终审计及边界摘要优先,
output/pdf/RL_PPA_generalized_subregularity_Boluo.aux,8239,2b1bd781d0d971fe478ac5cee10fb697aac89a7f1042d83ad7b2dc495ea6ed70,EXCLUDED,LaTeX 临时与缓存产物,
output/pdf/RL_PPA_generalized_subregularity_Boluo.fdb_latexmk,679,5cbf8bea182308a178a8b04f0078a1751325d7695b7a56da5f610d789aa9f0c5,EXCLUDED,LaTeX 临时与缓存产物,
output/pdf/RL_PPA_generalized_subregularity_Boluo.log,32548,261107a440e87eb296dacd3f7a0e0d2d7205e95c3a5c06cbb294e882e818dd3c,EXCLUDED,LaTeX 临时与缓存产物,
output/pdf/RL_PPA_generalized_subregularity_Boluo.pdf,329898,e0289b1f9e76fddd174986a009fbaf2db1ba3b51476689d517a22fd0b4c2aaae,INCLUDED,当前核心原件；字节复制,01_RL_PPA核心理论/01_论文主稿/RL与广义次正则_当前排版论文.pdf
output/pdf/RL_PPA_generalized_subregularity_Boluo.tex,105066,8d0565a57c6580f9ddf7264560bde5a07215af1238033efdc11bb5fe71db56e8,INCLUDED,当前核心原件；字节复制,01_RL_PPA核心理论/01_论文主稿/RL与广义次正则_当前论文源.tex
output/pdf/RL_PPA_generalized_subregularity_Boluo.toc,3071,06d2b6350599319843c03308e4db5a69d2f743d38475d7f9bb353746dea34819,EXCLUDED,LaTeX 临时与缓存产物,
output/pdf/RL_PPA_generalized_subregularity_Boluo_source.zip,59971,1f2323d2ad752e2217718e3a4b8d8a55eb04436514cae2d67d558a4468e5c9ff,EXCLUDED,源 ZIP 已按相同字节展开为唯一资产；见 manifest source_archives,
output/pdf/author_boluo.pdf,2321,6a8300cda1dfd9a02f8f5981575189f33bd638f33b12718b3957ccd8aa52a71f,EXCLUDED,中间代理 / 旧排序 / 旁支冗余；当前综合、最终审计及边界摘要优先,
output/pdf/author_boluo.png,28517,31443d3720ddc30e4e63342afd177119e2813f9b4d45652153b58963a5b2aaf1,INCLUDED,当前核心原件；字节复制,01_RL_PPA核心理论/01_论文主稿/author_boluo.png
output/pdf/tmp_u83e0.svg,3596,fe8021a72d43532ec39ddd59be88d1816f4ef61f81ce39866ebb9b2b658d67c8,EXCLUDED,QA / 截图 / 中间图像；非必要构建依赖,
output/pdf/tmp_u841d.svg,2160,bd6816c822e8e02257db13bbca61d5a1f7f8465fceec7ebecd2b23019fba8a89,EXCLUDED,QA / 截图 / 中间图像；非必要构建依赖,
output/pdf/xelatex7.fls,171,db399d61ee7be8306e39a600c6e74e7edd478bbb64d044d819eefd6469551319,EXCLUDED,LaTeX 临时与缓存产物,
output/pep_momentum_drs_cutting_plane.py,3564,3cc26fb94263156317f766ee6f1b5b1e251c40f7c74ec753d81cd5350d8ac0eb,EXCLUDED,不属最终选定结论的必要脚本；保留对应核心独立验证器,
output/selection_pathwise_outer_transition_RL_upgrade.md,19764,d7668c189fd92812e48ca2c947dbb37687e489d004e04303c627ada1a162ba8f,EXCLUDED,中间代理 / 旧排序 / 旁支冗余；当前综合、最终审计及边界摘要优先,
output/verify_adaptive_bregman_attack.py,7221,f2858e23cc87a9d02dcaec699870882d0697827c6cad4fe664ea32e69de9e44e,EXCLUDED,不属最终选定结论的必要脚本；保留对应核心独立验证器,
output/verify_c11_composite.py,1292,c5324260c85b9f8c28ac5e0c30f3ae79520488efd3203d3a3ee45ecd8c052247,INCLUDED,当前核心原件；字节复制,01_RL_PPA核心理论/06_验证程序/验证_C11复合次正则.py
output/verify_cdrs_independent_audit.py,3833,b0a01877c079a414ec2402c4983a1d22832f6e84caea21c57be6a631e0ae702a,EXCLUDED,不属最终选定结论的必要脚本；保留对应核心独立验证器,
output/verify_cdrs_native_contact.py,3392,0da0ac5d164506ccd99b011860357608988b8055829f076295b52c9316055c94,EXCLUDED,不属最终选定结论的必要脚本；保留对应核心独立验证器,
output/verify_finite_state_ot_strictness.py,5052,413918ccd90961c7a332b2f5edd19dbb2b6078efda476e065465c18b7591a659,INCLUDED,当前核心原件；字节复制,03_随机与Markov理论/06_验证程序/验证_有限状态OT严格性.py
output/verify_intended_entropy_adaptive.py,6670,f7aff937b8e398ea1c24e0e3c018f5195a6768fa8da44c60220a5b1949997fe5,EXCLUDED,不属最终选定结论的必要脚本；保留对应核心独立验证器,
output/verify_irreducible_multiweak.py,2295,5d21662644583e343b68bd9e449b37390f343457d9724badec9b3d79534ac062,EXCLUDED,不属最终选定结论的必要脚本；保留对应核心独立验证器,
output/verify_markov_conditional_repair.py,4327,6e4f6c5000bf8df5a354f046f221380372d62b72194fafc4b0811f9bdc6c59a3,EXCLUDED,不属最终选定结论的必要脚本；保留对应核心独立验证器,
output/verify_markov_conditional_repair_independent.py,6121,0885b8e0e10060e9c47bc24b7327c18d58c3a3a0eb7d9a627846a4d50e33fc02,INCLUDED,当前核心原件；字节复制,03_随机与Markov理论/06_验证程序/验证_条件残差修复独立复核.py
output/verify_markov_subreg_counterexample.py,5737,e06ee36b2b81fa150f949bccad952b2e23d02dc30e2e2d0982b6b5b4f3b25694,EXCLUDED,不属最终选定结论的必要脚本；保留对应核心独立验证器,
output/verify_momentum_drs_conjecture.py,8290,290ae5ec640d393482f1d2fa34baac6def09cc041507fd9eca719e4c1cbe8cb2,EXCLUDED,不属最终选定结论的必要脚本；保留对应核心独立验证器,
output/verify_multiweak_audit.py,1824,4b276de82baef05ef1256e6ed27a3b680f24eb41ffd695757ea81825abea7c76,EXCLUDED,不属最终选定结论的必要脚本；保留对应核心独立验证器,
output/verify_multiweak_signed_feedback.py,3876,b196ad87b78663bc06a6f121fe730fcd58118f4825e572abd613684ceed34457,EXCLUDED,不属最终选定结论的必要脚本；保留对应核心独立验证器,
output/verify_native_nonproduct_random_proximal.py,1836,1b1ee7af6e7ae35f9c35c5fbc7409365957eefa20fe0d4cfe16df92494f9c55d,INCLUDED,当前核心原件；字节复制,03_随机与Markov理论/06_验证程序/验证_非乘积近端与吸收障碍.py
output/verify_nonlinear_conic_crcq_mscq.py,3618,abb2daa1ac9c13b05201759acb98bfbe562745de54fc03ea20e04fa6386f1355,EXCLUDED,不属最终选定结论的必要脚本；保留对应核心独立验证器,
output/verify_product_cone_crsc_mscq.py,2595,3dfd4bd08699c0a79e4eacfd02c306fbe8d21bd855685054bfa94b6873bb9f76,EXCLUDED,不属最终选定结论的必要脚本；保留对应核心独立验证器,
output/verify_random_proximal_correlation_aware.py,3182,87dbfa24f9191d5f11e3372a50e4bd014c9e1e1eac72ccfc23f63047abf097e0,INCLUDED,当前核心原件；字节复制,03_随机与Markov理论/06_验证程序/验证_随机近端相关性与常数.py
phase2_adversarial_synthesis.md,22735,b9c3beb06b4835bb08b30ae0bef5524c2ceeee06beef5bb2a1ac37dfbcf3b4f7,INCLUDED,当前核心原件；字节复制,01_RL_PPA核心理论/03_判别方法与理论升级/独立接口_对抗综合与作用域.md
phase2_competitor_separation.md,28363,5f79dcee04a16fce8bc4993c7058399d4c7d1842121efc4c00de328511beeed9,INCLUDED,当前核心原件；字节复制,01_RL_PPA核心理论/05_实例与反例/指定竞争证书_分离与退化幸存者.md
phase2_natural_classes.md,23025,abe082412883506ab76bdcc2b653f7971ecacb82205dd7cbe632186c84e8c2c9,INCLUDED,当前核心原件；字节复制,01_RL_PPA核心理论/05_实例与反例/支撑函数与法锥_自然类推导.md
phase2_new_verifiers.md,26147,cb1e2cdfa9ca5657f9a12d0d901c28be42519fab04255a99e1ffd2c60a2678ad,EXCLUDED,中间代理 / 旧排序 / 旁支冗余；当前综合、最终审计及边界摘要优先,
phase2_rl_side_existing.md,28333,c59c50de9eacb37ec343fbc3b8855d252f04c8ea12ac496bbd0aef5bdd1aa445,EXCLUDED,中间代理 / 旧排序 / 旁支冗余；当前综合、最终审计及边界摘要优先,
phase2_root_derivations.md,4827,291c5b79461230d89e9ad33edbec875ff630afea213817bc9d2b99ef6caba433,INCLUDED,当前核心原件；字节复制,01_RL_PPA核心理论/02_核心推导/独立证书组合_第二阶段根推导.md
phase2_subreg_side_existing.md,29897,8eb64cfc9f6fbfba8e2d95ff959957b65209facea26c2d020dc243abd5ed8e15,EXCLUDED,中间代理 / 旧排序 / 旁支冗余；当前综合、最终审计及边界摘要优先,
project_state.yaml,4509,159a12fa7659ddaba07346c57b7ffa568df0a25d8e3ddc343bf697de099b452d,INCLUDED,当前核心原件；字节复制,05_文献证据与来源快照/03_用户提供的原始材料/历史项目状态_不可作为当前验收.yaml
review_inverse_on_master.md,7163,d461d080a1b150ed1f0c55411d8a1a988bf49e5319e414b9f2ed54e68cd161e9,EXCLUDED,中间代理 / 旧排序 / 旁支冗余；当前综合、最终审计及边界摘要优先,
review_inverse_on_nonlinear.md,20102,6edcc6c70dd5f13b551e6c95128104170126dc0d59979c31657c83b965617172,EXCLUDED,中间代理 / 旧排序 / 旁支冗余；当前综合、最终审计及边界摘要优先,
review_monotonicity_on_examples.md,13412,799d1f669bf2ae0c734ceab35d21b2cf6d32a55205dbfe9d70ba2caa5c702c8a,EXCLUDED,中间代理 / 旧排序 / 旁支冗余；当前综合、最终审计及边界摘要优先,
review_monotonicity_on_master.md,19272,8726b1cdb1e8a8f5a880e43fb8de56ae5da6d2c5649a2e99d15d1fa06617a823,EXCLUDED,中间代理 / 旧排序 / 旁支冗余；当前综合、最终审计及边界摘要优先,
review_nonlinear_on_master.md,7447,f7d967ab2a3e804b42faf1f938f71af41bbce148a1b6afa240e5206d7508c702,EXCLUDED,中间代理 / 旧排序 / 旁支冗余；当前综合、最终审计及边界摘要优先,
review_ppa_on_master.md,14995,e225c5bc6d22e3a08301c3d7624f203bf23c36cd7dc618384b4405aec0ba0b09,EXCLUDED,中间代理 / 旧排序 / 旁支冗余；当前综合、最终审计及边界摘要优先,
review_subregularity_final.md,5505,62156eb584d427927e3fc1d134bf2304f10c1f1647c0756a73c877198a772097,EXCLUDED,中间代理 / 旧排序 / 旁支冗余；当前综合、最终审计及边界摘要优先,
review_subregularity_on_master.md,14362,a1f5a05e56fba80ad41e1c758e504f5389579f45f703b190e126b7141964b9c4,EXCLUDED,中间代理 / 旧排序 / 旁支冗余；当前综合、最终审计及边界摘要优先,
smooth_cone_audit_gate.yaml,700,468c0f1a970a4e1cb99bccff12e05684eeb9665373c254c74e5cb9223139feb4,EXCLUDED,中间代理 / 旧排序 / 旁支冗余；当前综合、最终审计及边界摘要优先,
smooth_cone_audit_journal_ledger.csv,798,bd4c410ae260d3177a718d4aeacc286abfcb727b5a20c991086d2ca20e524a63,EXCLUDED,中间代理 / 旧排序 / 旁支冗余；当前综合、最终审计及边界摘要优先,
t4_argument_architecture.md,37249,4bcbd2df860637182885922f81ce9044656e9c5e3879295ff2cc272590b82c9d,EXCLUDED,中间代理 / 旧排序 / 旁支冗余；当前综合、最终审计及边界摘要优先,
t4_literature_argument.md,29154,e5b73c1aa83ce6266895e5912263843acc1c7e45829999af01da0876c50e049e,INCLUDED,当前核心原件；字节复制,01_RL_PPA核心理论/04_证明审计与敌对审稿/理论谱系与贡献边界_文献论证_T4.md
t4_natural_chapter.md,30353,6f33120c347c8a5b58b9b6bac00b720be03980ac4ea4533a1d0f9d4d678efe58,EXCLUDED,中间代理 / 旧排序 / 旁支冗余；当前综合、最终审计及边界摘要优先,
t4_proof_audit.md,33642,11638100ad65607b8a22bb141e8b8dc15a5c93c4e9a3c6389078341bd8d9231a,INCLUDED,当前核心原件；字节复制,01_RL_PPA核心理论/04_证明审计与敌对审稿/定理量词与精确性_独立数学审计_T4.md
t4_reviewer_redteam.md,43146,5c0c211ef0907efb5ace5e3783f69b99574f4ef450ffe112ea1ab469d1b7833e,INCLUDED,当前核心原件；字节复制,01_RL_PPA核心理论/04_证明审计与敌对审稿/核心论证框架_敌对审稿_T4.md
t4_theorem_rescue.md,8454,0aada547bb4fddba1abb121e0cff03e5af55e491bc49eab6d3c6816bb91bddac,INCLUDED,当前核心原件；字节复制,01_RL_PPA核心理论/02_核心推导/核心定理链_补位终审与完整量词.md
t5_compare_recheck_033.md,2640,12840f96c32530b93f82cd279dccfca5459b0e2c595602ec990d4fe3f7c54492,EXCLUDED,中间代理 / 旧排序 / 旁支冗余；当前综合、最终审计及边界摘要优先,
t5_comparison.md,32882,9e64e1ee061ef94dba7f3a73b19bcb18e726d101edc275b76e6764a03df503bf,EXCLUDED,中间代理 / 旧排序 / 旁支冗余；当前综合、最终审计及边界摘要优先,
t5_core_theorem.md,30202,deed144204d7b42a38198d5c8f9204c0a60c8f5a75cfeb952b654b4a9033c2c6,EXCLUDED,中间代理 / 旧排序 / 旁支冗余；当前综合、最终审计及边界摘要优先,
t5_full_audit.md,49100,ab47071ce98cfa35c3af3b4044eb7e3f3e604b9d67715e0cbf9b847e1703e498,EXCLUDED,中间代理 / 旧排序 / 旁支冗余；当前综合、最终审计及边界摘要优先,
t5_merge_comparison_audit.md,15450,bb1ce5865cf164d091c2a6dc34b737cedd0f6e7d20b8aa5dab27d714be6b826e,EXCLUDED,中间代理 / 旧排序 / 旁支冗余；当前综合、最终审计及边界摘要优先,
t5_natural_class.md,34982,3fe4b2def3d7221dc21ff6346e9e45b72e1e7fdd8038b060f86301a2bb778af0,EXCLUDED,中间代理 / 旧排序 / 旁支冗余；当前综合、最终审计及边界摘要优先,
t5_objections.md,33894,7371f444a82fb691a0ef8faa7c2b0a8d408a397b19242965f4f31b81a01a4abf,EXCLUDED,中间代理 / 旧排序 / 旁支冗余；当前综合、最终审计及边界摘要优先,
t5_sharpness.md,33058,b65605915de29c7ae704301fefecd58c1ec3ceb338e48dbfadb00f7a8af0e9dc,EXCLUDED,中间代理 / 旧排序 / 旁支冗余；当前综合、最终审计及边界摘要优先,
tmp/font_test.log,2474,ecb2cfc7093eb1dca66910a5b24e6e4eef7b01e00178c079ff4d2595360464a0,EXCLUDED,tmp/ 全部排除,
tmp/font_test.tex,116,b5e364c049e37c4178e1eb2709baf82a73ca6d05308692980d60600fdc0fd412,EXCLUDED,tmp/ 全部排除,
tmp/make_author_name.py,374,1beaf53479a6a7ecdb42439838e17280234dfa24533f6c00d44aac67be2e9f4c,EXCLUDED,tmp/ 全部排除,
tmp/paper_body.md,95580,88212a5d8336a6bc78b4c1c6a2f3ed9ac8a2c5044a5390f7f2a8868be898b4ae,EXCLUDED,tmp/ 全部排除,
tmp/paper_body.tex,99544,ef540b57910726b910c063d2a48a42989709f5c3aa23297edd8ef3bcc04dab15,EXCLUDED,tmp/ 全部排除,
tmp/pdfs/author_test.png,347,6afbd1d5135d541f05ebf4fcebacdae712586638533246f36628c6209a9fc848,EXCLUDED,tmp/ 全部排除,
tmp/pdfs/conic_v02/end-18.jpg,157805,4dc84ee024e4ef73c903953855ec41bce585fb320f46e1fa2cb394e73edbe0ab,EXCLUDED,tmp/ 全部排除,
tmp/pdfs/conic_v02/end-19.jpg,149381,4857813ffabd46b56973f1fb341341a1ebe3dca5a68636fdee0958ef081ec16f,EXCLUDED,tmp/ 全部排除,
tmp/pdfs/conic_v02/front-01.jpg,137814,dcb9359c8e0b53f1f3f94f1813bdd493850625804783b71e247e77f4c10d2f10,EXCLUDED,tmp/ 全部排除,
tmp/pdfs/conic_v02/front-02.jpg,185401,b6c958d446ff59b0de119effea69dd65d1b6d803e3a23d51990e2c22a3480365,EXCLUDED,tmp/ 全部排除,
tmp/pdfs/conic_v02/mid-09.jpg,172075,500b3104def5077ab0390c924ce674665daa53d012a3e4063eea173f454bb85f,EXCLUDED,tmp/ 全部排除,
tmp/pdfs/conic_v02/mid-10.jpg,146068,4064edc11b34603bb155d78c14317b63e069b5e4f8003c7ff00a6908783dc87c,EXCLUDED,tmp/ 全部排除,
tmp/pdfs/conic_v03/end-19.jpg,169991,76e663916f24a5cecbcc1776a12ba8574528cfba2b7e1dcf1f183c93e5c21e1f,EXCLUDED,tmp/ 全部排除,
tmp/pdfs/conic_v03/end-20.jpg,46687,7305e4b42a0b8db2d9e7a106a39a7e83c19823f1adc6a8a5313d551004d1503c,EXCLUDED,tmp/ 全部排除,
tmp/pdfs/conic_v03/front-01.jpg,134709,c2e6575006fe681da1285969f044a61cfb2da6ce2b477fd51bacd8de127d11eb,EXCLUDED,tmp/ 全部排除,
tmp/pdfs/conic_v03/front-02.jpg,194238,a17388017ced2b3bf8fd0b63257056bab8c528d6384bd5f0d308f72124b302dc,EXCLUDED,tmp/ 全部排除,
tmp/pdfs/conic_v04/page-01.jpg,155284,04c3220d4ef41b6b0e11b8a7461bd70277159cd30ec09d9692aace9693dab187,EXCLUDED,tmp/ 全部排除,
tmp/pdfs/contact-01-10.png,1780761,bfe7bd61be6bac0772b89a81f3d4d20bf57be4cac64e45ad870c462946cbb882,EXCLUDED,tmp/ 全部排除,
tmp/pdfs/contact-11-20.png,660054,e2ee2d45fb6fe5d87cdbbf3fad1117b99be429a49f7e8f2931a815ca6d8a0c4f,EXCLUDED,tmp/ 全部排除,
tmp/pdfs/contact-21-30.png,1783643,ea2756a60a0b0c32d526e2abb489f781078b7d4b3c80dbf29fd070d67a30161a,EXCLUDED,tmp/ 全部排除,
tmp/pdfs/contact-31-40.png,1598546,82bdc154656b468b5ca12f8a5a516486dddfd91e8c39365b43d1f5b521c65b93,EXCLUDED,tmp/ 全部排除,
tmp/pdfs/final-01.png,238594,0d2df73c6a26d03acd9dbd6af3be51236fee8d8eb66f21732423a7cceaea5df9,EXCLUDED,tmp/ 全部排除,
tmp/pdfs/final-02.png,273622,af8e4e7f8542206a8ebd825428f8445ce9d74c5fbdff961a4d7eb5d950e03086,EXCLUDED,tmp/ 全部排除,
tmp/pdfs/final-03.png,277989,744ac06662f9d732baebf73635aa478acf763cb8a26f3d446aa6705bb30feaab,EXCLUDED,tmp/ 全部排除,
tmp/pdfs/final-04.png,206523,450acaa770b42b5e2f25bf1359b12a3e29bfc5c4520af03c2db7545f2b3c2cff,EXCLUDED,tmp/ 全部排除,
tmp/pdfs/final-05.png,281141,97cc4285a76a24bf8c0288812e3e83644da75d54e52f248ab1c6d43c8ed84c9a,EXCLUDED,tmp/ 全部排除,
tmp/pdfs/final-06.png,244497,e03e7aed3b9902a45b77b5b409775ccd1aeb902a748752064a31c12f8e3b395a,EXCLUDED,tmp/ 全部排除,
tmp/pdfs/final-07.png,238754,27371cda220f96c2dd5832abb543d22ee3cc499ea0954e37fbec18dd8520a9d9,EXCLUDED,tmp/ 全部排除,
tmp/pdfs/final-08.png,249041,470426d7deeadc588b140d8fbf5a9f1ef19f3525d4412e5409155906a8213301,EXCLUDED,tmp/ 全部排除,
tmp/pdfs/final-09.png,185419,1a6bed5e0cec2df98a9ef606ca3e8942575049a865a4ecea8c53a48fbf65964a,EXCLUDED,tmp/ 全部排除,
tmp/pdfs/final-10.png,225406,ef386d20d43dbd71e58af88b4cad5e9c012185d109073e05ef4ad07fdae3aafb,EXCLUDED,tmp/ 全部排除,
tmp/pdfs/final-11.png,266449,ff2e88120cccb5c854138f735a860b6d41f8a8e6b27d8f793280ac19e3607bda,EXCLUDED,tmp/ 全部排除,
tmp/pdfs/final-12.png,229078,d3848cd5173878b91f9b43e058a4aa569510b1fbc725499e160d1359dbe032d3,EXCLUDED,tmp/ 全部排除,
tmp/pdfs/final-13.png,200097,da3f3a4ffd72b82aa1c3c1b9c89c2718097bf8d78a7cbab7b51f84a850b99ab2,EXCLUDED,tmp/ 全部排除,
tmp/pdfs/final-14.png,204517,8ab8ecfac728c6f66b8b26568cb57f5c79452592f468c9decd742def4bc72809,EXCLUDED,tmp/ 全部排除,
tmp/pdfs/final-15.png,212427,a26e4b770ccc6bb4a954d002d2e71cacea03fb178765e2a397a10a2ee69c5666,EXCLUDED,tmp/ 全部排除,
tmp/pdfs/final-16.png,254228,97adeda0a7a7f6c09f6704a89500037bb5f2bd15bb604fd9f0b3b5479162d82b,EXCLUDED,tmp/ 全部排除,
tmp/pdfs/final-17.png,224389,0946b690fe861e7477d30dbe381d3794c0b05cbf408b43ea6a5d95765e74e5c2,EXCLUDED,tmp/ 全部排除,
tmp/pdfs/final-18.png,279457,563654fbe59a00944664cc75ac699ddd92418fb606f399cba5910eda3ea1ba62,EXCLUDED,tmp/ 全部排除,
tmp/pdfs/final-19.png,234673,b0e82bad02bda0c1a10967a8d5429b7a8f7a3bfd5b5a7f0a51c107c5264df572,EXCLUDED,tmp/ 全部排除,
tmp/pdfs/final-20.png,194121,62e4a92bb0fcd706efcfa2a783d93a142119cdef04dc6c41dad5b969c7ea5ab0,EXCLUDED,tmp/ 全部排除,
tmp/pdfs/final-21.png,238999,98da5898e5960add80399e2aef9b132424d108505d37954633252719f0d66d5e,EXCLUDED,tmp/ 全部排除,
tmp/pdfs/final-22.png,161303,4ac24b65710c9d1b18a5d4050d26514a543f4c073d5f6fe6ceb4beabb601af4e,EXCLUDED,tmp/ 全部排除,
tmp/pdfs/final-23.png,216685,f637972c358d86c67f36910f73fc5834a49204528b2fdfe3167fe12479fa7f33,EXCLUDED,tmp/ 全部排除,
tmp/pdfs/final-24.png,279933,eb35688e14528f85195b8347bdfae3d86d4ec8941489560ec75a183f1a804a38,EXCLUDED,tmp/ 全部排除,
tmp/pdfs/final-25.png,196771,e29d6f47f56e22e58692b996dd2c2727ab107ac72446d382ee7e841ee63b0c7f,EXCLUDED,tmp/ 全部排除,
tmp/pdfs/final-26.png,227441,c9956efab520e690e8bad0746c608400000336164373ef47c672daa83c6e9d4a,EXCLUDED,tmp/ 全部排除,
tmp/pdfs/final-27.png,244070,c88e3ab8ed3b0ac5015ccb8c24ec9c425fcb44dc10711f920e026479af0da8e8,EXCLUDED,tmp/ 全部排除,
tmp/pdfs/final-28.png,195972,b8a8b79d15e668c072f9c5f13842833ed6bd574603c6676554e96ef247d3b3b0,EXCLUDED,tmp/ 全部排除,
tmp/pdfs/final-29.png,291176,a09f86bcd747fdab20148a83299613e74d0814c6fbb5dc76ea3c5d6c6f6d09d0,EXCLUDED,tmp/ 全部排除,
tmp/pdfs/final-30.png,364663,863ce3424af8a00dee5de3a0ae778cacf8de9a45ebbc84ba16003c0d2e6d04db,EXCLUDED,tmp/ 全部排除,
tmp/pdfs/final-31.png,316939,f4e505ad30b59cb02cab5a1dfc011627303212c631bb02139cab85555a9c5b03,EXCLUDED,tmp/ 全部排除,
tmp/pdfs/final-32.png,300256,7970e437f0462822e5d940b320880cfdc2242d2a210c358c28d0b115e14caecf,EXCLUDED,tmp/ 全部排除,
tmp/pdfs/final-33.png,257088,d7abd259653c1e9b5e1bb05065a86189b61d55d2d734d0188cd9d7f17aa849e6,EXCLUDED,tmp/ 全部排除,
tmp/pdfs/final-34.png,179717,947a940fcbd0e5b89ee83f86c7c475700913a11848d38f6055a2f1f3ccd3ad4e,EXCLUDED,tmp/ 全部排除,
tmp/pdfs/final-35.png,221718,328232066949a647e609df5f32e820f617b01ae9457215df7d67aef77972e3ae,EXCLUDED,tmp/ 全部排除,
tmp/pdfs/final-36.png,233950,443b2f6956822c43fb11ce4385ab5da11f8df41d38f1403f205229b3c786e22a,EXCLUDED,tmp/ 全部排除,
tmp/pdfs/final-37.png,205327,652b47f2b0932f380081fe3a0946a3213941a4ba65089b72a1a91a5101241998,EXCLUDED,tmp/ 全部排除,
tmp/pdfs/final-38.png,305933,570cac8d3e51312fac344299858d1f3b9155fdfccdabb5fceeedf1e37c7f0fbb,EXCLUDED,tmp/ 全部排除,
tmp/pdfs/final-contact-01-10.png,1780724,5351c91719b72ad7ccb50d239324dddcd12def45418d176bbae9d26f87b3164e,EXCLUDED,tmp/ 全部排除,
tmp/pdfs/final-contact-11-20.png,660054,e2ee2d45fb6fe5d87cdbbf3fad1117b99be429a49f7e8f2931a815ca6d8a0c4f,EXCLUDED,tmp/ 全部排除,
tmp/pdfs/final-contact-21-30.png,1783643,ea2756a60a0b0c32d526e2abb489f781078b7d4b3c80dbf29fd070d67a30161a,EXCLUDED,tmp/ 全部排除,
tmp/pdfs/final-contact-31-36.png,1440438,5106badc2226a733e014bfdb8b96a880f14c456dbea23b55f194d7da0a1887d2,EXCLUDED,tmp/ 全部排除,
tmp/pdfs/final-contact-31-38.png,1459757,277a064056ed79466d195fc0faac5deece5a51590e5e163bf1fcd44e6c77cb97,EXCLUDED,tmp/ 全部排除,
tmp/pdfs/final-last.png,408370,083a02ddec18a1bcbcf7fae255492b84000202afa0f7d352ffc7c8065050f3d0,EXCLUDED,tmp/ 全部排除,
tmp/pdfs/review-01.png,206624,de9663346123e63f7383430f3b46aaeceb68e29a613f4f1e395e01b2dc625b7d,EXCLUDED,tmp/ 全部排除,
tmp/pdfs/review-02.png,235182,b986f93d8240b7cbc70f7de0c8b0c92159d72125489b0cd5712e554aced0c9d3,EXCLUDED,tmp/ 全部排除,
tmp/pdfs/review-03.png,241765,d75515cb08a572a78daaf37966fffa51b9a82d0a42751220f6a387edb2fd7537,EXCLUDED,tmp/ 全部排除,
tmp/pdfs/review-04.png,181800,b7edd9b259ed7832e0f26fc735899af73ca8b36148036964e09ab02f75e21e10,EXCLUDED,tmp/ 全部排除,
tmp/pdfs/review-05.png,247512,6208472a47aefa9d096b3d7f7271a10e6caf9a19e2d23177b7ae779c7d07870a,EXCLUDED,tmp/ 全部排除,
tmp/pdfs/review-06.png,213360,0bc9ca3072936129253cd202f75ef531994ae18a3babcc5116d57d207e1bb283,EXCLUDED,tmp/ 全部排除,
tmp/pdfs/review-07.png,204926,17832986ac8805cbaf932839d751cfe5598b10697017d15d5b0a56f0583dafc6,EXCLUDED,tmp/ 全部排除,
tmp/pdfs/review-08.png,214640,e445ff27dca52f81c31ac2307c0fbe312c7fa062609368c6dfb2ccf51d93eb88,EXCLUDED,tmp/ 全部排除,
tmp/pdfs/review-09.png,163638,c3dcb8163de447b1aecc7fdcd883db6c685eb9c5b5c310160b339eab9cacb77e,EXCLUDED,tmp/ 全部排除,
tmp/pdfs/review-10.png,199002,614ef5ae7a85088fcecc953c7852c0b76871548f5f8ab72ae946464a06856b56,EXCLUDED,tmp/ 全部排除,
tmp/pdfs/review-11.png,230723,e9828d74497085b07ae636be67bce6e6e8f3853a3cefddbd9113cd73e9ef38b5,EXCLUDED,tmp/ 全部排除,
tmp/pdfs/review-12.png,200889,b058c6f6db5bdf01abf5537d5b6371218d7d16ce55578c734b8aa94275e26480,EXCLUDED,tmp/ 全部排除,
tmp/pdfs/review-13.png,171613,06e4f5e63e776898c12b242a219c5257915f35be4bcaa8d339c5a8e07cb2cf91,EXCLUDED,tmp/ 全部排除,
tmp/pdfs/review-14.png,180877,35cd8c768af64357b47e49d8f220e5ce94332aa352d987f3f69f086a1ec07230,EXCLUDED,tmp/ 全部排除,
tmp/pdfs/review-15.png,185490,55a33fd8efef2cb3e0315b704785a47de041de67fd3c434fa4ab534625b82b29,EXCLUDED,tmp/ 全部排除,
tmp/pdfs/review-16.png,222684,717f43ca25e00b52ada0f62ffc33de6cf0321ec796c3efa341c394427061ac63,EXCLUDED,tmp/ 全部排除,
tmp/pdfs/review-17.png,194540,750d34eec3d6b2e72b7a6a14074e640b82576219ebaaf51abb2ea14109007d00,EXCLUDED,tmp/ 全部排除,
tmp/pdfs/review-18.png,244331,ec2bbd6b07a62e17e2a4492ab7ae5a58ee83dd0c4858ebf54979f549c174b344,EXCLUDED,tmp/ 全部排除,
tmp/pdfs/review-19.png,210143,acfb03e21dcf0f3a53f1241f0722d56cc588b66f74786cac55f008bf07f37e66,EXCLUDED,tmp/ 全部排除,
tmp/pdfs/review-20.png,167965,c45aec6327a6aa7836bc8fb9f5d61c69ad87b2516b5bdcafdf062c6831ff7b26,EXCLUDED,tmp/ 全部排除,
tmp/pdfs/review-21.png,205663,3feb527ad11b71c1456998752be5788731301fc680feff6cf15842e87ad33afb,EXCLUDED,tmp/ 全部排除,
tmp/pdfs/review-22.png,137796,7b3773d387fc56dc23de2438b8aa79e8776306a718919d4a85c306a0987a1972,EXCLUDED,tmp/ 全部排除,
tmp/pdfs/review-23.png,187740,eb0c5f631e5dc4e64b4353ddd5ffc2a274378f4788e08dbea78726d4f5f4ee44,EXCLUDED,tmp/ 全部排除,
tmp/pdfs/review-24.png,240463,99e21b8f5898dbb1105313d069ffdc1b49d580035d07f34fe9eaea545083350f,EXCLUDED,tmp/ 全部排除,
tmp/pdfs/review-25.png,173682,d0c239cc3b8cf48a8f919eb99c87d798728264953438cc0d4541f6bf0953dce8,EXCLUDED,tmp/ 全部排除,
tmp/pdfs/review-26.png,199833,533317668ac62adccba520c46fe7b6f8458a93da3b05547b54e54912b6164b5e,EXCLUDED,tmp/ 全部排除,
tmp/pdfs/review-27.png,213301,57d617cbffbf778a21e6ea773897c910662dc7da51fea8cb3afd4a9582098703,EXCLUDED,tmp/ 全部排除,
tmp/pdfs/review-28.png,170401,407ad5edbd56fcd76dab5cd46d4a7bf1190d688f64f86e7ae27e8908e08c3435,EXCLUDED,tmp/ 全部排除,
tmp/pdfs/review-29.png,258048,b03d59a77845a886cd7e778f44efc00a6dcaba4133a2521a88dbf9466e335025,EXCLUDED,tmp/ 全部排除,
tmp/pdfs/review-30.png,323994,9c4a78aecd12157d931700f4c9ab6390cbc1fe1671a2a7d44dac5f7316dda57b,EXCLUDED,tmp/ 全部排除,
tmp/pdfs/review-31.png,284549,93929d21817d8a65c694c4eea29e06beeb7f1cf561f3abb1269534b0f2916961,EXCLUDED,tmp/ 全部排除,
tmp/pdfs/review-32.png,264531,d5a156ec1e36f715ae8fa63edd246b38fae44de5dbe661231b496973df675ac9,EXCLUDED,tmp/ 全部排除,
tmp/pdfs/review-33.png,228123,4ac8d487c1dfd7a08a35bad726c2f73f69cd884bc63cd0e02ad27e05aa784c04,EXCLUDED,tmp/ 全部排除,
tmp/pdfs/review-34.png,142748,6e5c7aee0df24c468fb2b194096db84534b6349190c9e549515a662c35e4b659,EXCLUDED,tmp/ 全部排除,
tmp/pdfs/review-35.png,196534,70b80a44a77b38236792cef3b4d95cf9184700d7bb5895839528bc9ca41584b4,EXCLUDED,tmp/ 全部排除,
tmp/pdfs/review-36.png,199325,ec8e058e766ea1cd518e4b4d96b106cdfb40b3b661718fbd376f8122cb2e5437,EXCLUDED,tmp/ 全部排除,
tmp/pdfs/review-37.png,175118,57b7097db988f12d5b1516bb125c2cb93a9d4aa4812b20f408286cdcc2619bb6,EXCLUDED,tmp/ 全部排除,
tmp/pdfs/review-38.png,282082,9a9a721cdcab9f14209747450e5d92cd3f8dcf463ce3603c55851bc8c6286f2e,EXCLUDED,tmp/ 全部排除,
tmp/pdfs/review-39.png,21724,a9bedf4459415e5dfc850ba721629c195ecd5c0823ba9076d01d32815282e5e0,EXCLUDED,tmp/ 全部排除,
tmp/pdfs/review-contact-01-10.png,1481374,be2418dcc4d47469b383957d996a31b2bc05d3a9a1ff2aafe4abdffb25c4bebf,EXCLUDED,tmp/ 全部排除,
tmp/pdfs/review-contact-11-20.png,555432,3ddd1f8d3c601ca1fc243b652658a1334b4b475c651e6d7e86a30d78ff4e7643,EXCLUDED,tmp/ 全部排除,
tmp/pdfs/review-contact-21-30.png,1491654,c64f8a1284f1c9b9bae419fab790cbf5f840720dbbb5930020b1ea8402fb550d,EXCLUDED,tmp/ 全部排除,
tmp/pdfs/review-contact-31-39.png,1235217,9134c1983b5f638c8c4e1ed0c6be17ee79f344de4c892d37afff649951951001,EXCLUDED,tmp/ 全部排除,
tmp/pdfs/rlppa-01.png,238594,0d2df73c6a26d03acd9dbd6af3be51236fee8d8eb66f21732423a7cceaea5df9,EXCLUDED,tmp/ 全部排除,
tmp/pdfs/rlppa-02.png,273379,6b6ba973c3e68584872b8e1ff259d5418711250c9b1ad96b3a763529b865baef,EXCLUDED,tmp/ 全部排除,
tmp/pdfs/rlppa-03.png,278785,bd9be9cd686b3e60d8de778c6303cd27183dde3305670aced61c070435621f48,EXCLUDED,tmp/ 全部排除,
tmp/pdfs/rlppa-04.png,206523,450acaa770b42b5e2f25bf1359b12a3e29bfc5c4520af03c2db7545f2b3c2cff,EXCLUDED,tmp/ 全部排除,
tmp/pdfs/rlppa-05.png,281141,97cc4285a76a24bf8c0288812e3e83644da75d54e52f248ab1c6d43c8ed84c9a,EXCLUDED,tmp/ 全部排除,
tmp/pdfs/rlppa-06.png,244497,e03e7aed3b9902a45b77b5b409775ccd1aeb902a748752064a31c12f8e3b395a,EXCLUDED,tmp/ 全部排除,
tmp/pdfs/rlppa-07.png,238754,27371cda220f96c2dd5832abb543d22ee3cc499ea0954e37fbec18dd8520a9d9,EXCLUDED,tmp/ 全部排除,
tmp/pdfs/rlppa-08.png,249668,efec9e524bead295e3d71bf90914ac17e005f1165eebcb46c9b34a970fbbd89d,EXCLUDED,tmp/ 全部排除,
tmp/pdfs/rlppa-09.png,185419,1a6bed5e0cec2df98a9ef606ca3e8942575049a865a4ecea8c53a48fbf65964a,EXCLUDED,tmp/ 全部排除,
tmp/pdfs/rlppa-10.png,225406,ef386d20d43dbd71e58af88b4cad5e9c012185d109073e05ef4ad07fdae3aafb,EXCLUDED,tmp/ 全部排除,
tmp/pdfs/rlppa-11.png,266449,ff2e88120cccb5c854138f735a860b6d41f8a8e6b27d8f793280ac19e3607bda,EXCLUDED,tmp/ 全部排除,
tmp/pdfs/rlppa-12.png,229078,d3848cd5173878b91f9b43e058a4aa569510b1fbc725499e160d1359dbe032d3,EXCLUDED,tmp/ 全部排除,
tmp/pdfs/rlppa-13.png,200097,da3f3a4ffd72b82aa1c3c1b9c89c2718097bf8d78a7cbab7b51f84a850b99ab2,EXCLUDED,tmp/ 全部排除,
tmp/pdfs/rlppa-14.png,204517,8ab8ecfac728c6f66b8b26568cb57f5c79452592f468c9decd742def4bc72809,EXCLUDED,tmp/ 全部排除,
tmp/pdfs/rlppa-15.png,212427,a26e4b770ccc6bb4a954d002d2e71cacea03fb178765e2a397a10a2ee69c5666,EXCLUDED,tmp/ 全部排除,
tmp/pdfs/rlppa-16.png,254228,97adeda0a7a7f6c09f6704a89500037bb5f2bd15bb604fd9f0b3b5479162d82b,EXCLUDED,tmp/ 全部排除,
tmp/pdfs/rlppa-17.png,224389,0946b690fe861e7477d30dbe381d3794c0b05cbf408b43ea6a5d95765e74e5c2,EXCLUDED,tmp/ 全部排除,
tmp/pdfs/rlppa-18.png,279457,563654fbe59a00944664cc75ac699ddd92418fb606f399cba5910eda3ea1ba62,EXCLUDED,tmp/ 全部排除,
tmp/pdfs/rlppa-19.png,234673,b0e82bad02bda0c1a10967a8d5429b7a8f7a3bfd5b5a7f0a51c107c5264df572,EXCLUDED,tmp/ 全部排除,
tmp/pdfs/rlppa-20.png,194121,62e4a92bb0fcd706efcfa2a783d93a142119cdef04dc6c41dad5b969c7ea5ab0,EXCLUDED,tmp/ 全部排除,
tmp/pdfs/rlppa-21.png,238999,98da5898e5960add80399e2aef9b132424d108505d37954633252719f0d66d5e,EXCLUDED,tmp/ 全部排除,
tmp/pdfs/rlppa-22.png,161303,4ac24b65710c9d1b18a5d4050d26514a543f4c073d5f6fe6ceb4beabb601af4e,EXCLUDED,tmp/ 全部排除,
tmp/pdfs/rlppa-23.png,216685,f637972c358d86c67f36910f73fc5834a49204528b2fdfe3167fe12479fa7f33,EXCLUDED,tmp/ 全部排除,
tmp/pdfs/rlppa-24.png,279933,eb35688e14528f85195b8347bdfae3d86d4ec8941489560ec75a183f1a804a38,EXCLUDED,tmp/ 全部排除,
tmp/pdfs/rlppa-25.png,196771,e29d6f47f56e22e58692b996dd2c2727ab107ac72446d382ee7e841ee63b0c7f,EXCLUDED,tmp/ 全部排除,
tmp/pdfs/rlppa-26.png,227441,c9956efab520e690e8bad0746c608400000336164373ef47c672daa83c6e9d4a,EXCLUDED,tmp/ 全部排除,
tmp/pdfs/rlppa-27.png,244070,c88e3ab8ed3b0ac5015ccb8c24ec9c425fcb44dc10711f920e026479af0da8e8,EXCLUDED,tmp/ 全部排除,
tmp/pdfs/rlppa-28.png,195972,b8a8b79d15e668c072f9c5f13842833ed6bd574603c6676554e96ef247d3b3b0,EXCLUDED,tmp/ 全部排除,
tmp/pdfs/rlppa-29.png,291176,a09f86bcd747fdab20148a83299613e74d0814c6fbb5dc76ea3c5d6c6f6d09d0,EXCLUDED,tmp/ 全部排除,
tmp/pdfs/rlppa-30.png,364663,863ce3424af8a00dee5de3a0ae778cacf8de9a45ebbc84ba16003c0d2e6d04db,EXCLUDED,tmp/ 全部排除,
tmp/pdfs/rlppa-31.png,316939,f4e505ad30b59cb02cab5a1dfc011627303212c631bb02139cab85555a9c5b03,EXCLUDED,tmp/ 全部排除,
tmp/pdfs/rlppa-32.png,207901,69d78f018e3d2099ee837b092f6846ff142f55a8ea7442fe02ef493da5248ce9,EXCLUDED,tmp/ 全部排除,
tmp/pdfs/rlppa-33.png,194688,47d85b6a2b13158884ff1fd4d15b671df521cbd803d8ce7d682e870e60d904b4,EXCLUDED,tmp/ 全部排除,
tmp/pdfs/rlppa-34.png,215999,25093d23db3baf6f0a9183f58acce0d3dc2dc36b555d2fc9cf3fdd911f69511b,EXCLUDED,tmp/ 全部排除,
tmp/pdfs/rlppa-35.png,179787,bd6181087ffeb54c0f641079d921858ac473da3c37e3a33b99c8fc7146b0fe0a,EXCLUDED,tmp/ 全部排除,
tmp/pdfs/rlppa-36.png,168567,e91605a6121c8c1ccea4ef589ff96161d3302e5fcf7c3d9160d2a30e538f5519,EXCLUDED,tmp/ 全部排除,
tmp/pdfs/rlppa-37.png,213225,475a6db0b052b937c7116d3e058d76b3d3a01300bacb28dae1dee26ede9a23e6,EXCLUDED,tmp/ 全部排除,
tmp/pdfs/rlppa-38.png,233937,ff899b74ad784e99017511f4d1e182f63d5e68e8d159a953277d72a8e734c019,EXCLUDED,tmp/ 全部排除,
tmp/pdfs/rlppa-39.png,205701,4c1c82c6e79c0ae6150a98145126e9c5b0787c047d1e2e9911cf4fd8e92c63fe,EXCLUDED,tmp/ 全部排除,
tmp/pdfs/rlppa-40.png,305813,2365c9d71124f8ad012ee15cfbac2bde33005de8d1caac3f5546b69aa054410a,EXCLUDED,tmp/ 全部排除,
tmp/render_glyphwiki_author.py,1879,392e7e1d1bf8a14a14285bac1a452e2295ce701761e0df457527123ae1c2fd57,EXCLUDED,tmp/ 全部排除,
tmp/rl_ppa_template.tex,5741,920937169531cd0d5a149374884170896a772dcdca567db06d79435559db8315,EXCLUDED,tmp/ 全部排除,
tmp/rlppa-build1.log,6049,e856528046a94b9bae06b69651a2dd6874126302a47f33ba35568105239c60d6,EXCLUDED,tmp/ 全部排除,
tmp/rlppa-build2.log,6049,e856528046a94b9bae06b69651a2dd6874126302a47f33ba35568105239c60d6,EXCLUDED,tmp/ 全部排除,
tmp/texsys.aux,18,09c7cf80caf07f8637619f82318a58b60b49d942e256e12df88e60728872ad24,EXCLUDED,tmp/ 全部排除,
tmp/xelatex.fmt,9048742,af875d8acefa1359b48a925ae5475f70a37321334900862f5b01497ecd496013,EXCLUDED,tmp/ 全部排除,
tmp/xelatex.log,43759,bf1aae29f2e537a65b57614a50d231a2feeb98dbea40ea05ac54fcf0162a9d28,EXCLUDED,tmp/ 全部排除,
upload/01-OPEN_PROBLEMS_REGULARITY.md,34533,3e0c9aca101d5165f7cd4f0e2db7824933a77e4a2aaf1ec5d61769c752d2471c,INCLUDED,当前核心原件；字节复制,04_公开问题与未来攻关/01_原始公开问题/正则性公开问题_用户原始材料.md
upload/01-OPEN_PROBLEMS_STRUCTURED_OPERATORS.md,40685,646ab1a29819c8b6a96dff9508082e1e264632226241a1efe7c1366d555fad3b,INCLUDED,当前核心原件；字节复制,04_公开问题与未来攻关/01_原始公开问题/结构化算子公开问题_用户原始材料.md
upload/01-RL_PPA_T5_core_manuscript_2026-09-07.md,99264,8bc3d4906f9d28ca349aad1df068eb8d5f9272d65bb731346f0949f63b9975e9,INCLUDED,当前核心原件；字节复制,01_RL_PPA核心理论/01_论文主稿/RL核心数学合稿_T5_2026-09-07.md
verify_B1_proxconvex.md,15690,455a0d918bd7c829c4be2b63e9c4dbd57b338e5df0700f0da1302427fd89f748,EXCLUDED,中间代理 / 旧排序 / 旁支冗余；当前综合、最终审计及边界摘要优先,
verify_B2_warped.md,16853,d520c52b36b0a7f712d4cb558bb998e473a6b0cb54dd6037d9a4329eb3b7a57a,EXCLUDED,中间代理 / 旧排序 / 旁支冗余；当前综合、最终审计及边界摘要优先,
verify_B3_nonzero_rho.md,16775,7a4075eafc13844734019ad95351c5992bb85f725a7a99dca48e2d0ea7b3e09b,EXCLUDED,中间代理 / 旧排序 / 旁支冗余；当前综合、最终审计及边界摘要优先,
verify_B4_nonconvex_zero.md,21567,eaf3da97e6c901848351d2bc758b2bb1ae1059ae20ccc3c0f8a0810f5ff7c1d4,EXCLUDED,中间代理 / 旧排序 / 旁支冗余；当前综合、最终审计及边界摘要优先,
verify_B4_numeric.py,2583,77672a5ac7db8ada244e4503f36204e29ef39dc6cfd6f9548f1cd7fd10c818f4,EXCLUDED,不属最终选定结论的必要脚本；保留对应核心独立验证器,
verify_B5_inexact.md,25277,e794d340c01f7ff6bf48f82d4c397523e3273ce458582e11a3f6654fc048f0a9,EXCLUDED,中间代理 / 旧排序 / 旁支冗余；当前综合、最终审计及边界摘要优先,
verify_B6_shortlist.md,17709,6954dd57c877979ac7bc74b1efe546b57cca191fb846c7bb95e5a6659892ff8c,EXCLUDED,中间代理 / 旧排序 / 旁支冗余；当前综合、最终审计及边界摘要优先,
